family,strategy,seed,n_train,width,params,lr,weight_decay,step,epochs,examples_seen,train_loss,train_acc,val_loss,val_acc,l2_norm_sq,regularizer_loss,train_total_loss_reported,val_total_loss_reported,elapsed_s
mnist_mlp,scratch,0,8192,45,9325,0.003,0.01,96,3.0,24576,0.25754188373684883,0.9237060546875,0.3042342041015625,0.908,97.67036372423172,0.4883518186211586,0.7458937023580074,0.792586022722721,0.16141661900019244
mnist_mlp,scratch,0,8192,64,13258,0.003,3e-05,96,3.0,24576,0.22811967507004738,0.9307861328125,0.2797641357421875,0.9146,111.33811770379543,0.0016700717655569316,0.2297897468356043,0.28143420750774445,0.1628627129994129
mnist_mlp,scratch,0,8192,64,13258,0.003,0.0,96,3.0,24576,0.2281186804175377,0.9307861328125,0.27976378173828126,0.9146,111.33929339796305,0.0,0.2281186804175377,0.27976378173828126,0.1775834219997705
mnist_mlp,scratch,0,8192,64,13258,0.003,1e-05,96,3.0,24576,0.2281194031238556,0.9307861328125,0.2797640563964844,0.9146,111.33838166296482,0.0005566919083148242,0.2286760950321704,0.2803207483047992,0.16339507900011085
mnist_mlp,scratch,2,8192,128,26506,0.003,0.0003,96,3.0,24576,0.18272648379206657,0.944580078125,0.2553093658447266,0.9248,161.59664579480886,0.024239496869221326,0.2069659806612879,0.2795488627139479,0.21580571600134135
mnist_mlp,scratch,2,8192,128,26506,0.003,0.001,96,3.0,24576,0.1827409267425537,0.9444580078125,0.25532351684570315,0.9248,161.56331588700414,0.08078165794350207,0.26352258468605577,0.3361051747892052,0.21454469299897028
mnist_mlp,scratch,2,8192,128,26506,0.003,0.003,96,3.0,24576,0.1827949732542038,0.9442138671875,0.25533494567871096,0.9248,161.44835417717695,0.24217253126576543,0.42496750451996923,0.4975074769444764,0.21210103199882724
mnist_mlp,scratch,2,8192,128,26506,0.003,0.01,96,3.0,24576,0.18294807896018028,0.9442138671875,0.2553055114746094,0.925,161.1047708503902,0.8055238542519509,0.9884719332121312,1.0608293657265604,0.21590352800012624
mnist_mlp,scratch,0,8192,64,13258,0.003,0.0001,96,3.0,24576,0.2281213402748108,0.9307861328125,0.2797647735595703,0.9146,111.33608450740576,0.005566804225370288,0.23368814450018108,0.2853315777849406,0.16201575200011575
mnist_mlp,scratch,2,8192,64,13258,0.003,0.001,96,3.0,24576,0.22133730351924896,0.93115234375,0.27258897094726564,0.917,113.52245941385627,0.05676122970692814,0.2780985332261771,0.3293502006541938,0.17464762700001302
mnist_mlp,scratch,2,8192,64,13258,0.003,0.003,96,3.0,24576,0.22139615565538406,0.93115234375,0.2726257049560547,0.917,113.46627487614751,0.17019941231422125,0.3915955679696053,0.44282511727027596,0.17543966000084765
mnist_mlp,scratch,2,8192,64,13258,0.003,0.01,96,3.0,24576,0.22158902883529663,0.9310302734375,0.27271463928222656,0.9166,113.21168540045619,0.5660584270022809,0.7876474558375776,0.8387730662845074,0.17753007600003912
mnist_mlp,scratch,0,8192,45,9325,0.003,1e-05,96,3.0,24576,0.25728535652160645,0.9237060546875,0.3041505065917969,0.908,97.95287764817476,0.0004897643882408739,0.25777512090984733,0.30464027098003776,0.17719310199936444
mnist_mlp,scratch,0,8192,32,6634,0.003,1e-05,96,3.0,24576,0.29571275413036346,0.9114990234375,0.33524027099609377,0.8966,81.82035947591066,0.0004091017973795534,0.29612185592774304,0.33564937279347334,0.1671371080001336
mnist_mlp,scratch,0,8192,32,6634,0.003,0.001,96,3.0,24576,0.2957417890429497,0.911376953125,0.3352577026367187,0.8966,81.8005854934454,0.0409002927467227,0.33664208178967236,0.3761579953834414,0.14820806500028993
mnist_mlp,scratch,0,8192,32,6634,0.003,0.003,96,3.0,24576,0.29580802470445633,0.9112548828125,0.335279345703125,0.8966,81.76090844720602,0.12264136267080904,0.4184493873752654,0.45792070837393406,0.14785609000045952
mnist_mlp,scratch,0,8192,32,6634,0.003,0.01,96,3.0,24576,0.296007975935936,0.9114990234375,0.33530477294921873,0.8962,81.59676273167133,0.4079838136583567,0.7039917895942926,0.7432885866075754,0.14724447499975213
mnist_mlp,scratch,0,8192,32,6634,0.003,3e-05,96,3.0,24576,0.29571302980184555,0.9114990234375,0.33524041137695315,0.8966,81.82018814235926,0.0012273028221353888,0.29694033262398095,0.33646771419908855,0.16537737699945865
mnist_mlp,scratch,0,8192,64,13258,0.003,3e-06,96,3.0,24576,0.2281186804175377,0.9307861328125,0.27976378173828126,0.9146,111.33929339796305,0.00016700894009694458,0.22828568935763463,0.2799307906783782,0.1790071559998978
mnist_mlp,scratch,0,8192,181,37477,0.003,1e-05,96,3.0,24576,0.16792966797947884,0.950927734375,0.23685298461914062,0.9288,192.2179877460003,0.0009610899387300015,0.16889075791820884,0.23781407455787062,0.20817307000015717
mnist_mlp,scratch,0,8192,181,37477,0.003,3e-05,96,3.0,24576,0.16792984679341316,0.950927734375,0.23685294799804688,0.9288,192.21734050661325,0.002883260107599199,0.17081310690101237,0.23973620810564608,0.22249332400042476
mnist_mlp,scratch,0,8192,181,37477,0.003,0.0,96,3.0,24576,0.16792912408709526,0.950927734375,0.2368530487060547,0.9288,192.21982161700726,0.0,0.16792912408709526,0.2368530487060547,0.21729081099965697
mnist_mlp,scratch,2,8192,91,18847,0.003,0.01,96,3.0,24576,0.20279359444975853,0.939208984375,0.2630435699462891,0.9206,136.03430604189634,0.6801715302094817,0.8829651246592403,0.9432151001557708,0.2109941050002817
mnist_mlp,scratch,2,8192,91,18847,0.003,0.03,96,3.0,24576,0.20330417901277542,0.938720703125,0.26311815490722656,0.9206,135.24739119410515,2.028710867911577,2.2320150469243525,2.2918290228188036,0.20422489600059635
mnist_mlp,scratch,2,8192,128,26506,0.003,0.0,96,3.0,24576,0.18272070586681366,0.9444580078125,0.25532452392578125,0.9248,161.60726562142372,0.0,0.18272070586681366,0.25532452392578125,0.22020610699837562
mnist_mlp,scratch,0,8192,181,37477,0.003,0.0003,96,3.0,24576,0.1679229885339737,0.950927734375,0.23683707275390625,0.9288,192.1956105902791,0.028829341588541862,0.19675233012251556,0.2656664143424481,0.21044269899994106
mnist_mlp,scratch,0,8192,181,37477,0.003,0.001,96,3.0,24576,0.16792211681604385,0.9510498046875,0.23678353576660155,0.929,192.16348815336823,0.09608174407668411,0.264003860892728,0.3328652798432857,0.2172027220003656
mnist_mlp,scratch,0,8192,181,37477,0.003,0.003,96,3.0,24576,0.16793470829725266,0.9508056640625,0.2368036590576172,0.929,192.0063043795526,0.2880094565693289,0.45594416486658157,0.5248131156269461,0.23291363299995282
mnist_mlp,scratch,0,8192,181,37477,0.003,0.0001,96,3.0,24576,0.1679295189678669,0.950927734375,0.23684234619140626,0.9288,192.21477632969618,0.00961073881648481,0.1775402577843517,0.24645308500789107,0.21034844899986638
mnist_mlp,scratch,0,8192,128,26506,0.003,0.01,96,3.0,24576,0.18436146527528763,0.9449462890625,0.24130352783203124,0.9244,158.27223675139248,0.7913611837569624,0.97572264903225,1.0326647115889935,0.18736719800017454
mnist_mlp,scratch,0,8192,128,26506,0.003,0.03,96,3.0,24576,0.18475684896111488,0.9449462890625,0.2414060272216797,0.9242,157.31527337618172,2.359729100642726,2.544485949603841,2.6011351278644055,0.20409859800020058
mnist_mlp,scratch,1,8192,256,53002,0.003,0.0003,96,3.0,24576,0.15000147745013237,0.9564208984375,0.23348404235839842,0.933,240.8984956406057,0.03613477434609085,0.18613625179622323,0.2696188167044893,0.3804109980010253
mnist_mlp,scratch,1,8192,256,53002,0.003,0.001,96,3.0,24576,0.149994395673275,0.9564208984375,0.2334630889892578,0.933,240.84482651762664,0.12042241325881332,0.2704168089320883,0.35388550224807114,0.2999863599998207
mnist_mlp,scratch,1,8192,256,53002,0.003,0.003,96,3.0,24576,0.15003876388072968,0.95654296875,0.2335294677734375,0.933,240.66615983098745,0.3609992397464812,0.5110380036272109,0.5945287075199187,0.22843364599975757
mnist_mlp,scratch,1,8192,256,53002,0.003,0.01,96,3.0,24576,0.1501268707215786,0.956787109375,0.2334738800048828,0.9328,240.14412452839315,1.2007206226419658,1.3508474933635444,1.4341945026468486,0.23321606399986194
mnist_mlp,scratch,1,8192,256,53002,0.003,1e-05,96,3.0,24576,0.1499975025653839,0.9564208984375,0.233478125,0.933,240.9333301652223,0.0012046666508261116,0.15120216921621002,0.23468279165082612,0.20852350200038927
mnist_mlp,scratch,1,8192,256,53002,0.003,0.03,96,3.0,24576,0.15047942101955414,0.9564208984375,0.23320076599121095,0.9326,238.44852064177394,3.576727809626609,3.727207230646163,3.80992857561782,0.23087670800123306
mnist_mlp,scratch,2,8192,256,53002,0.003,0.001,96,3.0,24576,0.153568334877491,0.953857421875,0.24569805297851563,0.926,238.00105921830982,0.11900052960915491,0.2725688644866459,0.3646985825876705,0.24540399900070042
mnist_mlp,scratch,2,8192,256,53002,0.003,0.01,96,3.0,24576,0.15372373536229134,0.9539794921875,0.24558268432617186,0.926,237.20493938587606,1.1860246969293804,1.3397484322916717,1.4316073812555523,0.22278343700054393
mnist_mlp,scratch,2,8192,256,53002,0.003,0.03,96,3.0,24576,0.1541258506476879,0.9534912109375,0.24543496398925782,0.9256,235.48688106797636,3.532303216019645,3.686429066667333,3.7777381800089027,0.24152080699968792
mnist_mlp,scratch,1,8192,181,37477,0.003,0.0001,96,3.0,24576,0.17208250984549522,0.947509765625,0.2428373748779297,0.9278,193.01228170841932,0.009650614085420967,0.1817331239309162,0.2524879889633507,0.1928540820008493
mnist_mlp,scratch,1,8192,181,37477,0.003,0.0003,96,3.0,24576,0.17209959775209427,0.947509765625,0.24283790588378906,0.9278,192.9976400025189,0.028949646000377832,0.2010492437524721,0.2717875518841669,0.20062572799906775
mnist_mlp,scratch,1,8192,181,37477,0.003,0.001,96,3.0,24576,0.17212218046188354,0.947509765625,0.24286937866210936,0.9278,192.95632369071245,0.09647816184535622,0.2686003423072398,0.3393475405074656,0.2187259570000606
mnist_mlp,scratch,1,8192,181,37477,0.003,1e-06,96,3.0,24576,0.17208075150847435,0.947509765625,0.24283854675292968,0.9278,193.01895339228213,9.650947669614106e-05,0.1721772609851705,0.24293505622962583,0.19972300400149834
mnist_mlp,scratch,1,8192,181,37477,0.003,0.003,96,3.0,24576,0.17215660586953163,0.947509765625,0.2428316650390625,0.9278,192.8313622586429,0.28924704338796436,0.461403649257496,0.5320787084270269,0.1949400390003575
mnist_mlp,scratch,1,8192,181,37477,0.003,0.01,96,3.0,24576,0.17229216918349266,0.947509765625,0.24295912170410155,0.9278,192.366568043828,0.9618328402191401,1.1341250094026327,1.2047919619232417,0.20001130099990405
mnist_mlp,scratch,2,8192,91,18847,0.003,0.003,96,3.0,24576,0.20264634490013123,0.9388427734375,0.26308419189453125,0.9206,136.32418923825026,0.20448628385737538,0.4071326287575066,0.46757047575190663,0.21252052900126728
mnist_mlp,scratch,1,8192,181,37477,0.003,0.03,96,3.0,24576,0.17257193475961685,0.947265625,0.24276400451660157,0.9278,191.11121687665582,2.8666682531498373,3.039240187909454,3.109432257666439,0.20161885500056087
mnist_mlp,scratch,1,8192,256,53002,0.003,0.0,96,3.0,24576,0.14999699592590332,0.9564208984375,0.2334782257080078,0.933,240.9357768446207,0.0,0.14999699592590332,0.2334782257080078,0.21896126800129423
mnist_mlp,scratch,1,8192,256,53002,0.003,1e-06,96,3.0,24576,0.14999699592590332,0.9564208984375,0.2334782257080078,0.933,240.9357768446207,0.00012046788842231035,0.15011746381432564,0.23359869359643012,0.2305676489995676
mnist_mlp,scratch,1,8192,256,53002,0.003,3e-06,96,3.0,24576,0.14999699592590332,0.9564208984375,0.2334782257080078,0.933,240.9357768446207,0.00036140366526693106,0.15035839959117026,0.23383962937327474,0.20886659499956295
mnist_mlp,scratch,1,8192,256,53002,0.003,3e-05,96,3.0,24576,0.1499967910349369,0.9564208984375,0.23348101196289062,0.933,240.92499877884984,0.0036138749816827477,0.15361066601661966,0.23709488694457337,0.22278935199938132
mnist_mlp,scratch,1,8192,256,53002,0.003,0.0001,96,3.0,24576,0.1499970778822899,0.9564208984375,0.2334810302734375,0.933,240.91664533689618,0.01204583226684481,0.1620429101491347,0.2455268625402823,0.30798625399984303
mnist_mlp,scratch,0,8192,181,37477,0.003,1e-06,96,3.0,24576,0.16792912408709526,0.950927734375,0.2368530487060547,0.9288,192.21982161700726,9.610991080850362e-05,0.16802523399790376,0.2369491586168632,0.2106236039999203
mnist_mlp,scratch,0,8192,181,37477,0.003,3e-06,96,3.0,24576,0.16792912408709526,0.950927734375,0.2368530487060547,0.9288,192.21982161700726,0.0002883297324255109,0.16821745381952077,0.2371413784384802,0.21320689099957235
mnist_mlp,scratch,1,8192,128,26506,0.003,0.0003,96,3.0,24576,0.1872226484119892,0.944091796875,0.24957053527832032,0.924,162.79004837572575,0.02441850725635886,0.21164115566834807,0.2739890425346792,0.1746659060008824
mnist_mlp,scratch,1,8192,128,26506,0.003,0.001,96,3.0,24576,0.18723975867033005,0.944091796875,0.24956997375488282,0.924,162.75673008337617,0.08137836504168809,0.26861812371201815,0.33094833879657093,0.20390315300028306
mnist_mlp,scratch,1,8192,128,26506,0.003,0.003,96,3.0,24576,0.18728255853056908,0.944091796875,0.24960210571289063,0.9242,162.63840524107218,0.24395760786160828,0.4312401663921773,0.4935597135744989,0.18627881399879698
mnist_mlp,scratch,1,8192,128,26506,0.003,0.01,96,3.0,24576,0.1874360293149948,0.9442138671875,0.24959745178222656,0.924,162.2945599295199,0.8114727996475994,0.9989088289625943,1.061070251429826,0.1752932340004918
mnist_mlp,scratch,1,8192,128,26506,0.003,0.03,96,3.0,24576,0.1878911294043064,0.9443359375,0.24967984313964844,0.9238,161.29019805416465,2.4193529708124695,2.607244100216776,2.6690328139521178,0.17560844699983136
mnist_mlp,scratch,1,8192,181,37477,0.003,0.0,96,3.0,24576,0.17208075150847435,0.947509765625,0.24283854675292968,0.9278,193.01895339228213,0.0,0.17208075150847435,0.24283854675292968,0.19509206700058712
mnist_mlp,scratch,2,8192,256,53002,0.003,3e-05,96,3.0,24576,0.15355109795928001,0.9539794921875,0.2456945526123047,0.9262,238.0798677308485,0.0035711980159627275,0.15712229597524274,0.24926575062826742,0.24203166400002374
mnist_mlp,scratch,2,8192,256,53002,0.003,0.0001,96,3.0,24576,0.15355128422379494,0.9539794921875,0.24569188232421876,0.9262,238.0723541583866,0.01190361770791933,0.16545490193171428,0.2575955000321381,0.23179643799994665
mnist_mlp,scratch,2,8192,256,53002,0.003,0.003,96,3.0,24576,0.15359386801719666,0.9539794921875,0.24566875610351563,0.9258,237.8534600706771,0.35678019010601564,0.5103740581232123,0.6024489462095313,0.25434080400009407
mnist_mlp,scratch,2,8192,256,53002,0.003,0.0003,96,3.0,24576,0.15355117619037628,0.9539794921875,0.24569851989746094,0.9262,238.0576906669885,0.03570865360004827,0.18925982979042455,0.2814071734975092,0.24869867900088138
mnist_mlp,scratch,1,8192,181,37477,0.003,3e-06,96,3.0,24576,0.17208075150847435,0.947509765625,0.24283854675292968,0.9278,193.01895339228213,0.0002895284300884232,0.17237027993856277,0.2431280751830181,0.21490629999971134
mnist_mlp,scratch,1,8192,181,37477,0.003,1e-05,96,3.0,24576,0.17208131030201912,0.947509765625,0.24283751831054687,0.9278,193.01692144945264,0.0009650846072472633,0.17304639490926638,0.24380260291779413,0.2123906889992213
mnist_mlp,scratch,1,8192,181,37477,0.003,3e-05,96,3.0,24576,0.17208146303892136,0.947509765625,0.24283748168945313,0.9278,193.01628870144486,0.002895244330521673,0.17497670736944304,0.2457327260199748,0.2090319399994769
mnist_mlp,scratch,0,8192,128,26506,0.003,0.001,96,3.0,24576,0.18412601947784424,0.945068359375,0.24129456176757813,0.9244,158.71563506312668,0.07935781753156335,0.2634838370094076,0.3206523792991415,0.1876167290001831
mnist_mlp,scratch,1,8192,128,26506,0.003,0.0,96,3.0,24576,0.18721752986311913,0.944091796875,0.24956140747070313,0.924,162.79927786067128,0.0,0.18721752986311913,0.24956140747070313,0.17266978599946015
mnist_mlp,scratch,1,8192,128,26506,0.003,1e-06,96,3.0,24576,0.18721752986311913,0.944091796875,0.24956140747070313,0.924,162.79927786067128,8.139963893033564e-05,0.18729892950204946,0.24964280710963346,0.1771131890000106
mnist_mlp,scratch,0,8192,128,26506,0.003,0.003,96,3.0,24576,0.18415530398488045,0.945068359375,0.2413038818359375,0.9244,158.61191724427044,0.23791787586640567,0.4220731798512861,0.4792217577023432,0.18859051499930501
mnist_mlp,scratch,0,8192,128,26506,0.003,3e-05,96,3.0,24576,0.18410220742225647,0.9451904296875,0.2412828857421875,0.9244,158.76031712256372,0.0023814047568384558,0.18648361217909493,0.24366429049902597,0.21206924000034633
mnist_mlp,scratch,0,8192,128,26506,0.003,0.0001,96,3.0,24576,0.18410266935825348,0.9451904296875,0.24128219604492188,0.9244,158.75684481672943,0.007937842240836471,0.19204051159908994,0.24922003828575834,0.19532026700017013
mnist_mlp,scratch,0,8192,128,26506,0.003,0.0003,96,3.0,24576,0.1841040700674057,0.945068359375,0.2412737548828125,0.9244,158.7463911641389,0.023811958674620836,0.20791602874202653,0.2650857135574333,0.18673271100033162
mnist_mlp,scratch,0,8192,128,26506,0.003,3e-06,96,3.0,24576,0.18410149961709976,0.9451904296875,0.24128282165527343,0.9244,158.76223482564092,0.0002381433522384614,0.18433964296933822,0.24152096500751188,0.1927513580003506
mnist_mlp,scratch,1,8192,128,26506,0.003,3e-06,96,3.0,24576,0.18721752986311913,0.944091796875,0.24956140747070313,0.924,162.79927786067128,0.00024419891679100693,0.18746172877991013,0.24980560638749413,0.19535617399924377
mnist_mlp,scratch,1,8192,128,26506,0.003,1e-05,96,3.0,24576,0.18721744418144226,0.944091796875,0.2495719024658203,0.924,162.80339923873544,0.0008140169961936772,0.18803146117763594,0.250385919462014,0.17377397500058578
mnist_mlp,scratch,1,8192,128,26506,0.003,3e-05,96,3.0,24576,0.1872176118195057,0.944091796875,0.249571875,0.924,162.8029132783413,0.0024420436991751194,0.1896596555186808,0.2520139186991751,0.17887727999914205
mnist_mlp,scratch,0,8192,32,6634,0.003,1e-06,96,3.0,24576,0.29571186006069183,0.9114990234375,0.3352398620605469,0.8966,81.82095765322447,4.091047882661223e-05,0.29575277053951843,0.3352807725393735,0.16797149400008493
mnist_mlp,scratch,0,8192,32,6634,0.003,0.0,96,3.0,24576,0.29571186006069183,0.9114990234375,0.3352398620605469,0.8966,81.82095765322447,0.0,0.29571186006069183,0.3352398620605469,0.1636674139999741
mnist_mlp,scratch,2,8192,256,53002,0.003,1e-06,96,3.0,24576,0.15355098992586136,0.9539794921875,0.24569537353515625,0.9262,238.0833375779912,0.00011904166878899559,0.15367003159465034,0.24581441520394523,0.24417189300038444
mnist_mlp,scratch,2,8192,256,53002,0.003,3e-06,96,3.0,24576,0.15355098992586136,0.9539794921875,0.24569537353515625,0.9262,238.0833375779912,0.00035712500636698677,0.15390811493222833,0.24605249854152322,0.2392608959999052
mnist_mlp,scratch,2,8192,256,53002,0.003,1e-05,96,3.0,24576,0.15355150774121284,0.9539794921875,0.2456953125,0.9262,238.0808631554246,0.0011904043157771231,0.15474191205698998,0.24688571681577715,0.23888177299886593
mnist_mlp,scratch,1,8192,128,26506,0.003,0.0001,96,3.0,24576,0.18721884116530418,0.944091796875,0.24957179260253906,0.924,162.79966801404953,0.008139983400702476,0.19535882456600667,0.2577117760032415,0.1757231640003738
mnist_mlp,scratch,1,8192,64,13258,0.003,0.03,96,3.0,24576,0.22480640560388565,0.9327392578125,0.28653706665039064,0.9154,112.3975000679493,1.6859625010192394,1.910768906623125,1.97249956766963,0.1693216420007957
mnist_mlp,scratch,1,8192,91,18847,0.003,0.0,96,3.0,24576,0.21055469661951065,0.9361572265625,0.2698333923339844,0.9174,139.09237415343523,0.0,0.21055469661951065,0.2698333923339844,0.18214885999987018
mnist_mlp,scratch,1,8192,91,18847,0.003,1e-06,96,3.0,24576,0.21055469661951065,0.9361572265625,0.2698333923339844,0.9174,139.09237415343523,6.954618707671762e-05,0.21062424280658737,0.2699029385210611,0.1896239029993012
mnist_mlp,scratch,1,8192,91,18847,0.003,3e-06,96,3.0,24576,0.21055469661951065,0.9361572265625,0.2698333923339844,0.9174,139.09237415343523,0.00020863856123015285,0.2107633351807408,0.27004203089521456,0.18627588799972727
mnist_mlp,scratch,1,8192,91,18847,0.003,1e-05,96,3.0,24576,0.21055534109473228,0.9361572265625,0.26983343200683596,0.9174,139.09123355522752,0.0006954561677761376,0.21125079726250842,0.2705288881746121,0.187601915000414
mnist_mlp,scratch,0,8192,128,26506,0.003,1e-05,96,3.0,24576,0.18410205468535423,0.9451904296875,0.2412828857421875,0.9244,158.76079118065536,0.0007938039559032768,0.18489585864125752,0.2420766896980908,0.20214798399956635
mnist_mlp,scratch,2,8192,128,26506,0.003,1e-06,96,3.0,24576,0.18272070586681366,0.9444580078125,0.25532452392578125,0.9248,161.60726562142372,8.080363281071186e-05,0.18280150949962437,0.25540532755859197,0.2140212779995636
mnist_mlp,scratch,0,8192,128,26506,0.003,0.0,96,3.0,24576,0.18410149961709976,0.9451904296875,0.24128282165527343,0.9244,158.76223482564092,0.0,0.18410149961709976,0.24128282165527343,0.1853690629995981
mnist_mlp,scratch,1,8192,91,18847,0.003,3e-05,96,3.0,24576,0.2105555273592472,0.9361572265625,0.2698334442138672,0.9174,139.09086190909147,0.0020863629286363723,0.21264189028788358,0.2719198071425036,0.18472636800106557
mnist_mlp,scratch,1,8192,91,18847,0.003,0.0001,96,3.0,24576,0.2105570025742054,0.9361572265625,0.26983704223632815,0.9174,139.08835867792368,0.006954417933896184,0.21751142050810157,0.2767914601702243,0.18233838900050614
mnist_mlp,scratch,1,8192,91,18847,0.003,0.0003,96,3.0,24576,0.21054962277412415,0.936279296875,0.269827197265625,0.9176,139.072700958699,0.020860905143804846,0.231410527917929,0.2906881024094298,0.18382582599952002
mnist_mlp,scratch,1,8192,91,18847,0.003,0.001,96,3.0,24576,0.21056971698999405,0.9361572265625,0.26982725830078125,0.9176,139.0458164587617,0.06952290822938084,0.2800926252193749,0.3393501665301621,0.1857523360013147
mnist_mlp,scratch,1,8192,91,18847,0.003,0.003,96,3.0,24576,0.2106146551668644,0.9361572265625,0.26982276611328126,0.9176,138.95859831944108,0.20843789747916164,0.41905255264602603,0.4782606635924429,0.16524750999997195
mnist_mlp,scratch,1,8192,91,18847,0.003,0.01,96,3.0,24576,0.2107272669672966,0.9364013671875,0.26985556640625,0.918,138.68670208752155,0.6934335104376078,0.9041607774049044,0.9632890768438578,0.1654734389994701
mnist_mlp,scratch,1,8192,91,18847,0.003,0.03,96,3.0,24576,0.21114229783415794,0.9361572265625,0.2698544036865234,0.918,137.88296341151,2.06824445117265,2.279386749006808,2.3380988548591732,0.1680530390003696
mnist_mlp,scratch,0,8192,256,53002,0.003,3e-06,96,3.0,24576,0.14565454795956612,0.9573974609375,0.23853424987792968,0.931,240.83524250146002,0.00036125286375219006,0.1460158008233183,0.23889550274168186,0.23609904800014192
mnist_mlp,scratch,0,8192,181,37477,0.003,0.01,96,3.0,24576,0.16803497076034546,0.9508056640625,0.23671803588867188,0.9288,191.53299295902252,0.9576649647951126,1.125699935555458,1.1943830006837846,0.2314987370000381
mnist_mlp,scratch,0,8192,181,37477,0.003,0.03,96,3.0,24576,0.16842129826545715,0.9508056640625,0.23677139587402343,0.9286,190.22746642678976,2.8534119964018463,3.0218332946673034,3.0901833922758697,0.22410301499985508
mnist_mlp,scratch,0,8192,256,53002,0.003,0.0,96,3.0,24576,0.14565454795956612,0.9573974609375,0.23853424987792968,0.931,240.83524250146002,0.0,0.14565454795956612,0.23853424987792968,0.2280745759999263
mnist_mlp,scratch,2,8192,91,18847,0.003,0.0001,96,3.0,24576,0.2025683857500553,0.9390869140625,0.2630849578857422,0.9206,136.44799398630857,0.006822399699315429,0.20939078544937073,0.26990735758505763,0.20119107100072142
mnist_mlp,scratch,1,8192,64,13258,0.003,1e-06,96,3.0,24576,0.22396214306354523,0.932861328125,0.2862506958007813,0.9154,113.2984605692327,5.664923028461635e-05,0.22401879229382984,0.28630734503106586,0.15132598200034408
mnist_mlp,scratch,0,8192,128,26506,0.003,1e-06,96,3.0,24576,0.18410149961709976,0.9451904296875,0.24128282165527343,0.9244,158.76223482564092,7.938111741282045e-05,0.18418088073451258,0.24136220277268625,0.19653930599997693
mnist_mlp,scratch,1,8192,64,13258,0.003,3e-06,96,3.0,24576,0.22396214306354523,0.932861328125,0.2862506958007813,0.9154,113.2984605692327,0.00016994769085384905,0.22413209075439908,0.2864206434916351,0.14829499999905238
mnist_mlp,scratch,1,8192,64,13258,0.003,1e-05,96,3.0,24576,0.22396284714341164,0.932861328125,0.28625079345703125,0.9154,113.29754255339503,0.0005664877127669752,0.22452933485617863,0.2868172811697982,0.14884527699905448
mnist_mlp,scratch,1,8192,64,13258,0.003,3e-05,96,3.0,24576,0.22397475689649582,0.932861328125,0.28626075439453125,0.9154,113.29025402292609,0.0016993538103438914,0.2256741107068397,0.28796010820487516,0.15264805799961323
mnist_mlp,scratch,1,8192,64,13258,0.003,0.0001,96,3.0,24576,0.2239762656390667,0.932861328125,0.28626246337890626,0.9154,113.29023405909538,0.00566451170295477,0.22964077734202146,0.29192697508186105,0.1507481459993869
mnist_mlp,scratch,2,8192,128,26506,0.003,3e-06,96,3.0,24576,0.18272070586681366,0.9444580078125,0.25532452392578125,0.9248,161.60726562142372,0.00024241089843213558,0.1829631167652458,0.2555669348242134,0.23447921100159874
mnist_mlp,scratch,2,8192,128,26506,0.003,1e-05,96,3.0,24576,0.18272129073739052,0.9444580078125,0.2553244049072266,0.9248,161.60579733923078,0.000808028986696154,0.18352931972408668,0.2561324338939227,0.22195459700014908
mnist_mlp,scratch,2,8192,181,37477,0.003,0.01,96,3.0,24576,0.16616107150912285,0.951171875,0.24833005065917968,0.9272,192.0804815813899,0.9604024079069495,1.1265634794160724,1.2087324585661292,0.22145338500013168
mnist_mlp,scratch,2,8192,181,37477,0.003,0.03,96,3.0,24576,0.1665685623884201,0.9510498046875,0.24814985961914063,0.9274,190.82630062103271,2.8623945093154908,3.028963071703911,3.1105443689346313,0.22819243200137862
mnist_mlp,scratch,2,8192,256,53002,0.003,0.0,96,3.0,24576,0.15355098992586136,0.9539794921875,0.24569537353515625,0.9262,238.0833375779912,0.0,0.15355098992586136,0.24569537353515625,0.23640264500136254
mnist_mlp,scratch,1,8192,64,13258,0.003,0.0003,96,3.0,24576,0.22398066148161888,0.932861328125,0.28625989990234374,0.9154,113.28377167508006,0.01699256575126201,0.2409732272328809,0.30325246565360575,0.16231017700010852
mnist_mlp,scratch,1,8192,64,13258,0.003,0.001,96,3.0,24576,0.22399915009737015,0.932861328125,0.2862811889648437,0.9156,113.26737648248672,0.05663368824124337,0.2806328383386135,0.3429148772060871,0.1676429780000035
mnist_mlp,scratch,1,8192,64,13258,0.003,0.003,96,3.0,24576,0.22407003492116928,0.9327392578125,0.2863260192871094,0.9156,113.21786644682288,0.1698267996702343,0.39389683459140357,0.4561528189573437,0.16715133599973342
mnist_mlp,scratch,1,8192,64,13258,0.003,0.01,96,3.0,24576,0.22423066198825836,0.932861328125,0.2863140686035156,0.9154,112.98800413310528,0.5649400206655264,0.7891706826537848,0.851254089269042,0.16706488100135175
mnist_mlp,scratch,1,8192,45,9325,0.003,3e-06,96,3.0,24576,0.2617637701332569,0.922119140625,0.30214298095703124,0.9086,92.3096410036087,0.00013846446150541305,0.2619022345947623,0.30228144541853663,0.1532834180015925
mnist_mlp,scratch,1,8192,45,9325,0.003,1e-05,96,3.0,24576,0.2617645263671875,0.922119140625,0.3021433410644531,0.9086,92.30892973393202,0.0004615446486696601,0.26222607101585715,0.3026048857131228,0.15270935900116456
mnist_mlp,scratch,1,8192,32,6634,0.003,0.003,96,3.0,24576,0.29902202636003494,0.9127197265625,0.34186524658203127,0.8972,81.25852996855974,0.12188779495283962,0.4209098213128746,0.4637530415348709,0.16212675299902912
mnist_mlp,scratch,1,8192,45,9325,0.003,3e-05,96,3.0,24576,0.2617647983133793,0.922119140625,0.3021434814453125,0.9086,92.30871775746346,0.001384630766361952,0.26314942907974126,0.3035281122116745,0.15209115399920847
mnist_mlp,scratch,1,8192,45,9325,0.003,0.0001,96,3.0,24576,0.2617664821445942,0.922119140625,0.3021442626953125,0.9086,92.30716459453106,0.004615358229726553,0.2663818403743207,0.30675962092503906,0.14938708299996506
mnist_mlp,scratch,1,8192,45,9325,0.003,0.0003,96,3.0,24576,0.26177267730236053,0.922119140625,0.3021462463378906,0.9086,92.30083888024092,0.013845125832036136,0.27561780313439666,0.31599137216992673,0.14554021200092393
mnist_mlp,scratch,1,8192,45,9325,0.003,0.001,96,3.0,24576,0.2617884688079357,0.9219970703125,0.3021795959472656,0.909,92.29061978310347,0.04614530989155173,0.30793377869948746,0.34832490583881737,0.14576081500126747
mnist_mlp,scratch,1,8192,45,9325,0.003,0.003,96,3.0,24576,0.26184196025133133,0.9219970703125,0.30222395629882814,0.909,92.24853048473597,0.13837279572710395,0.40021475597843525,0.44059675202593207,0.1466779359998327
mnist_mlp,scratch,1,8192,45,9325,0.003,0.01,96,3.0,24576,0.2620607577264309,0.9222412109375,0.30229052124023437,0.9086,92.06355656683445,0.46031778283417224,0.7223785405606031,0.7626083040744066,0.1479223650003405
mnist_mlp,scratch,2,8192,181,37477,0.003,0.0003,96,3.0,24576,0.16605451703071594,0.950927734375,0.2483678649902344,0.9268,192.72730088513345,0.028909095132770013,0.19496361216348596,0.2772769601230044,0.21898452099958376
mnist_mlp,scratch,1,8192,45,9325,0.003,0.03,96,3.0,24576,0.2625732347369194,0.921875,0.3025341247558594,0.9088,91.5896629691124,1.3738449445366858,1.6364181792736052,1.6763790692925453,0.15478823800003738
mnist_mlp,scratch,1,8192,64,13258,0.003,0.0,96,3.0,24576,0.22396214306354523,0.932861328125,0.2862506958007813,0.9154,113.2984605692327,0.0,0.22396214306354523,0.2862506958007813,0.17288601800100878
mnist_mlp,scratch,0,8192,256,53002,0.003,1e-06,96,3.0,24576,0.14565454795956612,0.9573974609375,0.23853424987792968,0.931,240.83524250146002,0.00012041762125073,0.14577496558081685,0.2386546674991804,0.22444851199998084
mnist_mlp,scratch,2,8192,32,6634,0.003,0.0,96,3.0,24576,0.29185952991247177,0.9129638671875,0.32849102172851563,0.9038,86.70533752441406,0.0,0.29185952991247177,0.32849102172851563,0.16361937500005297
mnist_mlp,scratch,0,8192,256,53002,0.003,0.0001,96,3.0,24576,0.14565954357385635,0.9573974609375,0.23853975524902343,0.931,240.83453867770731,0.012041726933885366,0.15770127050774171,0.2505814821829088,0.2295523430002504
mnist_mlp,scratch,0,8192,256,53002,0.003,0.0003,96,3.0,24576,0.1456630900502205,0.957275390625,0.2385131561279297,0.931,240.82464679330587,0.03612369701899588,0.18178678706921636,0.2746368531469256,0.2240490759995737
mnist_mlp,scratch,0,8192,256,53002,0.003,1e-05,96,3.0,24576,0.1456550396978855,0.9573974609375,0.23853387451171876,0.931,240.83286332339048,0.0012041643166169525,0.14685920401450248,0.23973803882833572,0.2426840620000803
mnist_mlp,scratch,0,8192,256,53002,0.003,3e-05,96,3.0,24576,0.14565521478652954,0.9573974609375,0.23853380737304689,0.931,240.8320061508566,0.003612480092262849,0.14926769487879238,0.24214628746530972,0.22733508800047275
mnist_mlp,scratch,1,8192,32,6634,0.003,1e-05,96,3.0,24576,0.2989218086004257,0.9124755859375,0.3418377197265625,0.898,81.31924525648355,0.00040659622628241783,0.29932840482670814,0.34224431595284494,0.13769979700009571
mnist_mlp,scratch,1,8192,32,6634,0.003,3e-05,96,3.0,24576,0.2989221438765526,0.9124755859375,0.3418378845214844,0.898,81.31907603144646,0.0012197861404716968,0.30014193001702427,0.3430576706619561,0.13767858400024124
mnist_mlp,scratch,1,8192,32,6634,0.003,0.0001,96,3.0,24576,0.2989243268966675,0.9124755859375,0.3418392639160156,0.898,81.31757126003504,0.004065878563001752,0.30299020545966926,0.3459051424790174,0.138509360000171
mnist_mlp,scratch,1,8192,32,6634,0.003,0.0003,96,3.0,24576,0.2989322990179062,0.9124755859375,0.341844384765625,0.898,81.31372138857841,0.012197058208286761,0.31112935722619295,0.35404144297391177,0.14136741100082872
mnist_mlp,scratch,1,8192,32,6634,0.003,0.001,96,3.0,24576,0.29895831644535065,0.9124755859375,0.34186056518554686,0.898,81.30049126595259,0.04065024563297629,0.33960856207832696,0.3825108108185232,0.14401843899941014
mnist_mlp,scratch,1,8192,32,6634,0.003,0.01,96,3.0,24576,0.2992389649152756,0.912841796875,0.3419612548828125,0.8974,81.12938981503248,0.4056469490751624,0.704885913990438,0.7476082039579749,0.1531922329995723
mnist_mlp,scratch,1,8192,32,6634,0.003,0.03,96,3.0,24576,0.30001250654459,0.912841796875,0.342391796875,0.897,80.74563875049353,1.211184581257403,1.511197087801993,1.5535763781324028,0.1374401739994937
mnist_mlp,scratch,1,8192,45,9325,0.003,0.0,96,3.0,24576,0.2617637701332569,0.922119140625,0.30214298095703124,0.9086,92.3096410036087,0.0,0.2617637701332569,0.30214298095703124,0.14057577499988838
mnist_mlp,scratch,2,8192,181,37477,0.003,0.001,96,3.0,24576,0.1660626418888569,0.950927734375,0.24836376647949218,0.9266,192.6841265000403,0.09634206325002015,0.26240470513887704,0.34470582972951236,0.21236685099938768
mnist_mlp,scratch,2,8192,181,37477,0.003,0.003,96,3.0,24576,0.16604284197092056,0.9510498046875,0.2483466827392578,0.927,192.5318904388696,0.2887978356583044,0.454840677629225,0.5371445183975623,0.22599219099902257
mnist_mlp,scratch,2,8192,181,37477,0.003,3e-06,96,3.0,24576,0.16604812070727348,0.950927734375,0.2483682342529297,0.9268,192.7478966889903,0.00028912184503348545,0.16633724255230697,0.2486573560979632,0.2525889959997585
mnist_mlp,scratch,1,8192,45,9325,0.003,1e-06,96,3.0,24576,0.2617637701332569,0.922119140625,0.30214298095703124,0.9086,92.3096410036087,4.615482050180435e-05,0.2618099249537587,0.30218913577753304,0.15103424900007667
mnist_mlp,scratch,2,8192,32,6634,0.003,1e-06,96,3.0,24576,0.29185952991247177,0.9129638671875,0.32849102172851563,0.9038,86.70533752441406,4.335266876220703e-05,0.291902882581234,0.32853437439727784,0.18064912500085484
mnist_mlp,scratch,0,8192,256,53002,0.003,0.001,96,3.0,24576,0.1456778161227703,0.9573974609375,0.23850554809570312,0.931,240.76700348593295,0.12038350174296647,0.2660613178657368,0.3588890498386696,0.24408342200058541
mnist_mlp,scratch,2,8192,32,6634,0.003,3e-06,96,3.0,24576,0.29185952991247177,0.9129638671875,0.32849102172851563,0.9038,86.70533752441406,0.0001300580062866211,0.2919895879187584,0.32862107973480226,0.15752050999981293
mnist_mlp,scratch,0,8192,256,53002,0.003,0.003,96,3.0,24576,0.14572647213935852,0.957275390625,0.23849598693847657,0.931,240.57843343820423,0.3608676501573064,0.5065941222966649,0.5993636370957829,0.22810785199999373
mnist_mlp,scratch,0,8192,256,53002,0.003,0.01,96,3.0,24576,0.14583013951778412,0.957275390625,0.23842587890625,0.931,239.96721110213548,1.1998360555106775,1.3456661950284616,1.4382619344169276,0.26080550700044114
mnist_mlp,scratch,0,8192,256,53002,0.003,0.03,96,3.0,24576,0.14621974527835846,0.95751953125,0.2381893035888672,0.9312,238.24437790270895,3.573665668540634,3.7198854138189925,3.811854972129501,0.26232693899964943
mnist_mlp,scratch,1,8192,32,6634,0.003,0.0,96,3.0,24576,0.29892081767320633,0.9124755859375,0.3418371826171875,0.898,81.31981924921274,0.0,0.29892081767320633,0.3418371826171875,0.1521241390000796
mnist_mlp,scratch,0,8192,91,18847,0.003,0.01,96,3.0,24576,0.20371898263692856,0.9375,0.2646038848876953,0.9182,136.46554427593946,0.6823277213796973,0.8860467040166259,0.9469316062673927,0.18266214899995248
mnist_mlp,scratch,0,8192,91,18847,0.003,0.03,96,3.0,24576,0.20416590198874474,0.937744140625,0.26506255798339845,0.9184,135.67507423460484,2.0351261135190724,2.239292015507817,2.300188671502471,0.1854460040003687
mnist_mlp,scratch,0,8192,91,18847,0.003,0.001,96,3.0,24576,0.2034888081252575,0.9375,0.26459120483398435,0.918,136.8136353418231,0.06840681767091156,0.27189562579616905,0.3329980225048959,0.17666848200042296
mnist_mlp,scratch,0,8192,91,18847,0.003,0.003,96,3.0,24576,0.20352179557085037,0.937744140625,0.26465721130371095,0.9178,136.73074992001057,0.20509612488001586,0.4086179204508662,0.46975333618372683,0.1773862089994509
mnist_mlp,scratch,1,8192,32,6634,0.003,1e-06,96,3.0,24576,0.29892081767320633,0.9124755859375,0.3418371826171875,0.898,81.31981924921274,4.065990962460637e-05,0.2989614775828309,0.3418778425268121,0.14213361700058158
mnist_mlp,scratch,2,8192,181,37477,0.003,1e-05,96,3.0,24576,0.16604865714907646,0.950927734375,0.24836787109375,0.9268,192.74577075708658,0.0009637288537854329,0.1670123860028619,0.24933159994753543,0.25118839899914747
mnist_mlp,scratch,2,8192,181,37477,0.003,3e-05,96,3.0,24576,0.16604884341359138,0.950927734375,0.2483678253173828,0.9268,192.745138916187,0.0028911770837428048,0.1689400204973342,0.2512590024011256,0.24061195099966426
mnist_mlp,scratch,2,8192,181,37477,0.003,0.0001,96,3.0,24576,0.16605065762996674,0.950927734375,0.2483689971923828,0.9268,192.74029693938792,0.009637014846969397,0.17568767247693612,0.2580060120393522,0.2170976880006492
mnist_mlp,scratch,1,8192,32,6634,0.003,3e-06,96,3.0,24576,0.29892081767320633,0.9124755859375,0.3418371826171875,0.898,81.31981924921274,0.00012197972887381912,0.2990427974020802,0.34195916234606133,0.14113602799989167
mnist_mlp,scratch,2,8192,32,6634,0.003,1e-05,96,3.0,24576,0.29186052083969116,0.9129638671875,0.32849156494140624,0.9038,86.70472973585129,0.00043352364867925647,0.29229404448837043,0.3289250885900855,0.16678965000028256
mnist_mlp,scratch,2,8192,32,6634,0.003,3e-05,96,3.0,24576,0.2918608635663986,0.9129638671875,0.3284917297363281,0.9038,86.70452810823917,0.0013005679216235876,0.2931614314880222,0.3297922976579517,0.17753820599864412
mnist_mlp,scratch,2,8192,32,6634,0.003,0.0001,96,3.0,24576,0.2918594852089882,0.9129638671875,0.32849541015625,0.9036,86.7021965533495,0.004335109827667475,0.2961945950366557,0.3328305199839175,0.16920081799980835
mnist_mlp,scratch,2,8192,91,18847,0.003,0.0003,96,3.0,24576,0.20257516205310822,0.93896484375,0.26307408447265623,0.9206,136.4406312853098,0.020466094692796467,0.2230412567459047,0.2835401791654527,0.21748270699936256
mnist_mlp,scratch,2,8192,91,18847,0.003,0.001,96,3.0,24576,0.20258980616927147,0.93896484375,0.26307726135253906,0.9206,136.40977373719215,0.06820488686859608,0.2707946930378675,0.3312821482211351,0.21285723500113818
mnist_mlp,scratch,2,8192,32,6634,0.003,0.0003,96,3.0,24576,0.29186638444662094,0.9129638671875,0.3284992736816406,0.9036,86.69794942438602,0.013004692413657903,0.30487107686027887,0.34150396609529854,0.16068043199993554
mnist_mlp,scratch,2,8192,32,6634,0.003,0.001,96,3.0,24576,0.2918894588947296,0.9129638671875,0.3285126953125,0.9036,86.68324859440327,0.043341624297201634,0.33523108319193123,0.3718543196097016,0.16196191999915754
mnist_mlp,scratch,2,8192,32,6634,0.003,0.003,96,3.0,24576,0.29200461506843567,0.9129638671875,0.32856851806640625,0.9038,86.64209976792336,0.12996314965188505,0.4219677647203207,0.4585316677182913,0.15295253499971295
mnist_mlp,scratch,2,8192,91,18847,0.003,1e-05,96,3.0,24576,0.20256677642464638,0.9390869140625,0.2630856170654297,0.9206,136.44975970685482,0.0006822487985342742,0.20324902522318064,0.263767865863964,0.20542134099923715
mnist_mlp,scratch,2,8192,91,18847,0.003,3e-05,96,3.0,24576,0.2025669813156128,0.9390869140625,0.26308562927246093,0.9206,136.44939494878054,0.002046740924231708,0.2046137222398445,0.2651323701966926,0.20599854299871367
mnist_mlp,scratch,2,8192,32,6634,0.003,0.03,96,3.0,24576,0.2928781136870384,0.9129638671875,0.32892953491210936,0.9026,86.03853011131287,1.290577951669693,1.5834560653567313,1.6195074865818022,0.16240941300020495
mnist_mlp,scratch,2,8192,45,9325,0.003,0.0,96,3.0,24576,0.25348981469869614,0.921630859375,0.29528255004882814,0.9118,91.9567147642374,0.0,0.25348981469869614,0.29528255004882814,0.16222487000050023
mnist_mlp,scratch,0,8192,91,18847,0.003,3e-06,96,3.0,24576,0.20347780361771584,0.9376220703125,0.2645741455078125,0.9182,136.86125200986862,0.00020529187801480295,0.20368309549573063,0.2647794373858273,0.19421502200020768
mnist_mlp,scratch,0,8192,91,18847,0.003,0.0003,96,3.0,24576,0.20347188413143158,0.9376220703125,0.2645992462158203,0.9182,136.84203664958477,0.020526305497437714,0.2239981896288693,0.28512555171325804,0.19239103399922897
mnist_mlp,scratch,2,8192,128,26506,0.003,0.03,96,3.0,24576,0.18332678079605103,0.9443359375,0.2551697113037109,0.9248,160.08232954889536,2.40123494323343,2.584561724029481,2.656404654537141,0.22093714499897033
mnist_mlp,scratch,0,8192,91,18847,0.003,1e-05,96,3.0,24576,0.20347847789525986,0.9376220703125,0.2645742736816406,0.9182,136.86008548736572,0.0006843004274368287,0.2041627783226967,0.26525857410907744,0.19821693700032483
mnist_mlp,scratch,0,8192,91,18847,0.003,0.0001,96,3.0,24576,0.20348018035292625,0.9376220703125,0.2645745513916016,0.9182,136.85713225603104,0.006842856612801552,0.2103230369657278,0.2714174080044031,0.18287382699963928
mnist_mlp,scratch,2,8192,45,9325,0.003,1e-06,96,3.0,24576,0.25348981469869614,0.921630859375,0.29528255004882814,0.9118,91.9567147642374,4.59783573821187e-05,0.25353579305607826,0.29532852840621027,0.1625309089995426
mnist_mlp,scratch,2,8192,91,18847,0.003,3e-06,96,3.0,24576,0.20256608352065086,0.9390869140625,0.2630852142333984,0.9206,136.45088325440884,0.00020467632488161325,0.20277075984553247,0.26328989055828006,0.1962841530003061
mnist_mlp,scratch,2,8192,32,6634,0.003,0.01,96,3.0,24576,0.2921435832977295,0.9130859375,0.32859229125976563,0.9028,86.47033976018429,0.43235169880092145,0.724495282098651,0.7609439900606871,0.16199666200009233
mnist_mlp,scratch,2,8192,45,9325,0.003,3e-06,96,3.0,24576,0.25348981469869614,0.921630859375,0.29528255004882814,0.9118,91.9567147642374,0.0001379350721463561,0.2536277497708425,0.2954204851209745,0.1734649329991953
mnist_mlp,scratch,2,8192,45,9325,0.003,1e-05,96,3.0,24576,0.25349070131778717,0.921630859375,0.2952830078125,0.9118,91.95599973201752,0.0004597799986600876,0.25395048131644726,0.2957427878111601,0.16860918099882838
mnist_mlp,scratch,2,8192,45,9325,0.003,3e-05,96,3.0,24576,0.25349098071455956,0.921630859375,0.295283154296875,0.9118,91.95579677820206,0.0013793369516730308,0.2548703176662326,0.29666249124854804,0.15799221899942495
mnist_mlp,scratch,2,8192,45,9325,0.003,0.003,96,3.0,24576,0.25356145203113556,0.921630859375,0.2953103088378906,0.9118,91.88045620918274,0.13782068431377412,0.3913821363449097,0.4331309931516647,0.22548100899985002
mnist_mlp,scratch,0,8192,64,13258,0.003,0.01,96,3.0,24576,0.22838860377669334,0.9306640625,0.2798607330322266,0.9144,111.02910529077053,0.5551455264538526,0.783534130230546,0.8350062594860792,0.16298674300014682
mnist_mlp,scratch,0,8192,64,13258,0.003,0.03,96,3.0,24576,0.22900154069066048,0.930908203125,0.2800852264404297,0.9142,110.42375983297825,1.6563563974946736,1.885357938185334,1.9364416239351032,0.16345839699988574
mnist_mlp,scratch,2,8192,181,37477,0.003,0.0,96,3.0,24576,0.16604812070727348,0.950927734375,0.2483682342529297,0.9268,192.7478966889903,0.0,0.16604812070727348,0.2483682342529297,0.24345105899919872
mnist_mlp,scratch,2,8192,181,37477,0.003,1e-06,96,3.0,24576,0.16604812070727348,0.950927734375,0.2483682342529297,0.9268,192.7478966889903,9.637394834449514e-05,0.16614449465561798,0.2484646082012742,0.25132737700005237
mnist_mlp,scratch,0,8192,91,18847,0.003,3e-05,96,3.0,24576,0.20347868278622627,0.9376220703125,0.26457430419921873,0.9182,136.8597153276205,0.0020528957299143077,0.20553157851614057,0.26662719992913303,0.1843968479997784
mnist_mlp,scratch,0,8192,91,18847,0.003,0.0,96,3.0,24576,0.20347780361771584,0.9376220703125,0.2645741455078125,0.9182,136.86125200986862,0.0,0.20347780361771584,0.2645741455078125,0.18733128700023371
mnist_mlp,scratch,0,8192,91,18847,0.003,1e-06,96,3.0,24576,0.20347780361771584,0.9376220703125,0.2645741455078125,0.9182,136.86125200986862,6.843062600493431e-05,0.20354623424372076,0.2646425761338174,0.19676268700004584
mnist_mlp,scratch,2,8192,45,9325,0.003,0.0001,96,3.0,24576,0.2534930370748043,0.921630859375,0.2952839904785156,0.9118,91.95435830950737,0.0045977179154753686,0.25809075499027967,0.299881708393991,0.16184092500043334
mnist_mlp,scratch,2,8192,45,9325,0.003,0.0003,96,3.0,24576,0.2534990645945072,0.921630859375,0.29528655395507813,0.9118,91.95048828423023,0.013792573242634533,0.26729163783714177,0.3090791271977127,0.17068399100026
mnist_mlp,scratch,2,8192,45,9325,0.003,0.001,96,3.0,24576,0.2534983865916729,0.921630859375,0.2952824523925781,0.9118,91.92558345198631,0.04596279172599316,0.29946117831766605,0.34124524411857127,0.17349149800065788
mnist_mlp,scratch,2,8192,64,13258,0.003,0.03,96,3.0,24576,0.22209834679961205,0.93115234375,0.27295737915039064,0.9168,112.6017144806683,1.6890257172100245,1.9111240640096365,1.9619830963604152,0.15855894699961937
mnist_mlp,scratch,2,8192,91,18847,0.003,0.0,96,3.0,24576,0.20256608352065086,0.9390869140625,0.2630852142333984,0.9206,136.45088325440884,0.0,0.20256608352065086,0.2630852142333984,0.17771611599891912
mnist_mlp,scratch,2,8192,91,18847,0.003,1e-06,96,3.0,24576,0.20256608352065086,0.9390869140625,0.2630852142333984,0.9206,136.45088325440884,6.822544162720442e-05,0.20263430896227808,0.26315343967502564,0.19882689099904383
mnist_mlp,scratch,2,8192,45,9325,0.003,0.01,96,3.0,24576,0.25375838577747345,0.9217529296875,0.2954406066894531,0.9122,91.71317526698112,0.45856587633490564,0.7123242621123791,0.7540064830243587,0.23221158600063063
mnist_mlp,scratch,2,8192,45,9325,0.003,0.03,96,3.0,24576,0.2544062212109566,0.921630859375,0.29582274169921874,0.9122,91.22028595209122,1.3683042892813682,1.6227105104923247,1.664127030980587,0.23652623599991784
mnist_mlp,scratch,2,8192,64,13258,0.003,1e-06,96,3.0,24576,0.22129987180233002,0.93115234375,0.2726002563476562,0.9168,113.55003328621387,5.6775016643106934e-05,0.22135664681897313,0.2726570313642993,0.2376512279988674
mnist_mlp,scratch,2,8192,64,13258,0.003,3e-06,96,3.0,24576,0.22129987180233002,0.93115234375,0.2726002563476562,0.9168,113.55003328621387,0.00017032504992932083,0.22147019685225933,0.27277058139758553,0.18020610500025214
mnist_mlp,scratch,2,8192,64,13258,0.003,0.0,96,3.0,24576,0.22129987180233002,0.93115234375,0.2726002563476562,0.9168,113.55003328621387,0.0,0.22129987180233002,0.2726002563476562,0.23213944800045283
mnist_mlp,scratch,0,8192,64,13258,0.003,0.0003,96,3.0,24576,0.228123739361763,0.9310302734375,0.27976896667480466,0.9144,111.33135282993317,0.016699702924489974,0.24482344228625297,0.29646866959929463,0.17230626399941684
mnist_mlp,scratch,0,8192,64,13258,0.003,0.001,96,3.0,24576,0.22813427820801735,0.9307861328125,0.2797654876708984,0.9144,111.31266228854656,0.055656331144273284,0.2837906093522906,0.3354218188151717,0.16059972099992592
mnist_mlp,scratch,0,8192,64,13258,0.003,0.003,96,3.0,24576,0.22819605469703674,0.9307861328125,0.2798138946533203,0.9146,111.24375709891319,0.1668656356483698,0.3950616903454065,0.44667953030169005,0.16995286899964412
mnist_mlp,scratch,2,8192,128,26506,0.003,3e-05,96,3.0,24576,0.18272144719958305,0.9444580078125,0.255324365234375,0.9248,161.60529363527894,0.002424079404529184,0.18514552660411224,0.25774844463890423,0.2195412889996078
mnist_mlp,scratch,2,8192,128,26506,0.003,0.0001,96,3.0,24576,0.18272272124886513,0.9444580078125,0.25532418212890623,0.9248,161.60204334184527,0.008080102167092264,0.1908028234159574,0.2634042842959985,0.2282501659992704
mnist_mlp,scratch,2,8192,64,13258,0.003,3e-05,96,3.0,24576,0.22130084037780762,0.93115234375,0.2726005584716797,0.9168,113.5488317720592,0.001703232476580888,0.2230040728543885,0.2743037909482606,0.16582901400033734
mnist_mlp,scratch,2,8192,64,13258,0.003,0.0001,96,3.0,24576,0.22130179032683372,0.93115234375,0.27259986572265626,0.9168,113.54745265468955,0.005677372632734478,0.22697916295956821,0.27827723835539075,0.1719847390013456
mnist_mlp,scratch,2,8192,64,13258,0.003,0.0003,96,3.0,24576,0.22130685672163963,0.93115234375,0.2726013458251953,0.9168,113.54117070883512,0.017031175606325267,0.2383380323279649,0.2896325214315206,0.19572998300100153
mnist_mlp,scratch,2,8192,64,13258,0.003,1e-05,96,3.0,24576,0.22130058333277702,0.93115234375,0.2726004547119141,0.9168,113.54910802468657,0.0005677455401234329,0.22186832887290045,0.27316820025203753,0.15789442300047085
mnist_mlp,scratch,0,8192,64,13258,0.003,1e-06,96,3.0,24576,0.2281186804175377,0.9307861328125,0.27976378173828126,0.9146,111.33929339796305,5.566964669898152e-05,0.22817435006423667,0.27981945138498027,0.17827465900063544
mnist_mlp,scratch,0,8192,45,9325,0.003,0.003,96,3.0,24576,0.2573634311556816,0.9237060546875,0.30412754516601564,0.9084,97.8693757802248,0.14680406367033721,0.4041674948260188,0.45093160883635286,0.15780456099946605
mnist_mlp,scratch,0,8192,45,9325,0.003,0.001,96,3.0,24576,0.25731025263667107,0.9237060546875,0.304159912109375,0.9082,97.92918953299522,0.048964594766497616,0.3062748474031687,0.3531245068758726,0.16087364199938747
mnist_mlp,scratch,0,8192,45,9325,0.003,0.03,96,3.0,24576,0.2580158933997154,0.923583984375,0.3044682861328125,0.9078,97.17656442523003,1.4576484663784504,1.7156643597781658,1.7621167525112629,0.17335662200002844
mnist_mlp,scratch,0,8192,45,9325,0.003,0.0003,96,3.0,24576,0.2572922520339489,0.9237060546875,0.30415433959960936,0.908,97.94592645764351,0.014691888968646524,0.27198414100259544,0.3188462285682559,0.16736273700007587
mnist_mlp,scratch,0,8192,45,9325,0.003,0.0001,96,3.0,24576,0.2572873644530773,0.9237060546875,0.30415119018554687,0.908,97.95100264251232,0.0048975501321256165,0.26218491458520293,0.3090487403176725,0.17767204699975991
mnist_mlp,scratch,0,8192,32,6634,0.003,3e-06,96,3.0,24576,0.29571186006069183,0.9114990234375,0.3352398620605469,0.8966,81.82095765322447,0.0001227314364798367,0.2958345914971717,0.33536259349702674,0.17076766599984694
mnist_mlp,scratch,0,8192,45,9325,0.003,1e-06,96,3.0,24576,0.25728460028767586,0.9237060546875,0.30415025634765624,0.908,97.95362949371338,4.8976814746856685e-05,0.2573335771024227,0.3041992331624031,0.15722289099994669
mnist_mlp,scratch,0,8192,45,9325,0.003,0.0,96,3.0,24576,0.25728460028767586,0.9237060546875,0.30415025634765624,0.908,97.95362949371338,0.0,0.25728460028767586,0.30415025634765624,0.1727599449995978
mnist_mlp,scratch,0,8192,45,9325,0.003,3e-05,96,3.0,24576,0.2572856470942497,0.9237060546875,0.3041506286621094,0.908,97.9526592567563,0.0014692898888513447,0.2587549369831011,0.30561991855096077,0.1794031700001142
mnist_mlp,scratch,0,8192,32,6634,0.003,0.0001,96,3.0,24576,0.29571496695280075,0.9114990234375,0.3352413452148437,0.8966,81.81889769434929,0.004090944884717464,0.2998059118375182,0.3393322900995612,0.1665258190005261
mnist_mlp,scratch,0,8192,32,6634,0.003,0.03,96,3.0,24576,0.2965860590338707,0.91162109375,0.3356894592285156,0.8964,81.19718337059021,1.217957750558853,1.5145438095927237,1.5536472097873686,0.14915037999980996
mnist_mlp,scratch,0,8192,45,9325,0.003,3e-06,96,3.0,24576,0.25728460028767586,0.9237060546875,0.30415025634765624,0.908,97.95362949371338,0.00014693044424057006,0.25743153073191644,0.3042971867918968,0.15652927399969485
mnist_mlp,scratch,0,8192,32,6634,0.003,0.0003,96,3.0,24576,0.29572100937366486,0.9114990234375,0.33524429931640626,0.8966,81.8148750886321,0.012272231263294815,0.30799324063695965,0.34751653057970106,0.14647617399987212
mnist_mlp,scratch,2,11585,64,13258,0.003,0.003,136,3.0052654294346137,34816,0.1954388219630044,0.9419939577039275,0.23693525695800782,0.9268,125.7726613804698,0.1886589920707047,0.38409781403370913,0.4255942490287125,0.23882428300021274
mnist_mlp,scratch,0,11585,64,13258,0.003,0.0003,136,3.0052654294346137,34816,0.19921358427097943,0.940958135520069,0.24140277709960936,0.9276,123.92171977460384,0.018588257966190576,0.21780184223717,0.25999103506579996,0.2213360650002869
mnist_mlp,scratch,2,11585,64,13258,0.003,0.0001,136,3.0052654294346137,34816,0.19532461483312877,0.9422529132498921,0.2368737335205078,0.9264,125.92345891520381,0.006296172945760191,0.20162078777888895,0.243169906466268,0.21735521200025687
mnist_mlp,scratch,2,11585,64,13258,0.003,3e-05,136,3.0052654294346137,34816,0.19531911192240775,0.9422529132498921,0.23686195068359375,0.9262,125.9242396093905,0.0018888635941408576,0.19720797551654862,0.23875081427773462,0.2183051060001162
mnist_mlp,scratch,2,11585,64,13258,0.003,1e-05,136,3.0052654294346137,34816,0.19531883269381203,0.9422529132498921,0.23686184387207032,0.9262,125.92463339865208,0.0006296231669932604,0.19594845586080528,0.23749146703906357,0.21855477700046322
mnist_mlp,scratch,0,11585,64,13258,0.003,3e-05,136,3.0052654294346137,34816,0.19918611713355092,0.940958135520069,0.24137579040527343,0.9276,123.93224143236876,0.0018589836214855315,0.20104510075503645,0.24323477402675897,0.256370127000082
mnist_mlp,scratch,2,11585,128,26506,0.003,0.0003,136,3.0052654294346137,34816,0.15995310329392803,0.9531290461804057,0.22267875061035156,0.9358,174.2610934395343,0.026139164015930142,0.18609226730985817,0.2488179146262817,0.2867161219983245
mnist_mlp,scratch,2,11585,128,26506,0.003,0.0001,136,3.0052654294346137,34816,0.15994332239038223,0.9531290461804057,0.22266485595703125,0.9358,174.27350032888353,0.008713675016444176,0.1686569974068264,0.23137853097347544,0.29049269300048763
mnist_mlp,scratch,2,11585,128,26506,0.003,3e-05,136,3.0052654294346137,34816,0.1599416694097803,0.9531290461804057,0.2226648223876953,0.9358,174.27820017561316,0.0026141730026341976,0.1625558424124145,0.2252789953903295,0.27058913499968185
mnist_mlp,scratch,2,11585,64,13258,0.003,0.01,136,3.0052654294346137,34816,0.1956179997917903,0.941907639188606,0.23696171264648438,0.9262,125.45531294494867,0.6272765647247434,0.8228945645165336,0.8642382773712277,0.23154880899892305
mnist_mlp,scratch,0,11585,64,13258,0.003,1e-05,136,3.0052654294346137,34816,0.19918629362709728,0.940958135520069,0.24137671813964845,0.9276,123.93343944847584,0.0006196671972423793,0.19980596082433966,0.24199638533689083,0.29411692499979836
mnist_mlp,scratch,2,11585,64,13258,0.003,0.001,136,3.0052654294346137,34816,0.19536281646609976,0.9421665947345705,0.23693224182128905,0.9264,125.92155230790377,0.06296077615395189,0.25832359262005167,0.2998930179752409,0.23381315199912933
mnist_mlp,scratch,0,11585,64,13258,0.003,0.0,136,3.0052654294346137,34816,0.19918517144425038,0.940958135520069,0.24137557067871093,0.9276,123.93395556509495,0.0,0.19918517144425038,0.24137557067871093,0.2870818560004409
mnist_mlp,scratch,0,11585,64,13258,0.003,3e-06,136,3.0052654294346137,34816,0.19918517144425038,0.940958135520069,0.24137557067871093,0.9276,123.93395556509495,0.00018590093334764244,0.19937107237759802,0.24156147161205857,0.2829729569994015
mnist_mlp,scratch,0,11585,64,13258,0.003,1e-06,136,3.0052654294346137,34816,0.19918517144425038,0.940958135520069,0.24137557067871093,0.9276,123.93395556509495,6.196697778254747e-05,0.19924713842203293,0.24143753765649348,0.25338856799953646
mnist_mlp,scratch,2,11585,64,13258,0.003,0.0003,136,3.0052654294346137,34816,0.19532024991064684,0.9421665947345705,0.23684715881347657,0.9264,125.91750669851899,0.018887626004777846,0.21420787591542467,0.2557347848182544,0.23942787800115184
mnist_mlp,scratch,0,11585,45,9325,0.003,0.01,136,3.0052654294346137,34816,0.2254921614737875,0.9326715580492015,0.2618178771972656,0.9254,108.8098282366991,0.5440491411834956,0.769541302657283,0.8058670183807612,0.22987414799990802
mnist_mlp,scratch,0,11585,45,9325,0.003,0.003,136,3.0052654294346137,34816,0.22532963725992664,0.9326715580492015,0.2617205047607422,0.925,109.07089576870203,0.16360634365305304,0.38893598091297965,0.42532684841379526,0.26851881299990055
mnist_mlp,scratch,2,11585,91,18847,0.003,1e-06,136,3.0052654294346137,34816,0.18086692207478017,0.9477772982304704,0.2324948760986328,0.9294,149.37623151391745,7.468811575695872e-05,0.18094161019053712,0.23256956421438976,0.24473563599894987
mnist_mlp,scratch,2,11585,64,13258,0.003,3e-06,136,3.0052654294346137,34816,0.19531804242420156,0.9422529132498921,0.23686160278320312,0.9262,125.92601869255304,0.00018888902803882956,0.19550693145224038,0.23705049181124194,0.23166484799912723
mnist_mlp,scratch,0,11585,91,18847,0.003,0.0,136,3.0052654294346137,34816,0.1806221439656277,0.9481225722917566,0.23265455322265624,0.9322,151.26249885559082,0.0,0.1806221439656277,0.23265455322265624,0.2984587789997022
mnist_mlp,scratch,2,11585,45,9325,0.003,0.003,136,3.0052654294346137,34816,0.2184645809590122,0.9363832542080276,0.251840185546875,0.9246,107.44762341678143,0.16117143512517215,0.37963601608418435,0.4130116206720471,0.22159982899938768
mnist_mlp,scratch,2,11585,181,37477,0.003,1e-06,136,3.0052654294346137,34816,0.14720944605050645,0.9565817867932671,0.207386669921875,0.939,210.5420614629984,0.00010527103073149919,0.14731471708123794,0.20749194095260648,0.28854006300025503
mnist_mlp,scratch,2,11585,181,37477,0.003,0.0,136,3.0052654294346137,34816,0.14720944605050645,0.9565817867932671,0.207386669921875,0.939,210.5420614629984,0.0,0.14720944605050645,0.207386669921875,0.28635363200010033
mnist_mlp,scratch,2,11585,128,26506,0.003,0.03,136,3.0052654294346137,34816,0.16070037828625716,0.9530427276650841,0.22265051574707032,0.9362,172.044537557289,2.580668063359335,2.741368441645592,2.803318579106405,0.2750560080003197
mnist_mlp,scratch,2,11585,181,37477,0.003,3e-05,136,3.0052654294346137,34816,0.14721031798131,0.9565817867932671,0.20738654174804688,0.939,210.53804746456444,0.0031580707119684666,0.15036838869327848,0.21054461246001535,0.3177411619999475
mnist_mlp,scratch,0,11585,64,13258,0.003,0.03,136,3.0052654294346137,34816,0.20001663517530077,0.940958135520069,0.24148985595703126,0.9276,122.50613842904568,1.837592076435685,2.037608711610986,2.0790819323927163,0.26611922699976276
mnist_mlp,scratch,0,11585,64,13258,0.003,0.01,136,3.0052654294346137,34816,0.19944849191269692,0.9408718170047475,0.24137351989746095,0.9276,123.43712215125561,0.6171856107562781,0.816634102668975,0.858559130653739,0.23959816200022033
mnist_mlp,scratch,2,11585,91,18847,0.003,0.0,136,3.0052654294346137,34816,0.18086692207478017,0.9477772982304704,0.2324948760986328,0.9294,149.37623151391745,0.0,0.18086692207478017,0.2324948760986328,0.2530143389994919
mnist_mlp,scratch,2,11585,64,13258,0.003,1e-06,136,3.0052654294346137,34816,0.19531804242420156,0.9422529132498921,0.23686160278320312,0.9262,125.92601869255304,6.296300934627652e-05,0.19538100543354783,0.2369245657925494,0.22422458000073675
mnist_mlp,scratch,0,11585,64,13258,0.003,0.0001,136,3.0052654294346137,34816,0.19920822360878832,0.940958135520069,0.2414012451171875,0.9276,123.93083814531565,0.006196541907265782,0.2054047655160541,0.2475977870244533,0.23364965499968093
mnist_mlp,scratch,0,11585,64,13258,0.003,0.003,136,3.0052654294346137,34816,0.19928144472243203,0.9406991799741045,0.2414162384033203,0.9274,123.8059161901474,0.1857088742852211,0.3849903190076531,0.42712511268854136,0.22572077400036505
mnist_mlp,scratch,0,11585,64,13258,0.003,0.001,136,3.0052654294346137,34816,0.1992418680203388,0.9408718170047475,0.2414017364501953,0.9276,123.8973198980093,0.06194865994900465,0.26119052796934344,0.3033503963992,0.2231343020002896
mnist_mlp,scratch,2,11585,128,26506,0.003,0.01,136,3.0052654294346137,34816,0.16020174582147578,0.952697453603798,0.22261087036132812,0.9352,173.57575407624245,0.8678787703812123,1.028080516202688,1.0904896407425404,0.28789633800079173
mnist_mlp,scratch,2,11585,128,26506,0.003,0.003,136,3.0052654294346137,34816,0.16006201956876145,0.9527837721191196,0.22268202209472657,0.9356,174.04616479575634,0.2610692471936345,0.421131266762396,0.4837512692883611,0.28321807000065746
mnist_mlp,scratch,2,11585,128,26506,0.003,0.001,136,3.0052654294346137,34816,0.15997598950184774,0.9532153646957272,0.22263446960449218,0.9358,174.19608888961375,0.08709804444480687,0.24707403394665461,0.309732514049299,0.27726143499967293
mnist_mlp,scratch,2,11585,64,13258,0.003,0.0,136,3.0052654294346137,34816,0.19531804242420156,0.9422529132498921,0.23686160278320312,0.9262,125.92601869255304,0.0,0.19531804242420156,0.23686160278320312,0.21999228300046525
mnist_mlp,scratch,1,11585,32,6634,0.003,3e-06,136,3.0052654294346137,34816,0.2560223312279146,0.9236081139404402,0.29207245483398436,0.9142,92.85694216936827,0.0001392854132540524,0.25616161664116865,0.2922117402472384,0.21635567500015895
mnist_mlp,scratch,2,11585,91,18847,0.003,0.03,136,3.0052654294346137,34816,0.18165399636180946,0.9482088908070782,0.23252334594726562,0.93,147.5978261679411,2.213967392519116,2.3956213888809255,2.4464907384663817,0.24509953699998732
mnist_mlp,scratch,2,11585,91,18847,0.003,0.01,136,3.0052654294346137,34816,0.18112761357965582,0.9480362537764351,0.23252186279296874,0.9294,148.811637327075,0.744058186635375,0.9251858002150308,0.9765800494283438,0.24477123100041354
mnist_mlp,scratch,2,11585,91,18847,0.003,0.003,136,3.0052654294346137,34816,0.18090961770760278,0.9481225722917566,0.23239146423339843,0.9294,149.1556215658784,0.2237334323488176,0.4046430500564204,0.456124896582216,0.2691331079986412
mnist_mlp,scratch,0,11585,32,6634,0.003,0.0003,136,3.0052654294346137,34816,0.25623143129838555,0.9228312473025464,0.2883921569824219,0.9112,92.91090849786997,0.013936636274680494,0.27016806757306605,0.3023287932571024,0.3473146380001708
mnist_mlp,scratch,0,11585,32,6634,0.003,0.01,136,3.0052654294346137,34816,0.25651835712009735,0.923262839879154,0.2886789306640625,0.9108,92.6407060995698,0.463203530497849,0.7197218876179463,0.7518824611619115,0.29239146199961397
mnist_mlp,scratch,1,11585,32,6634,0.003,0.0003,136,3.0052654294346137,34816,0.25603266005172365,0.9236081139404402,0.29207786865234375,0.9142,92.84799233824015,0.013927198850736022,0.26995985890245966,0.30600506750307976,0.20775273999970523
mnist_mlp,scratch,1,11585,32,6634,0.003,0.0001,136,3.0052654294346137,34816,0.25602569250799123,0.9236081139404402,0.29207398681640623,0.9142,92.85384932160378,0.004642692466080189,0.2606683849740714,0.2967166792824864,0.195869285000299
mnist_mlp,scratch,1,11585,32,6634,0.003,3e-05,136,3.0052654294346137,34816,0.2560236061962195,0.9236081139404402,0.29207303466796875,0.9142,92.85578365623951,0.0013928367548435927,0.2574164429510631,0.29346587142281233,0.22563641399938206
mnist_mlp,scratch,1,11585,32,6634,0.003,1e-05,136,3.0052654294346137,34816,0.2560232900883753,0.9236081139404402,0.2920728759765625,0.9142,92.85607741773129,0.00046428038708865645,0.256487570475464,0.2925371563636512,0.21142951100046048
mnist_mlp,scratch,0,11585,32,6634,0.003,0.003,136,3.0052654294346137,34816,0.25633666623395013,0.9226586102719033,0.2884588806152344,0.9116,92.85661894828081,0.1392849284224212,0.39562159465637137,0.42774380903765563,0.2907941680005024
mnist_mlp,scratch,1,11585,32,6634,0.003,1e-06,136,3.0052654294346137,34816,0.2560223312279146,0.9236081139404402,0.29207245483398436,0.9142,92.85694216936827,4.642847108468413e-05,0.2560687596989993,0.292118883305069,0.21754621699983545
mnist_mlp,scratch,1,11585,32,6634,0.003,0.0,136,3.0052654294346137,34816,0.2560223312279146,0.9236081139404402,0.29207245483398436,0.9142,92.85694216936827,0.0,0.2560223312279146,0.29207245483398436,0.21378729599928192
mnist_mlp,scratch,1,11585,45,9325,0.003,1e-06,136,3.0052654294346137,34816,0.2274372230895285,0.9315494173500216,0.2563644805908203,0.9188,102.7214500233531,5.1360725011676545e-05,0.22748858381454018,0.25641584131583195,0.20395544500024698
mnist_mlp,scratch,1,11585,45,9325,0.003,0.0,136,3.0052654294346137,34816,0.2274372230895285,0.9315494173500216,0.2563644805908203,0.9188,102.7214500233531,0.0,0.2274372230895285,0.2563644805908203,0.2053522719998
mnist_mlp,scratch,1,11585,32,6634,0.003,0.03,136,3.0052654294346137,34816,0.25703283580768505,0.9233491583944756,0.2924732238769531,0.9138,91.95434091240168,1.379315113686025,1.63634794949371,1.6717883375629783,0.19469511299939768
mnist_mlp,scratch,1,11585,32,6634,0.003,0.01,136,3.0052654294346137,34816,0.25628507216531343,0.9236081139404402,0.29208662719726564,0.9144,92.54999286681414,0.4627499643340707,0.719035036499384,0.7548365915313363,0.22808928900121828
mnist_mlp,scratch,1,11585,32,6634,0.003,0.003,136,3.0052654294346137,34816,0.2561048933283543,0.9236081139404402,0.2921207458496094,0.914,92.76759741455317,0.13915139612182975,0.39525628945018404,0.43127214197143915,0.20761860600032378
mnist_mlp,scratch,1,11585,45,9325,0.003,1e-05,136,3.0052654294346137,34816,0.2274380528726195,0.9315494173500216,0.25636486206054687,0.9188,102.72040370851755,0.0005136020185425878,0.2279516548911621,0.2568784640790895,0.2160241199999291
mnist_mlp,scratch,0,11585,45,9325,0.003,3e-05,136,3.0052654294346137,34816,0.2252500702813107,0.9327578765645231,0.26173330688476565,0.9252,109.19195106625557,0.0016378792659938336,0.22688794954730454,0.2633711861507595,0.2361472689999573
mnist_mlp,scratch,2,11585,64,13258,0.003,0.03,136,3.0052654294346137,34816,0.19622502958769422,0.9418213206732844,0.23678682861328126,0.9268,124.55672188475728,1.8683508282713592,2.0645758578590536,2.1051376568846405,0.21938222800054064
mnist_mlp,scratch,0,11585,45,9325,0.003,0.001,136,3.0052654294346137,34816,0.22526287001476855,0.9327578765645231,0.26172037658691405,0.925,109.1425378844142,0.054571268942207096,0.2798341389569756,0.31629164552912115,0.259343701999569
mnist_mlp,scratch,0,11585,45,9325,0.003,0.03,136,3.0052654294346137,34816,0.22617102677728473,0.9325852395338801,0.26200965576171875,0.925,108.11070142686367,1.621660521402955,1.8478315481802396,1.8836701771646736,0.23861653299991303
mnist_mlp,scratch,2,11585,91,18847,0.003,3e-05,136,3.0052654294346137,34816,0.18086789674063308,0.9477772982304704,0.23249490661621094,0.9294,149.37398125231266,0.00224060971878469,0.18310850645941779,0.23473551633499565,0.2586050919999252
mnist_mlp,scratch,0,11585,45,9325,0.003,0.0003,136,3.0052654294346137,34816,0.2252316174859058,0.9325852395338801,0.2617327697753906,0.925,109.17414847016335,0.016376122270524502,0.24160773975643032,0.2781088920459151,0.22103877699919394
mnist_mlp,scratch,0,11585,45,9325,0.003,0.0001,136,3.0052654294346137,34816,0.22525190634103906,0.9327578765645231,0.2617338806152344,0.9252,109.18954142928123,0.005459477071464062,0.23071138341250313,0.26719335768669844,0.2195068840001113
mnist_mlp,scratch,2,11585,91,18847,0.003,1e-05,136,3.0052654294346137,34816,0.18086763595166164,0.9477772982304704,0.23249488220214845,0.9294,149.37449549138546,0.0007468724774569274,0.18161450842911855,0.23324175467960537,0.2539117090000218
mnist_mlp,scratch,0,11585,45,9325,0.003,0.0,136,3.0052654294346137,34816,0.2252489560011599,0.9327578765645231,0.26173294677734377,0.9252,109.19341854006052,0.0,0.2252489560011599,0.26173294677734377,0.2350873909999791
mnist_mlp,scratch,0,11585,91,18847,0.003,1e-06,136,3.0052654294346137,34816,0.1806221439656277,0.9481225722917566,0.23265455322265624,0.9322,151.26249885559082,7.56312494277954e-05,0.1806977752150555,0.23273018447208405,0.2947453590004443
mnist_mlp,scratch,0,11585,45,9325,0.003,1e-05,136,3.0052654294346137,34816,0.2252497778815548,0.9327578765645231,0.26173321228027346,0.9252,109.19231344014406,0.0005459615672007204,0.22579573944875553,0.2622791738474742,0.3180659849995209
mnist_mlp,scratch,0,11585,45,9325,0.003,3e-06,136,3.0052654294346137,34816,0.2252489560011599,0.9327578765645231,0.26173294677734377,0.9252,109.19341854006052,0.00016379012781009077,0.22541274612897,0.26189673690515386,0.2845254859994384
mnist_mlp,scratch,2,11585,91,18847,0.003,3e-06,136,3.0052654294346137,34816,0.18086692207478017,0.9477772982304704,0.2324948760986328,0.9294,149.37623151391745,0.00022406434727087617,0.18109098642205104,0.2327189404459037,0.2547956179987523
mnist_mlp,scratch,0,11585,45,9325,0.003,1e-06,136,3.0052654294346137,34816,0.2252489560011599,0.9327578765645231,0.26173294677734377,0.9252,109.19341854006052,5.459670927003026e-05,0.22530355271042993,0.2617875434866138,0.22742210700016585
mnist_mlp,scratch,2,11585,91,18847,0.003,0.001,136,3.0052654294346137,34816,0.18088108107196807,0.947863616745792,0.23244721374511718,0.9296,149.32383054494858,0.07466191527247429,0.25554299634444233,0.30710912901759146,0.24420836399986
mnist_mlp,scratch,2,11585,91,18847,0.003,0.0003,136,3.0052654294346137,34816,0.18087459295846595,0.9477772982304704,0.23249511108398438,0.9294,149.35834105312824,0.022403751157969234,0.2032783441164352,0.2548988622419536,0.2536994429992774
mnist_mlp,scratch,0,11585,32,6634,0.003,0.03,136,3.0052654294346137,34816,0.2572146030865613,0.923090202848511,0.28896335144042967,0.9108,92.0240653604269,1.3803609804064034,1.6375755834929646,1.6693243318468332,0.27796584400039137
mnist_mlp,scratch,2,11585,91,18847,0.003,0.0001,136,3.0052654294346137,34816,0.18086948781678222,0.9477772982304704,0.23249490966796876,0.9294,149.37013644725084,0.007468506822362542,0.18833799463914477,0.23996341649033132,0.2550660489996517
mnist_mlp,scratch,0,11585,128,26506,0.003,1e-06,136,3.0052654294346137,34816,0.16330677570841876,0.9526111350884765,0.225685986328125,0.933,175.55842755362391,8.777921377681195e-05,0.16339455492219557,0.22577376554190182,0.2790454059995682
mnist_mlp,scratch,0,11585,128,26506,0.003,3e-05,136,3.0052654294346137,34816,0.16330765554191842,0.9526111350884765,0.2256859588623047,0.933,175.55555496364832,0.0026333333244547247,0.16594098886637315,0.22831929218675942,0.28773873199952504
mnist_mlp,scratch,2,11585,32,6634,0.003,3e-06,136,3.0052654294346137,34816,0.25245371338206735,0.927924039706517,0.2855010955810547,0.9154,98.69195672869682,0.00014803793509304524,0.2526017513171604,0.28564913351614774,0.21582257699992624
mnist_mlp,scratch,0,11585,128,26506,0.003,1e-05,136,3.0052654294346137,34816,0.1633074500718197,0.9526111350884765,0.22568595581054687,0.933,175.55625972151756,0.0008777812986075879,0.1641852313704273,0.22656373710915445,0.2993736409998746
mnist_mlp,scratch,2,11585,32,6634,0.003,1e-06,136,3.0052654294346137,34816,0.25245371338206735,0.927924039706517,0.2855010955810547,0.9154,98.69195672869682,4.934597836434841e-05,0.2525030593604317,0.28555044155941905,0.20412362399838457
mnist_mlp,scratch,2,11585,32,6634,0.003,0.0,136,3.0052654294346137,34816,0.25245371338206735,0.927924039706517,0.2855010955810547,0.9154,98.69195672869682,0.0,0.25245371338206735,0.2855010955810547,0.19179250299930573
mnist_mlp,scratch,2,11585,32,6634,0.003,0.0001,136,3.0052654294346137,34816,0.2524571958368175,0.927924039706517,0.28550314636230467,0.9154,98.68854461610317,0.004934427230805159,0.2573916230676227,0.29043757359310984,0.2034891229995992
mnist_mlp,scratch,2,11585,32,6634,0.003,3e-05,136,3.0052654294346137,34816,0.25245500415576444,0.927924039706517,0.2855019836425781,0.9154,98.69061733782291,0.0014803592600673438,0.2539353634158318,0.28698234290264546,0.21402834699983941
mnist_mlp,scratch,2,11585,32,6634,0.003,1e-05,136,3.0052654294346137,34816,0.2524546933163843,0.927924039706517,0.28550184326171874,0.9154,98.6909324079752,0.000493454662039876,0.2529481479784242,0.2859952979237586,0.22261117099878902
mnist_mlp,scratch,0,11585,128,26506,0.003,3e-06,136,3.0052654294346137,34816,0.16330677570841876,0.9526111350884765,0.225685986328125,0.933,175.55842755362391,0.0002633376413304359,0.1635701133497492,0.22594932396945544,0.29663729699950636
mnist_mlp,scratch,0,11585,128,26506,0.003,0.0001,136,3.0052654294346137,34816,0.1633344549015261,0.9525248165731549,0.22573990478515624,0.933,175.5589002557099,0.008777945012785495,0.1721123999143116,0.23451784979794174,0.282690743000785
mnist_mlp,scratch,2,11585,32,6634,0.003,0.003,136,3.0052654294346137,34816,0.25259536920974723,0.927751402675874,0.2858097717285156,0.9156,98.59998425841331,0.14789997638761998,0.4004953455973672,0.4337097481161356,0.2123905129992636
mnist_mlp,scratch,2,11585,32,6634,0.003,0.001,136,3.0052654294346137,34816,0.25250774148110433,0.927924039706517,0.2855343048095703,0.9154,98.65540961921215,0.04932770480960608,0.3018354462907104,0.3348620096191764,0.20442533300047216
mnist_mlp,scratch,2,11585,32,6634,0.003,0.0003,136,3.0052654294346137,34816,0.252473960089488,0.927924039706517,0.2855081634521484,0.9154,98.6808747947216,0.01480213121920824,0.2672760913086963,0.30031029467135667,0.20605756399891106
mnist_mlp,scratch,2,11585,256,53002,0.003,0.03,136,3.0052654294346137,34816,0.13159067732638513,0.9615019421665947,0.20017096252441408,0.9418,254.58356193453074,3.8187534290179608,3.950344106344346,4.018924391542375,0.32708538999941084
mnist_mlp,scratch,0,11585,91,18847,0.003,0.03,136,3.0052654294346137,34816,0.18136427035144448,0.947863616745792,0.23277650451660156,0.9322,149.45471896976233,2.2418207845464346,2.4231850548978793,2.4745972890630363,0.2509454390001338
mnist_mlp,scratch,2,11585,45,9325,0.003,0.0,136,3.0052654294346137,34816,0.21828829024853663,0.9364695727233492,0.2517464172363281,0.9248,107.55015887320042,0.0,0.21828829024853663,0.2517464172363281,0.21025080700019316
mnist_mlp,scratch,2,11585,32,6634,0.003,0.03,136,3.0052654294346137,34816,0.2536751224812527,0.9274061286145878,0.2863697479248047,0.9152,97.68181930482388,1.4652272895723581,1.7189024120536107,1.7515970374971628,0.20384681799987447
mnist_mlp,scratch,2,11585,256,53002,0.003,0.01,136,3.0052654294346137,34816,0.1311551083765207,0.9614156236512732,0.20038869934082032,0.9416,257.10956895072013,1.2855478447536006,1.4167029531301214,1.485936544094421,0.33064434500010975
mnist_mlp,scratch,0,11585,256,53002,0.003,3e-05,136,3.0052654294346137,34816,0.13242876483388744,0.9611566681053086,0.20910782775878906,0.9398,259.71787379682064,0.00389576810695231,0.13632453294083974,0.21300359586574136,0.32764596000015445
mnist_mlp,scratch,0,11585,181,37477,0.003,3e-06,136,3.0052654294346137,34816,0.14922604945696888,0.9564954682779456,0.21432157592773438,0.938,209.23840610682964,0.00031385760916024445,0.14953990706612913,0.21463543353689463,0.3558124070004851
mnist_mlp,scratch,0,11585,181,37477,0.003,0.0003,136,3.0052654294346137,34816,0.1492384843492899,0.9564954682779456,0.2143190399169922,0.9382,209.20980811864138,0.031381471217796206,0.1806199555670861,0.2457005111347884,0.33368067700030224
mnist_mlp,scratch,0,11585,181,37477,0.003,0.01,136,3.0052654294346137,34816,0.14943109149299,0.9568407423392318,0.21447767944335938,0.938,208.32503072172403,1.0416251536086203,1.1910562451016102,1.2561028330519797,0.3278765499999281
mnist_mlp,scratch,0,11585,128,26506,0.003,0.03,136,3.0052654294346137,34816,0.1641555516124029,0.9525248165731549,0.2257912078857422,0.9332,173.3630940951407,2.6004464114271104,2.7646019630395133,2.8262376193128524,0.2869229689995336
mnist_mlp,scratch,0,11585,128,26506,0.003,0.01,136,3.0052654294346137,34816,0.1635623489004505,0.9525248165731549,0.2255437469482422,0.9334,174.82678679004312,0.8741339339502155,1.037696282850666,1.0996776808984579,0.2776908920004644
mnist_mlp,scratch,0,11585,181,37477,0.003,1e-06,136,3.0052654294346137,34816,0.14922604945696888,0.9564954682779456,0.21432157592773438,0.938,209.23840610682964,0.00010461920305341482,0.1493306686600223,0.21442619513078778,0.33686918700004753
mnist_mlp,scratch,0,11585,256,53002,0.003,3e-06,136,3.0052654294346137,34816,0.13243553876156533,0.9611566681053086,0.20913536071777344,0.9398,259.71233558282256,0.00038956850337423386,0.13282510726493957,0.20952492922114768,0.3208063020001646
mnist_mlp,scratch,0,11585,256,53002,0.003,1e-06,136,3.0052654294346137,34816,0.13243553876156533,0.9611566681053086,0.20913536071777344,0.9398,259.71233558282256,0.00012985616779141127,0.13256539492935673,0.20926521688556485,0.32341069400081324
mnist_mlp,scratch,2,11585,256,53002,0.003,0.003,136,3.0052654294346137,34816,0.13109015480011868,0.9615019421665947,0.20014466857910157,0.9418,258.0209250804037,0.3870313876206055,0.5181215424207242,0.587176056199707,0.3370298660011031
mnist_mlp,scratch,0,11585,181,37477,0.003,3e-05,136,3.0052654294346137,34816,0.149227340230666,0.9564954682779456,0.21432233276367188,0.938,209.23535534739494,0.003138530330210924,0.15236587056087691,0.2174608630938828,0.3492776169996432
mnist_mlp,scratch,0,11585,181,37477,0.003,1e-05,136,3.0052654294346137,34816,0.1492271439803794,0.9564954682779456,0.21432236938476562,0.938,209.236277975142,0.00104618138987571,0.15027332537025512,0.21536855077464134,0.36160282000037114
mnist_mlp,scratch,0,11585,181,37477,0.003,0.0001,136,3.0052654294346137,34816,0.1492352969285276,0.9564954682779456,0.21432366638183595,0.9382,209.22749008238316,0.010461374504119159,0.15969667143264676,0.2247850408859551,0.33299032500053727
mnist_mlp,scratch,0,11585,181,37477,0.003,0.003,136,3.0052654294346137,34816,0.14934873749688107,0.9567544238239102,0.21450326232910155,0.938,208.9404215887189,0.31341063238307837,0.46275936987995947,0.52791389471218,0.3298381749991677
mnist_mlp,scratch,0,11585,181,37477,0.003,0.001,136,3.0052654294346137,34816,0.14929028257090932,0.9564954682779456,0.21437998657226562,0.938,209.14792620390654,0.10457396310195327,0.2538642456728626,0.31895394967421886,0.3399151250005161
mnist_mlp,scratch,0,11585,256,53002,0.003,0.0,136,3.0052654294346137,34816,0.13243553876156533,0.9611566681053086,0.20913536071777344,0.9398,259.71233558282256,0.0,0.13243553876156533,0.20913536071777344,0.3030042840000533
mnist_mlp,scratch,0,11585,181,37477,0.003,0.03,136,3.0052654294346137,34816,0.14982753946290328,0.9564954682779456,0.21447714233398438,0.9382,206.35139751434326,3.0952709627151487,3.245098502178052,3.309748105049133,0.2978576180003074
mnist_mlp,scratch,0,11585,128,26506,0.003,0.0003,136,3.0052654294346137,34816,0.16334940153409244,0.9524384980578334,0.2257522216796875,0.9328,175.55936689674854,0.02633390503451228,0.18968330656860471,0.2520861267141998,0.2839800159999868
mnist_mlp,scratch,2,11585,45,9325,0.003,0.03,136,3.0052654294346137,34816,0.21935240671868256,0.9363832542080276,0.25218960266113283,0.9246,106.40829446911812,1.5961244170367717,1.8154768237554542,1.8483140196979044,0.2182310600001074
mnist_mlp,scratch,2,11585,256,53002,0.003,3e-06,136,3.0052654294346137,34816,0.13093975727343077,0.9615019421665947,0.20049484252929686,0.9418,258.4026084728539,0.00038760391270928086,0.13132736118614005,0.20088244644200615,0.3058907859995088
mnist_mlp,scratch,2,11585,256,53002,0.003,1e-06,136,3.0052654294346137,34816,0.13093975727343077,0.9615019421665947,0.20049484252929686,0.9418,258.4026084728539,0.00012920130423642694,0.1310689585776672,0.2006240438335333,0.3141427600003226
mnist_mlp,scratch,0,11585,91,18847,0.003,0.0001,136,3.0052654294346137,34816,0.18061996808996683,0.9482088908070782,0.23265516967773436,0.932,151.25236350297928,0.007562618175148964,0.1881825862651158,0.24021778785288334,0.30892610699993384
mnist_mlp,scratch,0,11585,91,18847,0.003,3e-05,136,3.0052654294346137,34816,0.18062301326219923,0.9481225722917566,0.2326548126220703,0.9322,151.2602902278304,0.0022689043534174563,0.18289191761561668,0.23492371697548775,0.2565000610002244
mnist_mlp,scratch,0,11585,91,18847,0.003,0.003,136,3.0052654294346137,34816,0.1806621342421504,0.9482088908070782,0.23254610900878905,0.9322,151.06928205117583,0.22660392307676375,0.4072660573189142,0.45915003208555283,0.24505584100006672
mnist_mlp,scratch,0,11585,91,18847,0.003,0.001,136,3.0052654294346137,34816,0.18063072365936556,0.9482088908070782,0.23262701416015624,0.932,151.19676730781794,0.07559838365390897,0.25622910731327453,0.3082253978140652,0.2484115560000646
mnist_mlp,scratch,0,11585,91,18847,0.003,1e-05,136,3.0052654294346137,34816,0.180622770912852,0.9481225722917566,0.23265474548339843,0.9322,151.2608182951808,0.0007563040914759041,0.1813790750043279,0.23341104957487432,0.2929270689992336
mnist_mlp,scratch,0,11585,91,18847,0.003,3e-06,136,3.0052654294346137,34816,0.1806221439656277,0.9481225722917566,0.23265455322265624,0.9322,151.26249885559082,0.00022689374828338625,0.1808490377139111,0.23288144697093963,0.28895246900083293
mnist_mlp,scratch,2,11585,256,53002,0.003,1e-05,136,3.0052654294346137,34816,0.13094006679569486,0.9615019421665947,0.20049439086914062,0.9418,258.39894787129015,0.001291994739356451,0.13223206153505132,0.20178638560849707,0.3146404800008895
mnist_mlp,scratch,2,11585,45,9325,0.003,0.01,136,3.0052654294346137,34816,0.21868515574422745,0.9362969356927061,0.2519446472167969,0.9246,107.21847401559353,0.5360923700779676,0.754777525822195,0.7880370172947645,0.22745243000099435
mnist_mlp,scratch,2,11585,181,37477,0.003,1e-05,136,3.0052654294346137,34816,0.1472101125112113,0.9565817867932671,0.20738658142089844,0.939,210.538984333165,0.0010526949216658251,0.14826280743287712,0.20843927634256426,0.28684828000041307
mnist_mlp,scratch,2,11585,181,37477,0.003,3e-06,136,3.0052654294346137,34816,0.14720944605050645,0.9565817867932671,0.207386669921875,0.939,210.5420614629984,0.0003158130921944976,0.14752525914270095,0.2077024830140695,0.29531482300080825
mnist_mlp,scratch,2,11585,181,37477,0.003,0.003,136,3.0052654294346137,34816,0.14722067578167147,0.9565817867932671,0.20722001647949218,0.9388,210.23867145273834,0.3153580071791075,0.462578682960779,0.5225780236585997,0.30227975900015736
mnist_mlp,scratch,2,11585,181,37477,0.003,0.001,136,3.0052654294346137,34816,0.14719227612610258,0.9565817867932671,0.2073319549560547,0.939,210.45154756121337,0.10522577378060669,0.25241804990670924,0.3125577287366614,0.31315792900022643
mnist_mlp,scratch,2,11585,181,37477,0.003,0.01,136,3.0052654294346137,34816,0.14741692211692786,0.9564954682779456,0.20733463134765626,0.9388,209.6409003213048,1.048204501606524,1.195621423723452,1.2555391329541803,0.3136796899998444
mnist_mlp,scratch,2,11585,181,37477,0.003,0.0003,136,3.0052654294346137,34816,0.14718439186962196,0.9564954682779456,0.20738797302246093,0.939,210.51276785880327,0.03157691517882049,0.17876130704844245,0.23896488820128142,0.30527558799985854
mnist_mlp,scratch,2,11585,181,37477,0.003,0.0001,136,3.0052654294346137,34816,0.1472111609355612,0.9565817867932671,0.20738636779785155,0.939,210.5315881036222,0.01052657940518111,0.1577377403407423,0.21791294720303267,0.28846361199975945
mnist_mlp,scratch,2,11585,256,53002,0.003,0.0001,136,3.0052654294346137,34816,0.13095161922028417,0.9615019421665947,0.20051882934570311,0.9416,258.3972032694146,0.01291986016347073,0.1438714793837549,0.21343868950917386,0.327300077999098
mnist_mlp,scratch,2,11585,256,53002,0.003,0.001,136,3.0052654294346137,34816,0.1309748966116611,0.9616745791972378,0.20015761413574218,0.9418,258.23427781276405,0.12911713890638202,0.2600920355180431,0.32927475304212417,0.319023919000756
mnist_mlp,scratch,0,11585,128,26506,0.003,0.0,136,3.0052654294346137,34816,0.16330677570841876,0.9526111350884765,0.225685986328125,0.933,175.55842755362391,0.0,0.16330677570841876,0.225685986328125,0.25477166499968007
mnist_mlp,scratch,2,11585,32,6634,0.003,0.01,136,3.0052654294346137,34816,0.25282798243536225,0.9278377211911956,0.28589617309570314,0.9158,98.36115327477455,0.49180576637387274,0.7446337488092349,0.7777019394695759,0.2068261860003986
mnist_mlp,scratch,2,11585,45,9325,0.003,3e-05,136,3.0052654294346137,34816,0.21828948355564848,0.9364695727233492,0.2517469421386719,0.9248,107.54872557520866,0.00161323088362813,0.21990271443927661,0.2533601730223,0.22320350200061512
mnist_mlp,scratch,2,11585,45,9325,0.003,1e-05,136,3.0052654294346137,34816,0.21828918852166054,0.9364695727233492,0.25174679565429686,0.9248,107.54905228316784,0.0005377452614158392,0.21882693378307638,0.2522845409157127,0.2430752649997885
mnist_mlp,scratch,2,11585,45,9325,0.003,3e-06,136,3.0052654294346137,34816,0.21828829024853663,0.9364695727233492,0.2517464172363281,0.9248,107.55015887320042,0.00016132523830980064,0.21844961548684644,0.25190774247463793,0.22014512399982777
mnist_mlp,scratch,2,11585,45,9325,0.003,1e-06,136,3.0052654294346137,34816,0.21828829024853663,0.9364695727233492,0.2517464172363281,0.9248,107.55015887320042,5.377507943660021e-05,0.21834206532797323,0.2518001923157647,0.21820818500054884
mnist_mlp,scratch,2,11585,256,53002,0.003,0.0003,136,3.0052654294346137,34816,0.13095916102660027,0.9614156236512732,0.20053470764160156,0.9418,258.35494751948863,0.03875324212792329,0.16971240315452357,0.23928794976952483,0.30626452500109735
mnist_mlp,scratch,1,11585,256,53002,0.003,1e-05,136,3.0052654294346137,34816,0.13134404603499608,0.9594302977988779,0.20318838806152345,0.9412,261.0350119937211,0.0013051750599686058,0.1326492210949647,0.20449356312149206,0.3060694980013068
mnist_mlp,scratch,2,11585,256,53002,0.003,3e-05,136,3.0052654294346137,34816,0.13094051724937283,0.9615019421665947,0.2004944580078125,0.9418,258.3978451145813,0.0038759676767187194,0.13481648492609155,0.2043704256845312,0.3323811829995975
mnist_mlp,scratch,0,11585,91,18847,0.003,0.0003,136,3.0052654294346137,34816,0.18061952290475292,0.9481225722917566,0.2326258544921875,0.932,151.24043924361467,0.0226860658865422,0.20330558879129512,0.2553119203787297,0.2757907590003015
mnist_mlp,scratch,0,11585,91,18847,0.003,0.01,136,3.0052654294346137,34816,0.18080113739817114,0.9481225722917566,0.23261923828125,0.9322,150.64291710406542,0.7532145855203272,0.9340157229184983,0.9858338238015771,0.2433481269999902
mnist_mlp,scratch,2,11585,45,9325,0.003,0.001,136,3.0052654294346137,34816,0.21840136992710132,0.9362969356927061,0.2517838317871094,0.9244,107.51933278143406,0.05375966639071703,0.27216103631781835,0.30554349817782644,0.22098514699973748
mnist_mlp,scratch,2,11585,45,9325,0.003,0.0003,136,3.0052654294346137,34816,0.21838217427826256,0.9362106171773845,0.25179606628417966,0.9244,107.5489647090435,0.016132344706356525,0.23451451898461909,0.2679284109905362,0.2204064860015933
mnist_mlp,scratch,2,11585,45,9325,0.003,0.0001,136,3.0052654294346137,34816,0.21837432953526245,0.9362106171773845,0.2517798553466797,0.9244,107.55461218953133,0.005377730609476566,0.22375206014473903,0.25715758595615623,0.2206391439995059
mnist_mlp,scratch,2,11585,256,53002,0.003,0.0,136,3.0052654294346137,34816,0.13093975727343077,0.9615019421665947,0.20049484252929686,0.9418,258.4026084728539,0.0,0.13093975727343077,0.20049484252929686,0.29846093699961784
mnist_mlp,scratch,2,11585,181,37477,0.003,0.03,136,3.0052654294346137,34816,0.14780682797158232,0.9565817867932671,0.20704209899902343,0.9384,207.77765561360866,3.11666483420413,3.2644716621757124,3.3237069332031535,0.2891866669997398
mnist_mlp,scratch,0,11585,256,53002,0.003,0.01,136,3.0052654294346137,34816,0.13260877639711238,0.960897712559344,0.20906060791015624,0.9398,258.53440522775054,1.2926720261387528,1.4252808025358652,1.501732634048909,0.3440337109996108
mnist_mlp,scratch,1,11585,64,13258,0.003,0.001,136,3.0052654294346137,34816,0.19602723300688524,0.9417350021579629,0.243179296875,0.9266,124.55496066063643,0.06227748033031821,0.25830471333720345,0.3054567772053182,0.23218013199948473
mnist_mlp,scratch,1,11585,181,37477,0.003,0.0,136,3.0052654294346137,34816,0.14172736815352557,0.9574449719464825,0.212314599609375,0.9396,210.9776594992727,0.0,0.14172736815352557,0.212314599609375,0.2581035309995059
mnist_mlp,scratch,1,11585,64,13258,0.003,0.003,136,3.0052654294346137,34816,0.19610254570076474,0.9416486836426413,0.2431821319580078,0.9264,124.45286586880684,0.18667929880321027,0.382781844503975,0.4298614307612181,0.23279262800133438
mnist_mlp,scratch,1,11585,181,37477,0.003,0.01,136,3.0052654294346137,34816,0.14190525125726627,0.9577039274924471,0.2122675537109375,0.9388,210.10225825197995,1.0505112912598997,1.192416542517166,1.2627788449708373,0.2766171380008018
mnist_mlp,scratch,1,11585,128,26506,0.003,0.0003,136,3.0052654294346137,34816,0.1588917738412751,0.9546827794561934,0.21724503173828125,0.9358,177.91978079080582,0.02668796711862087,0.18557974095989596,0.24393299885690212,0.24798689400086005
mnist_mlp,scratch,0,11585,256,53002,0.003,1e-05,136,3.0052654294346137,34816,0.13243882496602893,0.9611566681053086,0.20913037109375,0.9398,259.7112357635051,0.0012985561788175256,0.13373738114484646,0.2104289272725675,0.3137175299998489
mnist_mlp,scratch,0,11585,256,53002,0.003,0.001,136,3.0052654294346137,34816,0.132452542729351,0.961070349589987,0.20916621704101562,0.9402,259.5824744403362,0.1297912372201681,0.2622437799495191,0.33895745426118373,0.32278292899991357
mnist_mlp,scratch,1,11585,91,18847,0.003,1e-06,136,3.0052654294346137,34816,0.18093658960940873,0.9465688390159689,0.22870015563964843,0.932,149.76967591792345,7.488483795896172e-05,0.18101147444736768,0.22877504047760738,0.22891960999913863
mnist_mlp,scratch,0,11585,256,53002,0.003,0.0003,136,3.0052654294346137,34816,0.13243470502712626,0.9611566681053086,0.2091094696044922,0.9398,259.67737383022904,0.03895160607453435,0.1713863111016606,0.24806107567902655,0.30616709900004935
mnist_mlp,scratch,0,11585,256,53002,0.003,0.0001,136,3.0052654294346137,34816,0.13242868185557832,0.9611566681053086,0.20910885314941408,0.9398,259.7044033072889,0.012985220165364445,0.14541390202094276,0.2220940733147785,0.3344540460002463
mnist_mlp,scratch,1,11585,91,18847,0.003,3e-06,136,3.0052654294346137,34816,0.18093658960940873,0.9465688390159689,0.22870015563964843,0.932,149.76967591792345,0.00022465451387688518,0.1811612441232856,0.2289248101535253,0.22747552600048948
mnist_mlp,scratch,1,11585,128,26506,0.003,0.001,136,3.0052654294346137,34816,0.1589455082234402,0.9547690979715149,0.21724332580566405,0.936,177.86250691488385,0.08893125345744193,0.24787676168088213,0.306174579263106,0.23938423400068132
mnist_mlp,scratch,0,11585,256,53002,0.003,0.003,136,3.0052654294346137,34816,0.13250712401711534,0.9613293051359516,0.20903035888671875,0.9404,259.34127132967114,0.3890119069945067,0.521519031011622,0.5980422658812254,0.3094623249999131
mnist_mlp,scratch,1,11585,128,26506,0.003,0.003,136,3.0052654294346137,34816,0.15897237343884874,0.9545964609408718,0.2171695587158203,0.9356,177.7180099375546,0.2665770149063319,0.42554938834518063,0.48374657362215223,0.24308061599913344
mnist_mlp,scratch,1,11585,128,26506,0.003,0.01,136,3.0052654294346137,34816,0.15919500951063134,0.9546827794561934,0.2173425048828125,0.9362,177.18762951344252,0.8859381475672126,1.045133157077844,1.1032806524500252,0.254141735000303
mnist_mlp,scratch,0,11585,128,26506,0.003,0.003,136,3.0052654294346137,34816,0.1633744754717172,0.9527837721191196,0.22572357788085937,0.9332,175.35758131369948,0.26303637197054924,0.4264108474422664,0.4887599498514086,0.2819531690001895
mnist_mlp,scratch,0,11585,128,26506,0.003,0.001,136,3.0052654294346137,34816,0.16338052893693353,0.9525248165731549,0.22567716979980468,0.9332,175.49764265865088,0.08774882132932543,0.25112935026625893,0.3134259911291301,0.2883958150005128
mnist_mlp,scratch,1,11585,91,18847,0.003,0.01,136,3.0052654294346137,34816,0.18118546394937554,0.946741476046612,0.2287178009033203,0.9322,149.1646771878004,0.7458233859390021,0.9270088498883776,0.9745411868423224,0.23835269600022002
mnist_mlp,scratch,1,11585,64,13258,0.003,0.03,136,3.0052654294346137,34816,0.19689127955397603,0.9417350021579629,0.24327044677734375,0.9262,123.1870827972889,1.8478062419593333,2.044697521513309,2.091076688736677,0.22917230799976096
mnist_mlp,scratch,1,11585,91,18847,0.003,0.003,136,3.0052654294346137,34816,0.18097912191984517,0.9466551575312905,0.2286472686767578,0.932,149.5629034936428,0.22434435524046423,0.40532347716030936,0.45299162391722203,0.25840304299890704
mnist_mlp,scratch,1,11585,256,53002,0.003,0.03,136,3.0052654294346137,34816,0.132072241284696,0.9589987052222702,0.20293437194824218,0.941,257.416666675359,3.861250000130385,3.9933222414150813,4.0641843720786275,0.3356497839995427
mnist_mlp,scratch,0,11585,32,6634,0.003,3e-05,136,3.0052654294346137,34816,0.25623410240966904,0.9227449287872248,0.2884042236328125,0.9114,92.91757932305336,0.0013937636898458004,0.2576278660995148,0.28979798732265827,0.24290420800025458
mnist_mlp,scratch,1,11585,256,53002,0.003,3e-06,136,3.0052654294346137,34816,0.13134339669679948,0.9594302977988779,0.20318849182128906,0.9412,261.03859698958695,0.00039155789548438045,0.13173495459228385,0.20358004971677343,0.31337943200014706
mnist_mlp,scratch,1,11585,64,13258,0.003,0.0,136,3.0052654294346137,34816,0.19598481923689037,0.9415623651273198,0.24321617431640624,0.9266,124.58995915204287,0.0,0.19598481923689037,0.24321617431640624,0.20778385499943397
mnist_mlp,scratch,1,11585,64,13258,0.003,1e-06,136,3.0052654294346137,34816,0.19598481923689037,0.9415623651273198,0.24321617431640624,0.9266,124.58995915204287,6.229497957602142e-05,0.1960471142164664,0.24327846929598226,0.2165745269994659
mnist_mlp,scratch,1,11585,45,9325,0.003,0.03,136,3.0052654294346137,34816,0.2284057380106617,0.9316357358653431,0.25677230224609376,0.9194,101.63936101645231,1.5245904152467846,1.7529961532574463,1.7813627174928783,0.20800691399927018
mnist_mlp,scratch,1,11585,256,53002,0.003,1e-06,136,3.0052654294346137,34816,0.13134339669679948,0.9594302977988779,0.20318849182128906,0.9412,261.03859698958695,0.00013051929849479347,0.13147391599529426,0.20331901111978384,0.28996813900084817
mnist_mlp,scratch,1,11585,256,53002,0.003,0.0,136,3.0052654294346137,34816,0.13134339669679948,0.9594302977988779,0.20318849182128906,0.9412,261.03859698958695,0.0,0.13134339669679948,0.20318849182128906,0.29922135500055447
mnist_mlp,scratch,1,11585,64,13258,0.003,3e-06,136,3.0052654294346137,34816,0.19598481923689037,0.9415623651273198,0.24321617431640624,0.9266,124.58995915204287,0.0001868849387280643,0.19617170417561844,0.2434030592551343,0.2742684509994433
mnist_mlp,scratch,1,11585,64,13258,0.003,1e-05,136,3.0052654294346137,34816,0.19598854667521984,0.9415623651273198,0.2432179138183594,0.9264,124.5925572142005,0.0006229627860710026,0.19661150946129083,0.24384087660443038,0.34463184800006275
mnist_mlp,scratch,1,11585,64,13258,0.003,3e-05,136,3.0052654294346137,34816,0.1959888443434398,0.9415623651273198,0.24321800537109375,0.9264,124.59214290976524,0.0018688821436464787,0.19785772648708627,0.24508688751474023,0.2932275439998193
mnist_mlp,scratch,1,11585,256,53002,0.003,0.01,136,3.0052654294346137,34816,0.13154133157479028,0.9594302977988779,0.2030216125488281,0.9414,259.8582589086145,1.2992912945430726,1.4308326261178628,1.5023129070919006,0.3391386670009524
mnist_mlp,scratch,1,11585,91,18847,0.003,0.001,136,3.0052654294346137,34816,0.1809413733747842,0.9464825205006474,0.22866914978027345,0.932,149.6955067180097,0.07484775335900486,0.25578912673378906,0.3035169031392783,0.23847590900004434
mnist_mlp,scratch,0,11585,32,6634,0.003,0.0001,136,3.0052654294346137,34816,0.25623615974488834,0.9227449287872248,0.28840513916015625,0.9114,92.9156571701169,0.004645782858505846,0.2608819426033942,0.2930509220186621,0.282175393000216
mnist_mlp,scratch,0,11585,32,6634,0.003,3e-06,136,3.0052654294346137,34816,0.25623290383409314,0.9227449287872248,0.2884037109375,0.9114,92.91873648017645,0.00013937810472026467,0.2563722819388134,0.28854308904222026,0.21904582800016215
mnist_mlp,scratch,1,11585,91,18847,0.003,1e-05,136,3.0052654294346137,34816,0.18093730612052222,0.9465688390159689,0.22870026245117187,0.932,149.7679737843573,0.0007488398689217866,0.18168614598944402,0.22944910232009366,0.2424843039989355
mnist_mlp,scratch,0,11585,32,6634,0.003,1e-05,136,3.0052654294346137,34816,0.25623381791260924,0.9227449287872248,0.28840411071777344,0.9114,92.91787362098694,0.0004645893681049347,0.2566984072807142,0.2888687000858784,0.23154636700019182
mnist_mlp,scratch,0,11585,32,6634,0.003,0.001,136,3.0052654294346137,34816,0.2562744245994281,0.9230038843331895,0.28847939453125,0.911,92.88461585342884,0.04644230792671442,0.30271673252614256,0.33492170245796443,0.2673385820007752
mnist_mlp,scratch,1,11585,91,18847,0.003,0.0,136,3.0052654294346137,34816,0.18093658960940873,0.9465688390159689,0.22870015563964843,0.932,149.76967591792345,0.0,0.18093658960940873,0.22870015563964843,0.23375491499973577
mnist_mlp,scratch,1,11585,64,13258,0.003,0.0001,136,3.0052654294346137,34816,0.1959918210256393,0.9415623651273198,0.24322039489746095,0.9264,124.58846494555473,0.006229423247277737,0.20222124427291704,0.24944981814473868,0.24798192599882896
mnist_mlp,scratch,1,11585,64,13258,0.003,0.0003,136,3.0052654294346137,34816,0.1959963650758996,0.9414760466119982,0.24322290344238282,0.9264,124.58167134970427,0.018687250702455638,0.21468361577835524,0.2619101541448384,0.23343505099910544
mnist_mlp,scratch,1,11585,181,37477,0.003,0.03,136,3.0052654294346137,34816,0.14244240277997883,0.957358653431161,0.212184033203125,0.9392,208.14247764833272,3.1221371647249905,3.264579567504969,3.3343211979281153,0.30104294500051765
mnist_mlp,scratch,1,11585,256,53002,0.003,0.001,136,3.0052654294346137,34816,0.13138070005664654,0.9592576607682348,0.2031928680419922,0.9412,260.9334215223789,0.13046671076118946,0.261847410817836,0.33365957880318164,0.33408191300077306
mnist_mlp,scratch,1,11585,181,37477,0.003,3e-06,136,3.0052654294346137,34816,0.14172736815352557,0.9574449719464825,0.212314599609375,0.9396,210.9776594992727,0.0003164664892489091,0.14204383464277448,0.2126310660986239,0.28614247999939835
mnist_mlp,scratch,1,11585,128,26506,0.003,3e-06,136,3.0052654294346137,34816,0.15888922258754923,0.9545964609408718,0.2172275573730469,0.9358,177.95535153150558,0.0002669330272972584,0.15915615561484647,0.21749449040034413,0.24997561199961638
mnist_mlp,scratch,1,11585,45,9325,0.003,0.0003,136,3.0052654294346137,34816,0.22747173943188256,0.9315494173500216,0.2563721893310547,0.9188,102.72248248010874,0.01540837237201631,0.24288011180389887,0.271780561703071,0.2030475050014502
mnist_mlp,scratch,1,11585,181,37477,0.003,0.0003,136,3.0052654294346137,34816,0.14172084711212304,0.9576176089771256,0.21225992126464843,0.9396,210.95569971762598,0.03164335495764389,0.17336420206976694,0.24390327622229233,0.2908859950002807
mnist_mlp,scratch,1,11585,45,9325,0.003,0.001,136,3.0052654294346137,34816,0.2275121986017075,0.9317220543806647,0.2564163848876953,0.9186,102.69559180736542,0.05134779590368271,0.2788599945053902,0.307764180791378,0.20757395600048767
mnist_mlp,scratch,1,11585,181,37477,0.003,0.0001,136,3.0052654294346137,34816,0.1417297297425449,0.9574449719464825,0.2123143035888672,0.9396,210.96730368956923,0.010548365184478463,0.15227809492702338,0.22286266877334565,0.2699158630002785
mnist_mlp,scratch,1,11585,45,9325,0.003,0.003,136,3.0052654294346137,34816,0.2276353700231981,0.9316357358653431,0.2563930725097656,0.919,102.60432111471891,0.15390648167207838,0.3815418516952765,0.410299554181844,0.20776717300032033
mnist_mlp,scratch,1,11585,45,9325,0.003,0.01,136,3.0052654294346137,34816,0.22780454830717928,0.9317220543806647,0.2565162780761719,0.919,102.32093291729689,0.5116046645864845,0.7394092128936638,0.7681209426626563,0.21086870900035137
mnist_mlp,scratch,1,11585,181,37477,0.003,3e-05,136,3.0052654294346137,34816,0.1417283270139863,0.9574449719464825,0.21231454162597657,0.9396,210.97334805130959,0.003164600220769644,0.14489292723475594,0.2154791418467462,0.268158119999498
mnist_mlp,scratch,1,11585,91,18847,0.003,0.03,136,3.0052654294346137,34816,0.18170563784662278,0.9465688390159689,0.2286614501953125,0.932,147.9860508814454,2.219790763221681,2.4014964010683038,2.4484522134169935,0.23351518100025714
mnist_mlp,scratch,1,11585,256,53002,0.003,0.003,136,3.0052654294346137,34816,0.13137457415004922,0.9595166163141994,0.20314235534667968,0.941,260.65404053777456,0.39098106080666184,0.5223556349567111,0.5941234161533415,0.3338436329995602
mnist_mlp,scratch,1,11585,181,37477,0.003,0.001,136,3.0052654294346137,34816,0.1417725215248368,0.9577902460077686,0.21234610900878906,0.9396,210.87490569800138,0.10543745284900069,0.2472099743738375,0.3177835618577898,0.2675103180008591
mnist_mlp,scratch,0,11585,32,6634,0.003,1e-06,136,3.0052654294346137,34816,0.25623290383409314,0.9227449287872248,0.2884037109375,0.9114,92.91873648017645,4.645936824008822e-05,0.25627936320233324,0.2884501703057401,0.2266468090001581
mnist_mlp,scratch,0,11585,32,6634,0.003,0.0,136,3.0052654294346137,34816,0.25623290383409314,0.9227449287872248,0.2884037109375,0.9114,92.91873648017645,0.0,0.25623290383409314,0.2884037109375,0.2171752739996009
mnist_mlp,scratch,1,11585,256,53002,0.003,0.0003,136,3.0052654294346137,34816,0.13136511857415975,0.9594302977988779,0.20316931762695312,0.9412,261.00493893027306,0.039150740839540954,0.1705158594137007,0.24232005846649407,0.3001918919999298
mnist_mlp,scratch,1,11585,256,53002,0.003,0.0001,136,3.0052654294346137,34816,0.1313603387601323,0.9594302977988779,0.2031694519042969,0.9412,261.03065799735487,0.013051532899867744,0.14441187166000005,0.21622098480416463,0.28347683399988455
mnist_mlp,scratch,1,11585,256,53002,0.003,3e-05,136,3.0052654294346137,34816,0.13134426862760304,0.9594302977988779,0.20318838500976563,0.9412,261.033803852275,0.003915507057784125,0.13525977568538716,0.20710389206754976,0.2940992809999443
mnist_mlp,scratch,1,11585,128,26506,0.003,0.0001,136,3.0052654294346137,34816,0.1589032367019752,0.9545964609408718,0.21725543212890625,0.9358,177.93705392628908,0.008896852696314454,0.16780008939828966,0.2261522848252207,0.2782015440006944
mnist_mlp,scratch,1,11585,128,26506,0.003,3e-05,136,3.0052654294346137,34816,0.15889075571059358,0.9545964609408718,0.2172291534423828,0.9358,177.9530798383057,0.002669296197574586,0.16156005190816816,0.2198984496399574,0.27522456999940914
mnist_mlp,scratch,1,11585,128,26506,0.003,1e-05,136,3.0052654294346137,34816,0.15888990880499435,0.9545964609408718,0.21722752380371094,0.9358,177.95317624136806,0.0008897658812068404,0.1597796746862012,0.21811728968491778,0.27536681200035673
mnist_mlp,scratch,1,11585,64,13258,0.003,0.01,136,3.0052654294346137,34816,0.196343543686947,0.9415623651273198,0.24330368041992187,0.9264,124.12370114028454,0.6206185057014227,0.8169620493883698,0.8639221861213446,0.23622636000072816
mnist_mlp,scratch,1,11585,181,37477,0.003,1e-05,136,3.0052654294346137,34816,0.14172813471504775,0.9574449719464825,0.21231459350585938,0.9396,210.9742838907987,0.0010548714194539934,0.14278300613450173,0.21336946492531336,0.2703047520008113
mnist_mlp,scratch,1,11585,91,18847,0.003,3e-05,136,3.0052654294346137,34816,0.1809375537383335,0.9465688390159689,0.22870029602050782,0.932,149.76745460927486,0.002246511819139123,0.18318406555747263,0.23094680783964694,0.23168691400132957
mnist_mlp,scratch,1,11585,128,26506,0.003,0.03,136,3.0052654294346137,34816,0.15961933819240262,0.9548554164868365,0.21743648681640626,0.9354,175.72143790870905,2.6358215686306354,2.795440906823038,2.853258055447042,0.23885251600040647
mnist_mlp,scratch,2,11585,128,26506,0.003,0.0,136,3.0052654294346137,34816,0.1599404260522598,0.9531290461804057,0.22266422119140625,0.9358,174.28125170059502,0.0,0.1599404260522598,0.22266422119140625,0.2541205640009139
mnist_mlp,scratch,2,11585,128,26506,0.003,1e-06,136,3.0052654294346137,34816,0.1599404260522598,0.9531290461804057,0.22266422119140625,0.9358,174.28125170059502,8.714062585029751e-05,0.1600275666781101,0.22275136181725655,0.2610224889995152
mnist_mlp,scratch,0,11585,256,53002,0.003,0.03,136,3.0052654294346137,34816,0.1329987099112032,0.9607250755287009,0.20861522216796874,0.9402,256.09777389653027,3.841466608447954,3.974465318359157,4.050081830615922,0.32555867900009616
mnist_mlp,scratch,1,11585,32,6634,0.003,0.001,136,3.0052654294346137,34816,0.25604490923068624,0.9236944324557618,0.29208112182617185,0.9142,92.8269574418664,0.0464134787209332,0.30245838795161945,0.33849460054710506,0.2169724089999363
mnist_mlp,scratch,2,11585,128,26506,0.003,3e-06,136,3.0052654294346137,34816,0.1599404260522598,0.9531290461804057,0.22266422119140625,0.9358,174.28125170059502,0.00026142187755089254,0.1602018479298107,0.22292564306895715,0.27010024700030044
mnist_mlp,scratch,2,11585,128,26506,0.003,1e-05,136,3.0052654294346137,34816,0.15994145340275343,0.9531290461804057,0.22266484375,0.9358,174.27888918668032,0.0008713944459334017,0.16081284784868682,0.2235362381959334,0.2918917599999986
mnist_mlp,scratch,1,11585,128,26506,0.003,0.0,136,3.0052654294346137,34816,0.15888922258754923,0.9545964609408718,0.2172275573730469,0.9358,177.95535153150558,0.0,0.15888922258754923,0.2172275573730469,0.24146862700035854
mnist_mlp,scratch,1,11585,91,18847,0.003,0.0003,136,3.0052654294346137,34816,0.1809451772058427,0.946741476046612,0.2286990966796875,0.9324,149.74891294538975,0.02246233694180846,0.20340751414765115,0.25116143362149596,0.22385571699851425
mnist_mlp,scratch,1,11585,181,37477,0.003,1e-06,136,3.0052654294346137,34816,0.14172736815352557,0.9574449719464825,0.212314599609375,0.9396,210.9776594992727,0.00010548882974963635,0.14183285698327522,0.21242008843912463,0.266681528000845
mnist_mlp,scratch,1,11585,45,9325,0.003,0.0001,136,3.0052654294346137,34816,0.22746405274280454,0.9315494173500216,0.2563610137939453,0.9188,102.73248991370201,0.005136624495685101,0.23260067723848965,0.2614976382896304,0.2101986610014137
mnist_mlp,scratch,1,11585,45,9325,0.003,3e-05,136,3.0052654294346137,34816,0.22743834263814333,0.9315494173500216,0.25636500244140625,0.9188,102.72008329629898,0.0015408012494444847,0.2289791438875878,0.25790580369085075,0.21011498200095957
mnist_mlp,scratch,1,11585,181,37477,0.003,0.003,136,3.0052654294346137,34816,0.14185094261251754,0.9576176089771256,0.2123903289794922,0.9392,210.65959528647363,0.31598939292971046,0.457840335542228,0.5283797219092027,0.2762309499994444
mnist_mlp,scratch,0,11585,181,37477,0.003,0.0,136,3.0052654294346137,34816,0.14922604945696888,0.9564954682779456,0.21432157592773438,0.938,209.23840610682964,0.0,0.14922604945696888,0.21432157592773438,0.3171815109999443
mnist_mlp,scratch,1,11585,45,9325,0.003,3e-06,136,3.0052654294346137,34816,0.2274372230895285,0.9315494173500216,0.2563644805908203,0.9188,102.7214500233531,0.00015408217503502965,0.22759130526456353,0.25651856276585533,0.2039721709988953
mnist_mlp,scratch,1,11585,91,18847,0.003,0.0001,136,3.0052654294346137,34816,0.18094192656351155,0.9466551575312905,0.2287122802734375,0.9322,149.76552667096257,0.007488276333548129,0.18843020289705967,0.23620055660698563,0.22894081999947957
mnist_mlp,scratch,1,11585,128,26506,0.003,1e-06,136,3.0052654294346137,34816,0.15888922258754923,0.9545964609408718,0.2172275573730469,0.9358,177.95535153150558,8.897767576575279e-05,0.15897820026331497,0.21731653504881263,0.2668166170005861
mnist_mlp,scratch,0,16384,32,6634,0.003,3e-06,192,3.0,49152,0.22003542073071003,0.9351806640625,0.2542268463134766,0.9232,104.92744928598404,0.00015739117392897606,0.22019281190463902,0.2543842374874056,0.3175054650000675
mnist_mlp,scratch,0,16384,32,6634,0.003,0.0001,192,3.0,49152,0.22003876976668835,0.9351806640625,0.2542276916503906,0.9232,104.92275656759739,0.00524613782837987,0.22528490759506822,0.25947382947877046,0.30343898499995703
mnist_mlp,scratch,0,16384,32,6634,0.003,0.0,192,3.0,49152,0.22003542073071003,0.9351806640625,0.2542268463134766,0.9232,104.92744928598404,0.0,0.22003542073071003,0.2542268463134766,0.3227759439996589
mnist_mlp,scratch,0,16384,32,6634,0.003,0.0003,192,3.0,49152,0.22005762718617916,0.93499755859375,0.25426627502441407,0.9234,104.91508509963751,0.015737262764945626,0.2357948899511248,0.2700035377893597,0.38314678000006097
mnist_mlp,scratch,0,16384,32,6634,0.003,3e-05,192,3.0,49152,0.2200366836041212,0.9351806640625,0.2542272155761719,0.9232,104.92566753178835,0.0015738850129768253,0.22161056861709805,0.25580110058914873,0.29116021800018643
mnist_mlp,scratch,0,16384,32,6634,0.003,1e-06,192,3.0,49152,0.22003542073071003,0.9351806640625,0.2542268463134766,0.9232,104.92744928598404,5.246372464299202e-05,0.22008788445535302,0.2542793100381196,0.297062755999832
mnist_mlp,scratch,0,16384,32,6634,0.003,1e-05,192,3.0,49152,0.22003637067973614,0.9351806640625,0.25422708129882815,0.9232,104.92613357305527,0.0005246306678652764,0.22056100134760143,0.25475171196669344,0.291389039999558
mnist_mlp,scratch,2,16384,45,9325,0.003,0.03,192,3.0,49152,0.18917685374617577,0.9466552734375,0.2259804901123047,0.9338,116.28176593780518,1.7442264890670776,1.9334033428132533,1.9702069791793821,0.32311783600016497
mnist_mlp,scratch,2,16384,64,13258,0.003,0.0,192,3.0,49152,0.16654317639768124,0.95257568359375,0.20241046752929687,0.9432,140.26784200966358,0.0,0.16654317639768124,0.20241046752929687,0.3279012370003329
mnist_mlp,scratch,2,16384,64,13258,0.003,1e-06,192,3.0,49152,0.16654317639768124,0.95257568359375,0.20241046752929687,0.9432,140.26784200966358,7.013392100483178e-05,0.16661331031868606,0.2024806014503017,0.33148582899957546
mnist_mlp,scratch,2,16384,64,13258,0.003,3e-06,192,3.0,49152,0.16654317639768124,0.95257568359375,0.20241046752929687,0.9432,140.26784200966358,0.00021040176301449537,0.16675357816069572,0.20262086929231135,0.35365976499997487
mnist_mlp,scratch,2,16384,64,13258,0.003,1e-05,192,3.0,49152,0.16654406860470772,0.95257568359375,0.20241060791015625,0.9432,140.26581218093634,0.0007013290609046818,0.1672453976656124,0.20311193697106092,0.34885448800014274
mnist_mlp,scratch,2,16384,64,13258,0.003,0.003,192,3.0,49152,0.1667375322431326,0.95263671875,0.20256983947753907,0.9434,140.02069427073002,0.21003104140609502,0.3767685736492276,0.4126008808836341,0.32567800200013153
mnist_mlp,scratch,2,16384,45,9325,0.003,0.001,192,3.0,49152,0.18803862668573856,0.94647216796875,0.22592417297363282,0.9348,117.97019051015377,0.058985095255076885,0.24702372194081545,0.2849092682287097,0.3107300449992181
mnist_mlp,scratch,0,16384,45,9325,0.003,0.001,192,3.0,49152,0.19438881799578667,0.9444580078125,0.22543154907226562,0.9362,123.37629614770412,0.06168814807385206,0.2560769660696387,0.2871196971461177,0.3641368010003134
mnist_mlp,scratch,0,16384,45,9325,0.003,0.003,192,3.0,49152,0.19446354173123837,0.94427490234375,0.22539305419921876,0.9364,123.28571317344904,0.18492856976017355,0.37939211149141194,0.4103216239593923,0.3522063160007747
mnist_mlp,scratch,0,16384,45,9325,0.003,0.01,192,3.0,49152,0.19466955959796906,0.9444580078125,0.22549315490722657,0.9364,122.86631113290787,0.6143315556645393,0.8090011152625084,0.8398247105717659,0.3214775639999061
mnist_mlp,scratch,0,16384,45,9325,0.003,0.03,192,3.0,49152,0.19524159096181393,0.9443359375,0.22538261413574218,0.936,121.68050780892372,1.8252076171338558,2.0204492080956697,2.050590231269598,0.3430648690000453
mnist_mlp,scratch,0,16384,64,13258,0.003,0.0,192,3.0,49152,0.17574367113411427,0.94781494140625,0.21042391967773438,0.9378,137.984280616045,0.0,0.17574367113411427,0.21042391967773438,0.34678118499959965
mnist_mlp,scratch,0,16384,45,9325,0.003,3e-06,192,3.0,49152,0.19437411986291409,0.94439697265625,0.22542025146484376,0.9362,123.45833940804005,0.0001851875091120601,0.19455930737202615,0.22560543897395582,0.31238588400083245
mnist_mlp,scratch,0,16384,45,9325,0.003,1e-05,192,3.0,49152,0.19437500461935997,0.94439697265625,0.2254204559326172,0.9362,123.4566465318203,0.0006172832326591016,0.19499228785201908,0.2260377391652763,0.33940659500058246
mnist_mlp,scratch,0,16384,45,9325,0.003,3e-05,192,3.0,49152,0.19437525048851967,0.94439697265625,0.22542049560546876,0.9362,123.45609537512064,0.0018518414306268097,0.19622709191914647,0.22727233703609556,0.3413151849999849
mnist_mlp,scratch,0,16384,45,9325,0.003,0.0001,192,3.0,49152,0.19435626454651356,0.9444580078125,0.22541859130859376,0.9362,123.43901105970144,0.0061719505529850725,0.20052821509949864,0.23159054186157885,0.3133919899992179
mnist_mlp,scratch,2,16384,45,9325,0.003,0.003,192,3.0,49152,0.188044972717762,0.9464111328125,0.2259278533935547,0.934,117.86037470400333,0.17679056205600502,0.364835534773767,0.4027184154495597,0.3153030020002916
mnist_mlp,scratch,2,16384,45,9325,0.003,0.01,192,3.0,49152,0.1884556282311678,0.9462890625,0.22588866577148436,0.9346,117.4160175472498,0.587080087736249,0.7755357159674168,0.8129687535077333,0.33958635099952517
mnist_mlp,scratch,2,16384,64,13258,0.003,3e-05,192,3.0,49152,0.1665443666279316,0.95257568359375,0.20241063842773438,0.9432,140.26519505679607,0.002103977925851941,0.16864834455378352,0.2045146163535863,0.3340199800004484
mnist_mlp,scratch,2,16384,64,13258,0.003,0.0001,192,3.0,49152,0.1665465496480465,0.95257568359375,0.20241087341308595,0.9432,140.26038604974747,0.007013019302487373,0.17355956895053387,0.20942389271557332,0.3140227950007102
mnist_mlp,scratch,2,16384,64,13258,0.003,0.0003,192,3.0,49152,0.16655314527451992,0.95257568359375,0.2024134002685547,0.9432,140.24600349366665,0.021036900524049995,0.18759004579856992,0.2234503007926047,0.3229555430007167
mnist_mlp,scratch,2,16384,91,18847,0.003,0.0,192,3.0,49152,0.15427669882774353,0.9564208984375,0.19867113647460938,0.9408,168.2212751954794,0.0,0.15427669882774353,0.19867113647460938,0.36855889899925387
mnist_mlp,scratch,2,16384,45,9325,0.003,0.0001,192,3.0,49152,0.18801605887711048,0.94647216796875,0.22592717590332032,0.9346,118.00151067972183,0.005900075533986092,0.19391613441109656,0.2318272514373064,0.3064336799998273
mnist_mlp,scratch,2,16384,45,9325,0.003,0.0003,192,3.0,49152,0.1880097035318613,0.94659423828125,0.22587720336914063,0.9346,117.98610109090805,0.017697915163636207,0.2057076186954975,0.24357511853277683,0.3105286169993633
mnist_mlp,scratch,0,16384,64,13258,0.003,1e-06,192,3.0,49152,0.17574367113411427,0.94781494140625,0.21042391967773438,0.9378,137.984280616045,6.899214030802249e-05,0.1758126632744223,0.21049291181804242,0.3606811999998172
mnist_mlp,scratch,0,16384,64,13258,0.003,3e-06,192,3.0,49152,0.17574367113411427,0.94781494140625,0.21042391967773438,0.9378,137.984280616045,0.0002069764209240675,0.17595064755503834,0.21063089609865845,0.3993640010003219
mnist_mlp,scratch,0,16384,64,13258,0.003,1e-05,192,3.0,49152,0.1757783405482769,0.947509765625,0.21040406188964844,0.9376,137.9524714499712,0.000689762357249856,0.17646810290552675,0.2110938242468983,0.3752042559999609
mnist_mlp,scratch,0,16384,64,13258,0.003,3e-05,192,3.0,49152,0.17577865161001682,0.947509765625,0.21040411987304689,0.9376,137.95188827812672,0.0020692783241719006,0.17784792993418871,0.21247339819721878,0.31649654600005306
mnist_mlp,scratch,0,16384,64,13258,0.003,0.0001,192,3.0,49152,0.17578060366213322,0.947509765625,0.2104047088623047,0.9376,137.94736167043447,0.006897368083521724,0.18267797174565495,0.21730207694582643,0.35818341999947734
mnist_mlp,scratch,0,16384,64,13258,0.003,0.01,192,3.0,49152,0.17604807019233704,0.94781494140625,0.21017189331054686,0.937,137.30977070331573,0.6865488535165787,0.8625969237089157,0.8967207468271255,0.32778935300029843
mnist_mlp,scratch,0,16384,64,13258,0.003,0.03,192,3.0,49152,0.17677426151931286,0.94793701171875,0.21069959106445313,0.938,135.87108454108238,2.0380662681162356,2.2148405296355484,2.248765859180689,0.32921467300002405
mnist_mlp,scratch,0,16384,91,18847,0.003,0.0,192,3.0,49152,0.15454231016337872,0.95562744140625,0.200831591796875,0.9416,168.47670533508062,0.0,0.15454231016337872,0.200831591796875,0.3533836890001112
mnist_mlp,scratch,0,16384,91,18847,0.003,1e-06,192,3.0,49152,0.15454231016337872,0.95562744140625,0.200831591796875,0.9416,168.47670533508062,8.423835266754031e-05,0.15462654851604626,0.20091583014954253,0.3995656200004305
mnist_mlp,scratch,0,16384,91,18847,0.003,3e-06,192,3.0,49152,0.15454231016337872,0.95562744140625,0.200831591796875,0.9416,168.47670533508062,0.0002527150580026209,0.15479502522138133,0.2010843068548776,0.4215077310000197
mnist_mlp,scratch,0,16384,64,13258,0.003,0.0003,192,3.0,49152,0.17579642497003078,0.94769287109375,0.21044974060058594,0.9376,137.9429824128747,0.020691447361931202,0.196487872331962,0.23114118796251715,0.35268037600053503
mnist_mlp,scratch,0,16384,64,13258,0.003,0.001,192,3.0,49152,0.17578955553472042,0.94769287109375,0.21036201171875,0.9374,137.89722567796707,0.06894861283898354,0.24473816837370396,0.27931062455773353,0.3217211729997871
mnist_mlp,scratch,0,16384,64,13258,0.003,0.003,192,3.0,49152,0.17586160078644753,0.94781494140625,0.21040850219726562,0.9378,137.74203598499298,0.20661305397748947,0.382474654763937,0.4170215561747551,0.3498343930004921
mnist_mlp,scratch,2,16384,45,9325,0.003,3e-05,192,3.0,49152,0.1880159005522728,0.946533203125,0.22592935485839843,0.9346,118.00593316555023,0.0017700889974832535,0.18978598954975606,0.2276994438558817,0.31695958099953714
mnist_mlp,scratch,1,16384,256,53002,0.003,0.001,192,3.0,49152,0.10814949870109558,0.9693603515625,0.17185786743164064,0.952,285.07829950004816,0.14253914975002407,0.25068864845111966,0.3143970171816647,0.40827704000002996
mnist_mlp,scratch,1,16384,256,53002,0.003,0.003,192,3.0,49152,0.10814400855451822,0.969482421875,0.17203089294433593,0.9524,284.73245309479535,0.427098679642193,0.5352426881967112,0.5991295725865289,0.4004727379997348
mnist_mlp,scratch,1,16384,256,53002,0.003,0.01,192,3.0,49152,0.10839691292494535,0.96942138671875,0.17185804443359376,0.9526,283.4695328772068,1.417347664386034,1.5257445773109795,1.5892057088196279,0.4213600270013558
mnist_mlp,scratch,1,16384,256,53002,0.003,0.03,192,3.0,49152,0.10886053182184696,0.96917724609375,0.17168277282714844,0.9524,279.72040575928986,4.195806086389347,4.304666618211194,4.367488859216496,0.4184273530008795
mnist_mlp,scratch,2,16384,64,13258,0.003,0.001,192,3.0,49152,0.1665755994617939,0.95257568359375,0.20244857482910156,0.9432,140.18431793898344,0.07009215896949172,0.23666775843128562,0.2725407337985933,0.3143862819997594
mnist_mlp,scratch,1,16384,32,6634,0.003,0.0,192,3.0,49152,0.22114638052880764,0.933837890625,0.2507185516357422,0.9274,105.98737087845802,0.0,0.22114638052880764,0.2507185516357422,0.3301475680000294
mnist_mlp,scratch,0,16384,91,18847,0.003,1e-05,192,3.0,49152,0.15454316139221191,0.95562744140625,0.20083158264160156,0.9416,168.47406732290983,0.0008423703366145492,0.15538553172882646,0.2016739529782161,0.42001248199994734
mnist_mlp,scratch,0,16384,91,18847,0.003,3e-05,192,3.0,49152,0.154543437063694,0.95562744140625,0.20083160095214844,0.9416,168.4732429459691,0.0025270986441895365,0.15707053570788354,0.20335869959633798,0.42068443599964667
mnist_mlp,scratch,0,16384,91,18847,0.003,0.001,192,3.0,49152,0.1546166818588972,0.9552001953125,0.20086007080078125,0.9418,168.42139433324337,0.08421069716662169,0.2388273790255189,0.28507076796740294,0.4098109389997262
mnist_mlp,scratch,0,16384,91,18847,0.003,0.003,192,3.0,49152,0.15458143316209316,0.95550537109375,0.20084265747070312,0.9416,168.23523059487343,0.25235284589231016,0.4069342790544033,0.4531955033630133,0.4015196709997326
mnist_mlp,scratch,1,16384,32,6634,0.003,0.0003,192,3.0,49152,0.22116508148610592,0.93365478515625,0.2506589050292969,0.9266,105.96858811378479,0.01589528821706772,0.23706036970317362,0.2665541932463646,0.30505977000029816
mnist_mlp,scratch,1,16384,32,6634,0.003,0.001,192,3.0,49152,0.2212220337241888,0.93389892578125,0.2506145263671875,0.9268,105.91229765862226,0.052956148829311135,0.27417818255349996,0.30357067519649866,0.32449613400058297
mnist_mlp,scratch,1,16384,32,6634,0.003,0.003,192,3.0,49152,0.22118061780929565,0.93389892578125,0.2508011260986328,0.9266,105.85554306209087,0.15878331459313633,0.379963932402432,0.40958444069176914,0.33206437199987704
mnist_mlp,scratch,2,16384,64,13258,0.003,0.01,192,3.0,49152,0.1668400876224041,0.95245361328125,0.20253096618652344,0.9436,139.48368979990482,0.6974184489995241,0.8642585366219282,0.8999494151860475,0.34260587399876385
mnist_mlp,scratch,2,16384,64,13258,0.003,0.03,192,3.0,49152,0.16756843775510788,0.9521484375,0.2026667724609375,0.9438,138.0601081326604,2.070901621989906,2.238470059745014,2.2735683944508436,0.31838839199917857
mnist_mlp,scratch,1,16384,181,37477,0.003,0.03,192,3.0,49152,0.1233120122924447,0.96435546875,0.18301481323242189,0.9476,228.19432834722102,3.4229149252083153,3.54622693750076,3.605929738440737,0.39841158899980655
mnist_mlp,scratch,1,16384,256,53002,0.003,0.0,192,3.0,49152,0.10812477860599756,0.96929931640625,0.17178636474609374,0.9524,285.2600090112537,0.0,0.10812477860599756,0.17178636474609374,0.4334404260007432
mnist_mlp,scratch,2,16384,32,6634,0.003,0.03,192,3.0,49152,0.2186339907348156,0.93743896484375,0.24892283935546874,0.9272,108.5041125267744,1.627561687901616,1.8461956786364315,1.8764845272570847,0.3352430499999173
mnist_mlp,scratch,2,16384,45,9325,0.003,0.0,192,3.0,49152,0.1880141030997038,0.9464111328125,0.225928369140625,0.9346,118.00999842584133,0.0,0.1880141030997038,0.225928369140625,0.3084077490002528
mnist_mlp,scratch,1,16384,256,53002,0.003,1e-06,192,3.0,49152,0.10812477860599756,0.96929931640625,0.17178636474609374,0.9524,285.2600090112537,0.00014263000450562686,0.10826740861050319,0.17192899475059936,0.4231704499998159
mnist_mlp,scratch,1,16384,256,53002,0.003,3e-06,192,3.0,49152,0.10812477860599756,0.96929931640625,0.17178636474609374,0.9524,285.2600090112537,0.0004278900135168806,0.10855266861951444,0.1722142547596106,0.451974269000857
mnist_mlp,scratch,0,16384,91,18847,0.003,0.01,192,3.0,49152,0.15474657528102398,0.95562744140625,0.20074891967773437,0.9416,167.56949569284916,0.8378474784642458,0.9925940537452698,1.0385963981419801,0.4382651080004507
mnist_mlp,scratch,2,16384,256,53002,0.003,0.01,192,3.0,49152,0.11818522587418556,0.96612548828125,0.17534461059570314,0.9486,285.09589087590575,1.4254794543795288,1.5436646802537144,1.6008240649752319,0.47953094500007865
mnist_mlp,scratch,2,16384,256,53002,0.003,0.03,192,3.0,49152,0.11875390820205212,0.9658203125,0.1757003631591797,0.9482,281.36964484024793,4.220544672603719,4.339298580805771,4.396245035762899,0.47554265899998427
mnist_mlp,scratch,0,16384,91,18847,0.003,0.03,192,3.0,49152,0.1552840806543827,0.9552001953125,0.2008798126220703,0.9424,165.8204033151269,2.4873060497269033,2.642590130381286,2.6881858623489734,0.5181873789997553
mnist_mlp,scratch,0,16384,128,26506,0.003,0.0,192,3.0,49152,0.13726421911269426,0.960693359375,0.18474998474121093,0.9498,195.46251153200865,0.0,0.13726421911269426,0.18474998474121093,0.5295514979998188
mnist_mlp,scratch,0,16384,128,26506,0.003,1e-06,192,3.0,49152,0.13726421911269426,0.960693359375,0.18474998474121093,0.9498,195.46251153200865,9.773125576600433e-05,0.13736195036846027,0.18484771599697694,0.4215473809999821
mnist_mlp,scratch,2,16384,256,53002,0.003,0.0001,192,3.0,49152,0.11807177122682333,0.96636962890625,0.1758272216796875,0.9484,287.0671719228849,0.014353358596144245,0.13242512982296759,0.19018058027583176,0.42896811999889906
mnist_mlp,scratch,0,16384,91,18847,0.003,0.0001,192,3.0,49152,0.1545451581478119,0.95562744140625,0.20083132629394532,0.9416,168.46716887503862,0.008423358443751932,0.16296851659156383,0.20925468473769726,0.4156517700002951
mnist_mlp,scratch,0,16384,91,18847,0.003,0.0003,192,3.0,49152,0.15460958145558834,0.9552001953125,0.20086520080566406,0.9422,168.43834298849106,0.025265751448273657,0.17987533290386198,0.2261309522539377,0.40826376200038794
mnist_mlp,scratch,1,16384,256,53002,0.003,1e-05,192,3.0,49152,0.10813389532268047,0.96923828125,0.1717964599609375,0.9524,285.25589086674154,0.0014262794543337077,0.10956017477701419,0.17322273941527122,0.443656285000543
mnist_mlp,scratch,1,16384,256,53002,0.003,3e-05,192,3.0,49152,0.10813260916620493,0.9693603515625,0.17177572937011718,0.9522,285.26809781230986,0.004279021467184648,0.11241163063338958,0.17605475083730182,0.4563245150002331
mnist_mlp,scratch,1,16384,256,53002,0.003,0.0001,192,3.0,49152,0.10811549331992865,0.9693603515625,0.17174675903320313,0.9522,285.25111405178905,0.014262555702589453,0.1223780490225181,0.18600931473579257,0.4014134649987682
mnist_mlp,scratch,2,16384,91,18847,0.003,1e-06,192,3.0,49152,0.15427669882774353,0.9564208984375,0.19867113647460938,0.9408,168.2212751954794,8.41106375977397e-05,0.15436080946534128,0.19875524711220713,0.3917289950004488
mnist_mlp,scratch,2,16384,91,18847,0.003,3e-06,192,3.0,49152,0.15427669882774353,0.9564208984375,0.19867113647460938,0.9408,168.2212751954794,0.0002523319127932191,0.15452903074053675,0.1989234683874026,0.3607038569989527
mnist_mlp,scratch,2,16384,91,18847,0.003,1e-05,192,3.0,49152,0.15427749417722225,0.95635986328125,0.19867099609375,0.9408,168.21885085850954,0.0008410942542925478,0.1551185884315148,0.19951209034804254,0.3668679369984602
mnist_mlp,scratch,1,16384,256,53002,0.003,0.0003,192,3.0,49152,0.10812868550419807,0.96923828125,0.1717784912109375,0.9526,285.20822908729315,0.042781234363093966,0.15090991986729205,0.21455972557403147,0.4177742770007171
mnist_mlp,scratch,1,16384,181,37477,0.003,3e-06,192,3.0,49152,0.12255596928298473,0.964599609375,0.18339394226074218,0.9472,232.33144532889128,0.00034849716799333693,0.12290446645097806,0.18374243942873553,0.3832411690000299
mnist_mlp,scratch,1,16384,181,37477,0.003,1e-05,192,3.0,49152,0.12255054526031017,0.964599609375,0.1834142333984375,0.9472,232.3181809876114,0.001161590904938057,0.12371213616524823,0.18457582430337555,0.3920702550003625
mnist_mlp,scratch,2,16384,32,6634,0.003,0.001,192,3.0,49152,0.21753747947514057,0.9376220703125,0.2486112579345703,0.9272,109.89099752902985,0.054945498764514926,0.2724829782396555,0.3035567566990852,0.30065930599994317
mnist_mlp,scratch,2,16384,32,6634,0.003,0.003,192,3.0,49152,0.21759541518986225,0.9376220703125,0.24864396057128907,0.9272,109.8128632158041,0.16471929482370615,0.3823147100135684,0.4133632553949952,0.29176272099903144
mnist_mlp,scratch,2,16384,32,6634,0.003,0.01,192,3.0,49152,0.21783892810344696,0.93768310546875,0.24874298706054687,0.9272,109.44043064117432,0.5472021532058716,0.7650410813093186,0.7959451402664185,0.3488690530011809
mnist_mlp,scratch,2,16384,45,9325,0.003,3e-06,192,3.0,49152,0.1880141030997038,0.9464111328125,0.225928369140625,0.9346,118.00999842584133,0.000177014997638762,0.18819111809734254,0.22610538413826375,0.32752079800047795
mnist_mlp,scratch,2,16384,45,9325,0.003,1e-05,192,3.0,49152,0.18801558762788773,0.946533203125,0.22592927551269532,0.9346,118.00645746290684,0.0005900322873145342,0.18860561991520225,0.22651930780000984,0.31003442499968514
mnist_mlp,scratch,1,16384,181,37477,0.003,3e-05,192,3.0,49152,0.1225507790222764,0.964599609375,0.18341417236328125,0.9472,232.3168086335063,0.0034847521295025947,0.12603553115177898,0.18689892449278384,0.4276919170006295
mnist_mlp,scratch,1,16384,181,37477,0.003,0.0001,192,3.0,49152,0.12255248986184597,0.964599609375,0.18341365051269531,0.9472,232.3079147040844,0.011615395735204221,0.1341678855970502,0.19502904624789955,0.3988055469999381
mnist_mlp,scratch,1,16384,181,37477,0.003,0.0003,192,3.0,49152,0.12259759474545717,0.964599609375,0.18345740966796875,0.9474,232.24824458174407,0.03483723668726161,0.15743483143271877,0.21829464635523035,0.45266796499890916
mnist_mlp,scratch,1,16384,181,37477,0.003,0.001,192,3.0,49152,0.12267691735178232,0.964599609375,0.1833457794189453,0.9478,232.1506519652903,0.11607532598264515,0.23875224333442746,0.29942110540159045,0.5661651940008596
mnist_mlp,scratch,1,16384,181,37477,0.003,0.003,192,3.0,49152,0.12266088463366032,0.96429443359375,0.18325166931152342,0.9478,231.84333082661033,0.3477649962399155,0.47042588087357584,0.531016665551439,0.40541537900026015
mnist_mlp,scratch,1,16384,181,37477,0.003,0.01,192,3.0,49152,0.12288659159094095,0.96453857421875,0.18319384765625,0.9478,230.93730228580534,1.1546865114290268,1.2775731030199677,1.3378803590852768,0.383162555999661
mnist_mlp,scratch,1,16384,128,26506,0.003,0.0001,192,3.0,49152,0.1430880669504404,0.95758056640625,0.19374883422851563,0.944,197.48458883538842,0.009874229441769421,0.15296229639220982,0.20362306367028504,0.3815955660011241
mnist_mlp,scratch,2,16384,91,18847,0.003,3e-05,192,3.0,49152,0.1542778294533491,0.956298828125,0.1986717041015625,0.9408,168.21797636151314,0.002523269645422697,0.15680109909877182,0.20119497374698522,0.377948777999336
mnist_mlp,scratch,2,16384,91,18847,0.003,0.0001,192,3.0,49152,0.15427625179290771,0.956298828125,0.19863045654296874,0.9408,168.20983554422855,0.008410491777211428,0.16268674357011914,0.20704094832018016,0.36150543599978846
mnist_mlp,scratch,2,16384,128,26506,0.003,0.0,192,3.0,49152,0.13755222037434578,0.96063232421875,0.19306146545410155,0.9478,197.99207957088947,0.0,0.13755222037434578,0.19306146545410155,0.37541879499985953
mnist_mlp,scratch,2,16384,91,18847,0.003,0.0003,192,3.0,49152,0.15430273674428463,0.956298828125,0.19862195434570312,0.9408,168.19961688667536,0.0252299425330013,0.17953267927728594,0.22385189687870444,0.3501350240003376
mnist_mlp,scratch,1,16384,128,26506,0.003,0.0003,192,3.0,49152,0.14311282522976398,0.95758056640625,0.1937217498779297,0.944,197.46497246995568,0.02961974587049335,0.17273257110025733,0.22334149574842305,0.3665824669988069
mnist_mlp,scratch,2,16384,32,6634,0.003,0.0001,192,3.0,49152,0.21751723997294903,0.9376220703125,0.2486270446777344,0.9272,109.91820801794529,0.005495910400897265,0.22301315037384628,0.25412295507863164,0.32006255099986447
mnist_mlp,scratch,2,16384,45,9325,0.003,1e-06,192,3.0,49152,0.1880141030997038,0.9464111328125,0.225928369140625,0.9346,118.00999842584133,5.900499921292066e-05,0.1880731080989167,0.2259873741398379,0.33399988600103825
mnist_mlp,scratch,1,16384,128,26506,0.003,0.001,192,3.0,49152,0.143157746642828,0.95745849609375,0.1937996643066406,0.9436,197.34192680194974,0.09867096340097488,0.24182871004380285,0.2924706277076155,0.34820746299919847
mnist_mlp,scratch,1,16384,128,26506,0.003,0.003,192,3.0,49152,0.14314700849354267,0.95770263671875,0.19360856323242187,0.944,197.09331630170345,0.2956399744525552,0.43878698294609786,0.48924853768497706,0.3461617729990394
mnist_mlp,scratch,1,16384,128,26506,0.003,0.01,192,3.0,49152,0.14338199608027935,0.9576416015625,0.19339629821777343,0.9442,196.24682357907295,0.9812341178953647,1.124616113975644,1.1746304161131382,0.37372329700156115
mnist_mlp,scratch,1,16384,128,26506,0.003,0.03,192,3.0,49152,0.1437249295413494,0.95745849609375,0.19305155944824218,0.9438,194.00434210151434,2.910065131522715,3.0537900610640643,3.103116690970957,0.354779747000066
mnist_mlp,scratch,1,16384,181,37477,0.003,0.0,192,3.0,49152,0.12255596928298473,0.964599609375,0.18339394226074218,0.9472,232.33144532889128,0.0,0.12255596928298473,0.18339394226074218,0.3901522380001552
mnist_mlp,scratch,1,16384,181,37477,0.003,1e-06,192,3.0,49152,0.12255596928298473,0.964599609375,0.18339394226074218,0.9472,232.33144532889128,0.00011616572266444563,0.12267213500564918,0.18351010798340664,0.42648101300073904
mnist_mlp,scratch,1,16384,91,18847,0.003,0.003,192,3.0,49152,0.1544332057237625,0.95428466796875,0.2021449249267578,0.9404,165.79828135296702,0.24869742202945055,0.40313062775321307,0.4508423469562084,0.37598295499992673
mnist_mlp,scratch,1,16384,91,18847,0.003,0.01,192,3.0,49152,0.15458120964467525,0.954345703125,0.20231669921875,0.9398,165.1400400660932,0.8257002003304661,0.9802814099751413,1.028016899549216,0.36717373999999836
mnist_mlp,scratch,2,16384,91,18847,0.003,0.003,192,3.0,49152,0.15437128394842148,0.95599365234375,0.19866248779296874,0.9408,167.93789175897837,0.25190683763846755,0.40627812158688903,0.4505693254314363,0.36540485399928
mnist_mlp,scratch,2,16384,91,18847,0.003,0.01,192,3.0,49152,0.15459618531167507,0.95599365234375,0.19867721557617188,0.9408,167.3631989210844,0.836815994605422,0.9914121799170971,1.035493210181594,0.3933092930001294
mnist_mlp,scratch,1,16384,32,6634,0.003,1e-05,192,3.0,49152,0.22114733420312405,0.933837890625,0.2507188446044922,0.9274,105.98603534698486,0.0005299301767349244,0.22167726437985896,0.2512487747812271,0.325321119000364
mnist_mlp,scratch,1,16384,32,6634,0.003,3e-05,192,3.0,49152,0.22114761173725128,0.933837890625,0.2507189178466797,0.9274,105.98553266376257,0.0015897829899564385,0.22273739472720772,0.25230870083663615,0.32648749299914925
mnist_mlp,scratch,1,16384,32,6634,0.003,0.0001,192,3.0,49152,0.22114966437220573,0.933837890625,0.2507194885253906,0.9274,105.98257764428854,0.0052991288822144276,0.22644879325442016,0.25601861740760506,0.32346816700010095
mnist_mlp,scratch,2,16384,256,53002,0.003,0.0003,192,3.0,49152,0.1181378336623311,0.96630859375,0.17596044006347655,0.9484,287.0020671794191,0.04305031007691286,0.16118814373924395,0.2190107501403894,0.45856414299851167
mnist_mlp,scratch,2,16384,256,53002,0.003,0.001,192,3.0,49152,0.11813250090926886,0.9664306640625,0.175883740234375,0.948,286.7922756103799,0.14339613780518995,0.2615286387144588,0.3192798780395649,0.4578470689993992
mnist_mlp,scratch,2,16384,256,53002,0.003,0.003,192,3.0,49152,0.11822508182376623,0.96649169921875,0.17578377075195312,0.9478,286.4945359043777,0.4297418038565666,0.5479668856803328,0.6055255746085197,0.474832976999096
mnist_mlp,scratch,0,16384,128,26506,0.003,1e-05,192,3.0,49152,0.1372652929276228,0.960693359375,0.18474919738769532,0.9498,195.45943105593324,0.0009772971552796663,0.13824259008290246,0.185726494542975,0.3414097810000385
mnist_mlp,scratch,0,16384,128,26506,0.003,3e-05,192,3.0,49152,0.1372786182910204,0.96075439453125,0.18473777465820312,0.9494,195.4952189810574,0.002932428284715861,0.14021104657573624,0.18767020294291897,0.4068100479998975
mnist_mlp,scratch,0,16384,128,26506,0.003,0.0001,192,3.0,49152,0.13727949187159538,0.960693359375,0.18471858215332032,0.9494,195.48494540527463,0.009774247270263731,0.14705373914185912,0.19449282942358406,0.413037524000174
mnist_mlp,scratch,2,16384,91,18847,0.003,0.03,192,3.0,49152,0.15529504604637623,0.95611572265625,0.19872724914550782,0.9402,165.56380289047956,2.4834570433571934,2.6387520894035696,2.682184292502701,0.3764698760005558
mnist_mlp,scratch,2,16384,128,26506,0.003,0.0001,192,3.0,49152,0.13753513991832733,0.9605712890625,0.1931516571044922,0.948,198.0609826222062,0.00990304913111031,0.14743818904943765,0.2030547062356025,0.37783948499964026
mnist_mlp,scratch,2,16384,91,18847,0.003,0.001,192,3.0,49152,0.15431341715157032,0.95635986328125,0.19865339660644532,0.9408,168.16959378868341,0.08408479689434172,0.23839821404591205,0.28273819350078705,0.3796750789988437
mnist_mlp,scratch,2,16384,32,6634,0.003,3e-06,192,3.0,49152,0.21751112677156925,0.9376220703125,0.24861620788574218,0.9272,109.92322640120983,0.00016488483960181474,0.21767601161117106,0.248781092725344,0.3418929110011959
mnist_mlp,scratch,2,16384,32,6634,0.003,1e-05,192,3.0,49152,0.21751218102872372,0.9376220703125,0.24861664733886718,0.9272,109.92183868587017,0.0005496091934293509,0.21806179022215308,0.24916625653229654,0.4043313060010405
mnist_mlp,scratch,2,16384,32,6634,0.003,3e-05,192,3.0,49152,0.21751470118761063,0.9376220703125,0.24862605285644532,0.9272,109.92112378776073,0.001648816856816411,0.21916351804442705,0.25027486971326174,0.3328619769999932
mnist_mlp,scratch,1,16384,91,18847,0.003,0.03,192,3.0,49152,0.15523389726877213,0.95416259765625,0.20229510498046874,0.9402,163.49384102597833,2.4524076153896748,2.607641512658447,2.6547027203701434,0.38838460000079067
mnist_mlp,scratch,1,16384,128,26506,0.003,0.0,192,3.0,49152,0.14311197586357594,0.9576416015625,0.19377800903320314,0.944,197.4984927251935,0.0,0.14311197586357594,0.19377800903320314,0.4226106720016105
mnist_mlp,scratch,1,16384,128,26506,0.003,1e-06,192,3.0,49152,0.14311197586357594,0.9576416015625,0.19377800903320314,0.944,197.4984927251935,9.874924636259674e-05,0.14321072510993854,0.19387675827956574,0.36571204800020496
mnist_mlp,scratch,1,16384,128,26506,0.003,3e-06,192,3.0,49152,0.14311197586357594,0.9576416015625,0.19377800903320314,0.944,197.4984927251935,0.00029624773908779023,0.14340822360266373,0.19407425677229093,0.3577188010003738
mnist_mlp,scratch,1,16384,128,26506,0.003,1e-05,192,3.0,49152,0.14311238564550877,0.9576416015625,0.19377760314941406,0.944,197.49529510736465,0.0009874764755368234,0.14409986212104559,0.19476507962495088,0.38395589600077074
mnist_mlp,scratch,0,16384,181,37477,0.003,0.0,192,3.0,49152,0.12586567271500826,0.96343994140625,0.18759743347167968,0.9478,233.97724472731352,0.0,0.12586567271500826,0.18759743347167968,0.40749057900029584
mnist_mlp,scratch,1,16384,45,9325,0.003,0.0,192,3.0,49152,0.20111796259880066,0.94000244140625,0.24089276733398438,0.9266,116.94850517064333,0.0,0.20111796259880066,0.24089276733398438,0.3396204159998888
mnist_mlp,scratch,1,16384,45,9325,0.003,1e-06,192,3.0,49152,0.20111796259880066,0.94000244140625,0.24089276733398438,0.9266,116.94850517064333,5.847425258532166e-05,0.20117643685138598,0.2409512415865697,0.33728098699975817
mnist_mlp,scratch,1,16384,45,9325,0.003,3e-06,192,3.0,49152,0.20111796259880066,0.94000244140625,0.24089276733398438,0.9266,116.94850517064333,0.000175422757755965,0.20129338535655664,0.24106819009174035,0.3438827379995928
mnist_mlp,scratch,1,16384,45,9325,0.003,1e-05,192,3.0,49152,0.20111884735524654,0.94000244140625,0.2408928924560547,0.9266,116.9469262957573,0.0005847346314787865,0.20170358198672533,0.24147762708753348,0.45022785999935877
mnist_mlp,scratch,1,16384,45,9325,0.003,3e-05,192,3.0,49152,0.20111915469169617,0.94000244140625,0.24089295959472656,0.9266,116.94640757143497,0.0017541961135715248,0.2028733508052677,0.2426471557082981,0.3244571260001976
mnist_mlp,scratch,1,16384,45,9325,0.003,0.0001,192,3.0,49152,0.2011211197823286,0.94000244140625,0.24089327392578125,0.9266,116.94293521344662,0.005847146760672331,0.20696826654300093,0.24674042068645358,0.33433207199959725
mnist_mlp,scratch,1,16384,32,6634,0.003,1e-06,192,3.0,49152,0.22114638052880764,0.933837890625,0.2507185516357422,0.9274,105.98737087845802,5.299368543922901e-05,0.22119937421424687,0.2507715453211814,0.34029856199958886
mnist_mlp,scratch,1,16384,32,6634,0.003,3e-06,192,3.0,49152,0.22114638052880764,0.933837890625,0.2507185516357422,0.9274,105.98737087845802,0.00015898105631768705,0.22130536158512532,0.25087753269205987,0.3139767379998375
mnist_mlp,scratch,1,16384,128,26506,0.003,3e-05,192,3.0,49152,0.14311373606324196,0.9576416015625,0.19378016662597655,0.944,197.4908070974052,0.002962362106461078,0.14607609816970304,0.19674252873243764,0.36917574899962347
mnist_mlp,scratch,1,16384,91,18847,0.003,0.0,192,3.0,49152,0.1542820855975151,0.95452880859375,0.2022128692626953,0.9402,166.00167763233185,0.0,0.1542820855975151,0.2022128692626953,0.3382025680002698
mnist_mlp,scratch,1,16384,91,18847,0.003,1e-06,192,3.0,49152,0.1542820855975151,0.95452880859375,0.2022128692626953,0.9402,166.00167763233185,8.300083881616593e-05,0.15436508643633126,0.20229587010151145,0.3296561169991037
mnist_mlp,scratch,1,16384,91,18847,0.003,3e-06,192,3.0,49152,0.1542820855975151,0.95452880859375,0.2022128692626953,0.9402,166.00167763233185,0.0002490025164484978,0.1545310881139636,0.2024618717791438,0.4413591950014961
mnist_mlp,scratch,1,16384,91,18847,0.003,1e-05,192,3.0,49152,0.15428289957344532,0.95452880859375,0.20221295471191406,0.9402,165.99909200146794,0.0008299954600073398,0.15511289503345266,0.2030429501719214,0.3665979259985761
mnist_mlp,scratch,2,16384,128,26506,0.003,3e-06,192,3.0,49152,0.13755222037434578,0.96063232421875,0.19306146545410155,0.9478,197.99207957088947,0.0002969881193563342,0.1378492084937021,0.19335845357345788,0.39078152000001865
mnist_mlp,scratch,1,16384,91,18847,0.003,3e-05,192,3.0,49152,0.154283219948411,0.95452880859375,0.20221297912597655,0.9402,165.99827967584133,0.00248997419513762,0.1567731941435486,0.20470295332111416,0.3685879730001034
mnist_mlp,scratch,1,16384,91,18847,0.003,0.0001,192,3.0,49152,0.15429266542196274,0.95428466796875,0.20214198303222655,0.94,165.99210004881024,0.008299605002440513,0.16259227042440325,0.21044158803466706,0.3442291600003955
mnist_mlp,scratch,1,16384,91,18847,0.003,0.0003,192,3.0,49152,0.15428426302969456,0.954345703125,0.20210746459960938,0.9402,165.9931318499148,0.024898969777487217,0.17918323280718176,0.22700643437709658,0.36488701900088927
mnist_mlp,scratch,1,16384,91,18847,0.003,0.001,192,3.0,49152,0.15428928472101688,0.95458984375,0.2021098571777344,0.94,165.95193976908922,0.08297596988454461,0.2372652546055615,0.28508582706227903,0.3686447649997717
mnist_mlp,scratch,1,16384,64,13258,0.003,1e-05,192,3.0,49152,0.16762955114245415,0.95074462890625,0.20870211791992188,0.9382,139.98705623298883,0.0006999352811649442,0.16832948642361908,0.20940205320108682,0.2983783920008136
mnist_mlp,scratch,1,16384,64,13258,0.003,3e-05,192,3.0,49152,0.1676298752427101,0.95074462890625,0.2087021484375,0.9382,139.98643601685762,0.0020997965402528643,0.16972967178296297,0.21080194497775287,0.3350555680008256
mnist_mlp,scratch,2,16384,32,6634,0.003,0.0,192,3.0,49152,0.21751112677156925,0.9376220703125,0.24861620788574218,0.9272,109.92322640120983,0.0,0.21751112677156925,0.24861620788574218,0.3154862849987694
mnist_mlp,scratch,2,16384,32,6634,0.003,1e-06,192,3.0,49152,0.21751112677156925,0.9376220703125,0.24861620788574218,0.9272,109.92322640120983,5.4961613200604915e-05,0.21756608838476985,0.24867116949894277,0.3224270209993847
mnist_mlp,scratch,2,16384,32,6634,0.003,0.0003,192,3.0,49152,0.2175244279205799,0.9376220703125,0.24862969970703125,0.9272,109.90864546597004,0.016486296819895503,0.2340107247404754,0.26511599652692674,0.29312300799938384
mnist_mlp,scratch,1,16384,64,13258,0.003,0.0001,192,3.0,49152,0.16767937317490578,0.950927734375,0.20888081665039063,0.9378,139.98449447751045,0.006999224723875523,0.1746785978987813,0.21588004137426614,0.3127600600000733
mnist_mlp,scratch,1,16384,64,13258,0.003,0.0003,192,3.0,49152,0.1676472183316946,0.9508056640625,0.20870089416503906,0.9378,140.0033768415451,0.021000506526231765,0.18864772485792636,0.22970140069127082,0.30024269500063383
mnist_mlp,scratch,1,16384,64,13258,0.003,0.001,192,3.0,49152,0.16775484383106232,0.950927734375,0.2089044250488281,0.9376,139.93213964253664,0.06996606982126832,0.23772091365233064,0.2788704948700964,0.305229165000128
mnist_mlp,scratch,1,16384,64,13258,0.003,0.003,192,3.0,49152,0.16775781102478504,0.95086669921875,0.2088382080078125,0.937,139.83381228148937,0.20975071842223406,0.37750852944701907,0.4185889264300465,0.34000345500135154
mnist_mlp,scratch,1,16384,64,13258,0.003,0.01,192,3.0,49152,0.16803179681301117,0.95098876953125,0.20896617736816406,0.9372,139.31480798125267,0.6965740399062633,0.8646058367192745,0.9055402172744274,0.3475365240010433
mnist_mlp,scratch,2,16384,128,26506,0.003,1e-05,192,3.0,49152,0.13756341114640236,0.96075439453125,0.19305545654296874,0.948,198.03308317810297,0.0009901654158905148,0.13855357656229286,0.19404562195885924,0.3847787729991978
mnist_mlp,scratch,2,16384,128,26506,0.003,3e-05,192,3.0,49152,0.13753592222929,0.96063232421875,0.19315567321777344,0.9478,198.07098857685924,0.0029710648286528888,0.1405069870579429,0.19612673804642633,0.37395278199983295
mnist_mlp,scratch,2,16384,128,26506,0.003,0.01,192,3.0,49152,0.1376587115228176,0.960693359375,0.19287575073242189,0.9476,196.96547496318817,0.9848273748159408,1.1224860863387585,1.1777031255483628,0.40195354000024963
mnist_mlp,scratch,2,16384,128,26506,0.003,0.03,192,3.0,49152,0.13826103881001472,0.96063232421875,0.19251750183105468,0.9476,194.46020648255944,2.9169030972383916,3.0551641360484063,3.109420599069446,0.3869708279999031
mnist_mlp,scratch,2,16384,128,26506,0.003,1e-06,192,3.0,49152,0.13755222037434578,0.96063232421875,0.19306146545410155,0.9478,197.99207957088947,9.899603978544473e-05,0.13765121641413122,0.193160461493887,0.37569011000050523
mnist_mlp,scratch,2,16384,128,26506,0.003,0.001,192,3.0,49152,0.13755586370825768,0.9605712890625,0.19305439453125,0.948,197.92702035233378,0.09896351017616689,0.23651937388442457,0.2920179047074169,0.3870846529989649
mnist_mlp,scratch,2,16384,128,26506,0.003,0.003,192,3.0,49152,0.13757447712123394,0.96063232421875,0.19293115844726563,0.9476,197.69783426448703,0.29654675139673053,0.4341212285179645,0.4894779098439962,0.36564070399981574
mnist_mlp,scratch,1,16384,64,13258,0.003,0.03,192,3.0,49152,0.16868366673588753,0.951171875,0.20907251281738282,0.9378,137.85851215571165,2.067877682335675,2.2365613490715623,2.2769501951530575,0.31066904299950693
mnist_mlp,scratch,1,16384,45,9325,0.003,0.0003,192,3.0,49152,0.2011727299541235,0.93988037109375,0.24086505126953126,0.9266,116.93220613151789,0.017539830919727682,0.2187125608738512,0.25840488218925894,0.3669390740014933
mnist_mlp,scratch,1,16384,45,9325,0.003,0.001,192,3.0,49152,0.2011407557874918,0.93994140625,0.2408463592529297,0.9268,116.87872139364481,0.05843936069682241,0.2595801164843142,0.2992857199497521,0.3323075450007309
mnist_mlp,scratch,1,16384,45,9325,0.003,0.003,192,3.0,49152,0.20121783763170242,0.9398193359375,0.24097417907714844,0.9268,116.7683919519186,0.1751525879278779,0.37637042555958033,0.4161267670050264,0.3294896190000145
mnist_mlp,scratch,1,16384,45,9325,0.003,0.01,192,3.0,49152,0.2013661079108715,0.93994140625,0.24094613952636718,0.9266,116.44109426438808,0.5822054713219404,0.783571579232812,0.8231516108483077,0.3314430499995069
mnist_mlp,scratch,1,16384,45,9325,0.003,0.03,192,3.0,49152,0.20210092514753342,0.93988037109375,0.2410561065673828,0.9268,115.2855786010623,1.7292836790159345,1.931384604163468,1.9703397855833173,0.3033502939997561
mnist_mlp,scratch,1,16384,64,13258,0.003,0.0,192,3.0,49152,0.16762865707278252,0.95074462890625,0.20870202026367188,0.9382,139.98914827406406,0.0,0.16762865707278252,0.20870202026367188,0.3171715979988221
mnist_mlp,scratch,1,16384,64,13258,0.003,1e-06,192,3.0,49152,0.16762865707278252,0.95074462890625,0.20870202026367188,0.9382,139.98914827406406,6.999457413703203e-05,0.16769865164691955,0.2087720148378089,0.32927835100053926
mnist_mlp,scratch,0,16384,181,37477,0.003,3e-06,192,3.0,49152,0.12586567271500826,0.96343994140625,0.18759743347167968,0.9478,233.97724472731352,0.00035096586709097027,0.12621663858209922,0.18794839933877064,0.37812734299950534
mnist_mlp,scratch,0,16384,181,37477,0.003,1e-05,192,3.0,49152,0.1258626850321889,0.96343994140625,0.187613671875,0.9478,233.94709253311157,0.0011697354626655579,0.12703242049485444,0.18878340733766555,0.3991796250002153
mnist_mlp,scratch,0,16384,181,37477,0.003,3e-05,192,3.0,49152,0.12586292903870344,0.96343994140625,0.1876136444091797,0.9478,233.94575583934784,0.0035091863375902176,0.12937211537629367,0.19112283074676992,0.38059621100001095
mnist_mlp,scratch,2,16384,256,53002,0.003,1e-05,192,3.0,49152,0.1181998923420906,0.96636962890625,0.17575458679199218,0.948,286.97068457398564,0.0014348534228699283,0.11963474576496054,0.1771894402148621,0.4371030129987048
mnist_mlp,scratch,2,16384,256,53002,0.003,3e-05,192,3.0,49152,0.118200340308249,0.9664306640625,0.17574054260253907,0.948,286.9670696379617,0.004304506044569425,0.12250484635281843,0.1800450486471085,0.4551759120004135
mnist_mlp,scratch,0,16384,128,26506,0.003,3e-06,192,3.0,49152,0.13726421911269426,0.960693359375,0.18474998474121093,0.9498,195.46251153200865,0.00029319376729801297,0.13755741287999226,0.18504317850850893,0.42606884600081685
mnist_mlp,scratch,0,16384,128,26506,0.003,0.001,192,3.0,49152,0.13723759166896343,0.9608154296875,0.1847531707763672,0.9502,195.37748669460416,0.09768874334730208,0.23492633501626553,0.28244191412366926,0.3388730199994825
mnist_mlp,scratch,0,16384,128,26506,0.003,0.003,192,3.0,49152,0.13735317904502153,0.96075439453125,0.18481659240722656,0.9492,195.22491466999054,0.29283737200498583,0.43019055105000736,0.4776539644122124,0.3510367609997047
mnist_mlp,scratch,0,16384,128,26506,0.003,0.01,192,3.0,49152,0.13756997417658567,0.96063232421875,0.18475451354980468,0.9492,194.4097573980689,0.9720487869903446,1.1096187611669301,1.1568033005401492,0.37744895000014367
mnist_mlp,scratch,0,16384,128,26506,0.003,0.03,192,3.0,49152,0.13805390894412994,0.96044921875,0.18476820373535155,0.9492,192.1945788860321,2.8829186832904816,3.0209725922346116,3.0676868870258334,0.3995642289992247
mnist_mlp,scratch,1,16384,64,13258,0.003,3e-06,192,3.0,49152,0.16762865707278252,0.95074462890625,0.20870202026367188,0.9382,139.98914827406406,0.0002099837224110961,0.16783864079519362,0.20891200398608298,0.3098496590009745
mnist_mlp,scratch,1,16384,32,6634,0.003,0.01,192,3.0,49152,0.22143923491239548,0.9334716796875,0.25105306091308593,0.9262,105.50358854979277,0.5275179427489638,0.7489571776613593,0.7785710036620497,0.318503211999996
mnist_mlp,scratch,1,16384,32,6634,0.003,0.03,192,3.0,49152,0.22216381505131721,0.93341064453125,0.25135978393554687,0.9262,104.55739389359951,1.5683609084039927,1.7905247234553099,1.8197206923395395,0.4090815729996393
mnist_mlp,scratch,0,16384,256,53002,0.003,3e-06,192,3.0,49152,0.112129514105618,0.96844482421875,0.18538572692871094,0.9494,287.60880151577294,0.0004314132022736594,0.11256092730789166,0.1858171401309846,0.5216351299995949
mnist_mlp,scratch,0,16384,256,53002,0.003,0.0003,192,3.0,49152,0.1120960870757699,0.96844482421875,0.18538244934082032,0.9494,287.58672467432916,0.04313800870114937,0.15523409577691927,0.2285204580419697,0.40777204699952563
mnist_mlp,scratch,0,16384,256,53002,0.003,0.001,192,3.0,49152,0.11215867660939693,0.96844482421875,0.18538489074707032,0.9496,287.47375854477286,0.14373687927238643,0.25589555588178337,0.32912177001945675,0.4179336240003977
mnist_mlp,scratch,0,16384,256,53002,0.003,0.003,192,3.0,49152,0.11216895934194326,0.96844482421875,0.1853359832763672,0.9496,287.194417944178,0.430791626916267,0.5429605862582103,0.6161276101926342,0.416103519999524
mnist_mlp,scratch,0,16384,256,53002,0.003,0.01,192,3.0,49152,0.11226971633732319,0.968505859375,0.185295458984375,0.9492,285.7772367056459,1.4288861835282296,1.5411558998655528,1.6141816425126045,0.4221176109995213
mnist_mlp,scratch,0,16384,256,53002,0.003,0.03,192,3.0,49152,0.11250091064721346,0.96856689453125,0.184963623046875,0.9494,282.0433183647692,4.230649775471538,4.343150686118752,4.415613398518413,0.4267140889996881
mnist_mlp,scratch,2,16384,128,26506,0.003,0.0003,192,3.0,49152,0.13754896074533463,0.9605712890625,0.19313810729980468,0.9478,198.0333116352558,0.02970499674528837,0.167253957490623,0.22284310404509305,0.3806057059991872
mnist_mlp,scratch,0,16384,256,53002,0.003,1e-05,192,3.0,49152,0.11213056370615959,0.96844482421875,0.18538477478027343,0.9494,287.60121614299715,0.0014380060807149858,0.11356856978687457,0.1868227808609884,0.4145082300001377
mnist_mlp,scratch,2,16384,181,37477,0.003,0.0,192,3.0,49152,0.12956185452640057,0.96331787109375,0.19388585510253906,0.946,231.5070043746382,0.0,0.12956185452640057,0.19388585510253906,0.45215711499986355
mnist_mlp,scratch,2,16384,181,37477,0.003,1e-06,192,3.0,49152,0.12956185452640057,0.96331787109375,0.19388585510253906,0.946,231.5070043746382,0.0001157535021873191,0.12967760802858788,0.19400160860472637,0.4311615549995622
mnist_mlp,scratch,2,16384,181,37477,0.003,3e-06,192,3.0,49152,0.12956185452640057,0.96331787109375,0.19388585510253906,0.946,231.5070043746382,0.0003472605065619573,0.1299091150329625,0.194233115609101,0.4200928539994493
mnist_mlp,scratch,2,16384,181,37477,0.003,0.001,192,3.0,49152,0.1296255048364401,0.96331787109375,0.1939793975830078,0.946,231.40862798318267,0.11570431399159134,0.24532981882803143,0.3096837115745992,0.44207967500005907
mnist_mlp,scratch,0,16384,256,53002,0.003,3e-05,192,3.0,49152,0.11209891084581614,0.9686279296875,0.18537908325195313,0.9496,287.5799394324422,0.004313699091486633,0.11641260993730276,0.18969278234343975,0.43284964299982676
mnist_mlp,scratch,0,16384,256,53002,0.003,0.0001,192,3.0,49152,0.11211126390844584,0.9683837890625,0.18535115051269532,0.9494,287.5779468268156,0.01437889734134078,0.12649016124978663,0.1997300478540361,0.4785457489997498
mnist_mlp,scratch,0,16384,181,37477,0.003,0.01,192,3.0,49152,0.12615856807678938,0.96331787109375,0.18732461242675782,0.948,232.55691916495562,1.162784595824778,1.2889431639015674,1.3501092082515358,0.37999323599979107
mnist_mlp,scratch,0,16384,181,37477,0.003,0.03,192,3.0,49152,0.1265875706449151,0.963134765625,0.18723173217773437,0.9482,229.8523086681962,3.447784630022943,3.574372200667858,3.6350163622006777,0.3795286730000953
mnist_mlp,scratch,2,16384,181,37477,0.003,1e-05,192,3.0,49152,0.12956255208700895,0.96331787109375,0.1938854461669922,0.946,231.5029155705124,0.0011575145778525621,0.13072006666486152,0.19504296074484476,0.4227363400004833
mnist_mlp,scratch,0,16384,181,37477,0.003,0.0003,192,3.0,49152,0.12587319687008858,0.96337890625,0.1875716064453125,0.9478,233.88843254745007,0.03508326488211751,0.16095646175220607,0.22265487132743,0.391999315999783
mnist_mlp,scratch,2,16384,256,53002,0.003,1e-06,192,3.0,49152,0.11813085991889238,0.96636962890625,0.17578104248046875,0.9478,286.9450516793877,0.00014347252583969385,0.11827433244473208,0.17592451500630843,0.4690389879997383
mnist_mlp,scratch,2,16384,256,53002,0.003,3e-06,192,3.0,49152,0.11813085991889238,0.96636962890625,0.17578104248046875,0.9478,286.9450516793877,0.00043041757751908154,0.11856127749641146,0.17621146005798782,0.44875676199990266
mnist_mlp,scratch,2,16384,181,37477,0.003,0.003,192,3.0,49152,0.1296189446002245,0.96343994140625,0.19380939331054686,0.946,231.11798630282283,0.34667697945423426,0.47629592405445875,0.5404863727647811,0.4336244389996864
mnist_mlp,scratch,0,16384,128,26506,0.003,0.0003,192,3.0,49152,0.1372623834758997,0.960693359375,0.1848159454345703,0.9492,195.4684763289988,0.02932027144934982,0.1665826549252495,0.21413621688392012,0.3793562220007516
mnist_mlp,scratch,0,16384,181,37477,0.003,1e-06,192,3.0,49152,0.12586567271500826,0.96343994140625,0.18759743347167968,0.9478,233.97724472731352,0.00011698862236365676,0.1259826613373719,0.18771442209404332,0.39548607699998684
mnist_mlp,scratch,0,16384,181,37477,0.003,0.0001,192,3.0,49152,0.12585650570690632,0.96343994140625,0.18761162719726562,0.9478,233.94530910998583,0.011697265455499291,0.1375537711624056,0.1993088926527649,0.38959314600015205
mnist_mlp,scratch,2,16384,181,37477,0.003,0.01,192,3.0,49152,0.12977801728993654,0.9632568359375,0.19361007690429688,0.9464,230.13953064754605,1.1506976532377302,1.2804756705276668,1.344307730142027,0.41848471499906736
mnist_mlp,scratch,2,16384,181,37477,0.003,0.03,192,3.0,49152,0.1303691966459155,0.9630126953125,0.1936409454345703,0.9464,227.32922691013664,3.4099384036520495,3.540307600297965,3.60357934908662,0.43020237400014594
mnist_mlp,scratch,2,16384,256,53002,0.003,0.0,192,3.0,49152,0.11813085991889238,0.96636962890625,0.17578104248046875,0.9478,286.9450516793877,0.0,0.11813085991889238,0.17578104248046875,0.45149347900041903
mnist_mlp,scratch,2,16384,181,37477,0.003,3e-05,192,3.0,49152,0.1295922240242362,0.963623046875,0.19400734252929688,0.9462,231.57467182725668,0.0034736200774088503,0.13306584410164504,0.19748096260670572,0.4188860909998766
mnist_mlp,scratch,2,16384,181,37477,0.003,0.0001,192,3.0,49152,0.12960312608629465,0.9635009765625,0.19400356750488282,0.9462,231.56168886832893,0.011578084443416447,0.1411812105297111,0.20558165194829928,0.45186778100105585
mnist_mlp,scratch,0,16384,256,53002,0.003,0.0,192,3.0,49152,0.112129514105618,0.96844482421875,0.18538572692871094,0.9494,287.60880151577294,0.0,0.112129514105618,0.18538572692871094,0.4149683420000656
mnist_mlp,scratch,0,16384,256,53002,0.003,1e-06,192,3.0,49152,0.112129514105618,0.96844482421875,0.18538572692871094,0.9494,287.60880151577294,0.00014380440075788646,0.11227331850637588,0.18552953132946884,0.396795153000312
mnist_mlp,scratch,2,16384,181,37477,0.003,0.0003,192,3.0,49152,0.1295948987826705,0.96343994140625,0.1939513397216797,0.946,231.5020947214216,0.03472531420821324,0.16432021299088373,0.22867665392989292,0.44802619199981564
mnist_mlp,scratch,0,16384,181,37477,0.003,0.001,192,3.0,49152,0.1258489852771163,0.96319580078125,0.18751880798339843,0.9476,233.82226617634296,0.11691113308817148,0.24276011836528777,0.3044299410715699,0.39051320199996553
mnist_mlp,scratch,0,16384,181,37477,0.003,0.003,192,3.0,49152,0.12591792549937963,0.96343994140625,0.18765455322265626,0.948,233.58547019958496,0.35037820529937747,0.4762961307987571,0.5380327585220337,0.4095603280002251
mnist_mlp,scratch,0,16384,32,6634,0.003,0.003,192,3.0,49152,0.22008397802710533,0.93499755859375,0.2542097595214844,0.9236,104.7893603593111,0.15718404053896665,0.37726801856607195,0.411393800060451,0.3669573429997399
mnist_mlp,scratch,0,16384,32,6634,0.003,0.001,192,3.0,49152,0.22007571905851364,0.93499755859375,0.254226025390625,0.9232,104.89031135290861,0.05244515567645431,0.27252087473496794,0.3066711810670793,0.32834642399939185
mnist_mlp,scratch,0,16384,32,6634,0.003,0.01,192,3.0,49152,0.22032136470079422,0.93524169921875,0.25430825805664065,0.9234,104.47657088190317,0.5223828544095158,0.74270421911031,0.7766911124661564,0.32281585200053087
mnist_mlp,scratch,0,16384,32,6634,0.003,0.03,192,3.0,49152,0.22088048793375492,0.9351806640625,0.2545807342529297,0.9236,103.6362967863679,1.5545444517955183,1.7754249397292732,1.809125186048448,0.30986571199991886
mnist_mlp,scratch,0,16384,45,9325,0.003,0.0,192,3.0,49152,0.19437411986291409,0.94439697265625,0.22542025146484376,0.9362,123.45833940804005,0.0,0.19437411986291409,0.22542025146484376,0.34871275699970283
mnist_mlp,scratch,0,16384,45,9325,0.003,1e-06,192,3.0,49152,0.19437411986291409,0.94439697265625,0.22542025146484376,0.9362,123.45833940804005,6.172916970402002e-05,0.1944358490326181,0.22548198063454777,0.3561429229994246
mnist_mlp,scratch,0,16384,45,9325,0.003,0.0003,192,3.0,49152,0.1943627241998911,0.9444580078125,0.22541884765625,0.9362,123.42808973044157,0.018514213459566234,0.2128769376594573,0.24393306111581625,0.36596030999953655
mnist_mlp,scratch,2,23170,64,13258,0.003,0.0,272,3.0052654294346137,69632,0.14642044383490657,0.9574449719464825,0.16937719116210936,0.95,156.63681216537952,0.0,0.14642044383490657,0.16937719116210936,0.4352984289998858
mnist_mlp,scratch,2,23170,64,13258,0.003,0.0003,272,3.0052654294346137,69632,0.14641550464984102,0.9575744497194648,0.16933299865722656,0.9498,156.6007853001356,0.02349011779502034,0.16990562244486135,0.1928231164522469,0.45269591200121795
mnist_mlp,scratch,2,23170,64,13258,0.003,0.0001,272,3.0052654294346137,69632,0.14642069836757696,0.9574018126888217,0.16938243408203124,0.95,156.62808071821928,0.007831404035910964,0.1542521024034879,0.1772138381179422,0.44441405199904693
mnist_mlp,scratch,2,23170,64,13258,0.003,3e-05,272,3.0052654294346137,69632,0.14642157820107662,0.9574018126888217,0.16938002319335937,0.95,156.6348820850253,0.0023495232312753796,0.148771101432352,0.17172954642463475,0.47099102700121875
mnist_mlp,scratch,2,23170,64,13258,0.003,1e-05,272,3.0052654294346137,69632,0.14642125155630428,0.9574018126888217,0.16937997741699218,0.95,156.6358142271638,0.000783179071135819,0.1472044306274401,0.170163156488128,0.44304030800049077
mnist_mlp,scratch,2,23170,64,13258,0.003,3e-06,272,3.0052654294346137,69632,0.14642044383490657,0.9574449719464825,0.16937719116210936,0.95,156.63681216537952,0.0002349552182480693,0.14665539905315464,0.16961214638035743,0.4673804989997734
mnist_mlp,scratch,2,23170,91,18847,0.003,1e-06,272,3.0052654294346137,69632,0.13246436845551393,0.961070349589987,0.16228384704589843,0.952,190.11031125485897,9.505515562742949e-05,0.13255942361114137,0.16237890220152587,0.498217990001649
mnist_mlp,scratch,2,23170,91,18847,0.003,0.0,272,3.0052654294346137,69632,0.13246436845551393,0.961070349589987,0.16228384704589843,0.952,190.11031125485897,0.0,0.13246436845551393,0.16228384704589843,0.4924591280014283
mnist_mlp,scratch,2,23170,64,13258,0.003,0.03,272,3.0052654294346137,69632,0.147706659981337,0.9569270608545533,0.16954873657226563,0.95,153.40907253324986,2.301136087998748,2.448842747980085,2.4706848245710136,0.4470191039999918
mnist_mlp,scratch,0,23170,32,6634,0.003,0.01,272,3.0052654294346137,69632,0.20136594809382755,0.9392749244712991,0.22449856262207032,0.9348,118.42203833162785,0.5921101916581393,0.7934761397519668,0.8166087542802096,0.37744921400008025
mnist_mlp,scratch,0,23170,45,9325,0.003,3e-05,272,3.0052654294346137,69632,0.17037123975231053,0.9504100129477773,0.19991802673339842,0.9438,138.14247469604015,0.0020721371204406023,0.17244337687275113,0.20199016385383903,0.3842556270001296
mnist_mlp,scratch,2,23170,256,53002,0.003,0.03,272,3.0052654294346137,69632,0.09568163246546627,0.9726801899007337,0.1533637237548828,0.9598,317.4444148559123,4.761666222838684,4.857347855304151,4.915029946593567,0.6955116760000237
mnist_mlp,scratch,2,23170,256,53002,0.003,0.01,272,3.0052654294346137,69632,0.09525293886121307,0.9731117824773414,0.15390036010742186,0.9594,323.2126348745078,1.6160631743725389,1.711316113233752,1.7699635344799607,0.7090534179988026
mnist_mlp,scratch,2,23170,91,18847,0.003,3e-05,272,3.0052654294346137,69632,0.13244285171897338,0.9610271903323263,0.16243867797851563,0.9518,190.10140167921782,0.0028515210251882674,0.13529437274416165,0.1652901990037039,0.5072057940014929
mnist_mlp,scratch,0,23170,128,26506,0.003,0.0,272,3.0052654294346137,69632,0.1195862195077105,0.9659473457056539,0.16955220947265626,0.9522,221.24526895582676,0.0,0.1195862195077105,0.16955220947265626,0.464033252000263
mnist_mlp,scratch,0,23170,91,18847,0.003,0.03,272,3.0052654294346137,69632,0.13777951934906651,0.9592576607682348,0.17624174194335937,0.9478,185.73946832120419,2.7860920248180627,2.9238715441671292,2.962333766761422,0.49916067400044994
mnist_mlp,scratch,1,23170,256,53002,0.003,0.03,272,3.0052654294346137,69632,0.09529279298086747,0.9726801899007337,0.15618155212402343,0.9618,319.26313691213727,4.788947053682059,4.884239846662926,4.945128605806082,0.5749129930009076
mnist_mlp,scratch,1,23170,256,53002,0.003,0.01,272,3.0052654294346137,69632,0.09446769717648258,0.9727665084160553,0.15621028137207033,0.9618,324.8646437637508,1.624323218818754,1.7187909159952366,1.7805335001908242,0.5578476169994246
mnist_mlp,scratch,2,23170,64,13258,0.003,0.01,272,3.0052654294346137,69632,0.14677210129897142,0.9576607682347864,0.1695555908203125,0.95,155.4931841045618,0.777465920522809,0.9242380218217805,0.9470215113431215,0.462998950999463
mnist_mlp,scratch,0,23170,91,18847,0.003,0.0003,272,3.0052654294346137,69632,0.136791087987354,0.9594302977988779,0.17591781005859375,0.9478,189.62038280814886,0.028443057421222325,0.16523414540857634,0.20436086747981608,0.46949826599939115
mnist_mlp,scratch,0,23170,91,18847,0.003,0.0001,272,3.0052654294346137,69632,0.13680235854911557,0.9593008200258956,0.1761632293701172,0.9478,189.64259645342827,0.009482129822671414,0.14628448837178698,0.1856453591927886,0.4806462240003384
mnist_mlp,scratch,1,23170,256,53002,0.003,0.003,272,3.0052654294346137,69632,0.09466973816365788,0.9727233491583944,0.1566670440673828,0.9612,326.6817423440516,0.4900226135160774,0.5846923516797353,0.6466896575834602,0.5601522870001645
mnist_mlp,scratch,0,23170,128,26506,0.003,1e-05,272,3.0052654294346137,69632,0.11949799446695367,0.9662063012516184,0.16954031066894532,0.9524,221.17741715535522,0.0011058870857767761,0.12060388155273044,0.1706461977547221,0.5245455989997936
mnist_mlp,scratch,0,23170,128,26506,0.003,3e-06,272,3.0052654294346137,69632,0.1195862195077105,0.9659473457056539,0.16955220947265626,0.9522,221.24526895582676,0.00033186790343374016,0.11991808741114425,0.16988407737609,0.5073714380005185
mnist_mlp,scratch,0,23170,128,26506,0.003,1e-06,272,3.0052654294346137,69632,0.1195862195077105,0.9659473457056539,0.16955220947265626,0.9522,221.24526895582676,0.00011062263447791338,0.11969684214218843,0.16966283210713418,0.5239670040000419
mnist_mlp,scratch,1,23170,256,53002,0.003,0.001,272,3.0052654294346137,69632,0.09439345529792532,0.972809667673716,0.15658648529052735,0.9612,327.20363513194025,0.16360181756597011,0.25799527286389545,0.32018830285649746,0.604282444999626
mnist_mlp,scratch,1,23170,256,53002,0.003,0.0003,272,3.0052654294346137,69632,0.09441743932204562,0.9730254639620198,0.15655398559570313,0.9612,327.4115267544985,0.04911172901317477,0.1435291683352204,0.2056657146088779,0.9158059310011595
mnist_mlp,scratch,1,23170,256,53002,0.003,0.0001,272,3.0052654294346137,69632,0.09450819388411402,0.9728528269313768,0.1563467529296875,0.961,327.51824699528515,0.01637591234976426,0.11088410623387829,0.17272266527945176,0.8662702870005887
mnist_mlp,scratch,1,23170,256,53002,0.003,3e-05,272,3.0052654294346137,69632,0.09456868869351785,0.9728528269313768,0.1564778106689453,0.9612,327.5056349374354,0.004912584524061531,0.09948127321757938,0.16139039519300685,0.7136323659997288
mnist_mlp,scratch,1,23170,256,53002,0.003,1e-05,272,3.0052654294346137,69632,0.09456802354992902,0.9728528269313768,0.15647738037109374,0.9612,327.508417295292,0.0016375420864764602,0.09620556563640548,0.1581149224575702,0.8054727789985918
mnist_mlp,scratch,0,23170,128,26506,0.003,0.0003,272,3.0052654294346137,69632,0.11956321936925526,0.9659041864479931,0.16943344116210937,0.9522,221.11578406393528,0.03316736760959029,0.15273058697884556,0.20260080877169967,0.45949452399963775
mnist_mlp,scratch,0,23170,128,26506,0.003,0.0001,272,3.0052654294346137,69632,0.11953394646576679,0.9659041864479931,0.16946758422851563,0.9516,221.22174759954214,0.011061087379977108,0.1305950338457439,0.18052867160849273,0.5167679090000092
mnist_mlp,scratch,0,23170,128,26506,0.003,3e-05,272,3.0052654294346137,69632,0.11949831287975089,0.9662063012516184,0.16954033813476563,0.9524,221.17579801380634,0.0033176369702070953,0.12281594984995799,0.17285797510497272,0.5121704829998635
mnist_mlp,scratch,2,23170,32,6634,0.003,0.01,272,3.0052654294346137,69632,0.19601758710773123,0.9416918429003022,0.2172454315185547,0.933,124.37282161414623,0.6218641080707312,0.8178816951784624,0.8391095395892859,0.450875710001128
mnist_mlp,scratch,2,23170,256,53002,0.003,0.003,272,3.0052654294346137,69632,0.09467968189567134,0.9728959861890375,0.1540086669921875,0.959,325.18554746732116,0.48777832120098175,0.5824580030966531,0.6417869881931693,0.585202649999701
mnist_mlp,scratch,2,23170,256,53002,0.003,0.001,272,3.0052654294346137,69632,0.09467727058552235,0.9730686232196806,0.15418724060058595,0.9586,326.02650897577405,0.16301325448788703,0.2576905250734094,0.317200495088473,0.5997959289998107
mnist_mlp,scratch,0,23170,128,26506,0.003,0.001,272,3.0052654294346137,69632,0.11970294397557456,0.9659905049633146,0.16967805480957032,0.9522,221.0490661971271,0.11052453309856355,0.2302274770741381,0.2802025879081339,0.5428541909996056
mnist_mlp,scratch,0,23170,91,18847,0.003,1e-05,272,3.0052654294346137,69632,0.13677963500502402,0.9593008200258956,0.17615825805664062,0.9476,189.65442545711994,0.0009482721272855998,0.13772790713230962,0.17710653018392622,0.4807920909997847
mnist_mlp,scratch,0,23170,91,18847,0.003,3e-06,272,3.0052654294346137,69632,0.1368075354736223,0.9592576607682348,0.17616357421875,0.9478,189.6596254259348,0.0002844894381389022,0.1370920249117612,0.17644806365688892,0.4876620679997359
mnist_mlp,scratch,2,23170,91,18847,0.003,0.01,272,3.0052654294346137,69632,0.1327514417942197,0.9609840310746656,0.16180110778808593,0.9514,188.5394004061818,0.9426970020309091,1.0754484438251288,1.104498109818995,0.5124070909987495
mnist_mlp,scratch,2,23170,32,6634,0.003,0.003,272,3.0052654294346137,69632,0.19575489687929906,0.9418644799309452,0.21713656311035157,0.9332,124.83477552235126,0.1872521632835269,0.38300706016282593,0.40438872639387846,0.4551295470009791
mnist_mlp,scratch,2,23170,32,6634,0.003,0.001,272,3.0052654294346137,69632,0.19577367566091827,0.9416055243849806,0.21738546142578125,0.9328,125.06909100711346,0.06253454550355673,0.258308221164475,0.279920006929338,0.4392531579997012
mnist_mlp,scratch,2,23170,32,6634,0.003,0.0003,272,3.0052654294346137,69632,0.19575532362488873,0.9418213206732844,0.21732411499023438,0.9332,125.14375311136246,0.018771562966704368,0.2145268865915931,0.23609567795693875,0.43060372599939
mnist_mlp,scratch,2,23170,91,18847,0.003,0.001,272,3.0052654294346137,69632,0.1325678842253967,0.960897712559344,0.16232736206054688,0.9518,189.9486431106925,0.09497432155534626,0.22754220578074297,0.2573016836158931,0.4815864869997313
mnist_mlp,scratch,2,23170,91,18847,0.003,0.0003,272,3.0052654294346137,69632,0.13242177391134566,0.9610271903323263,0.16230772399902343,0.9518,190.05172713845968,0.02850775907076895,0.1609295329821146,0.19081548306979237,0.48419696599921735
mnist_mlp,scratch,2,23170,91,18847,0.003,0.0001,272,3.0052654294346137,69632,0.1324296808880776,0.960897712559344,0.16229084167480468,0.9518,190.094587251544,0.0095047293625772,0.1419344102506548,0.17179557103738188,0.49301246700088086
mnist_mlp,scratch,2,23170,45,9325,0.003,1e-06,272,3.0052654294346137,69632,0.16962997937027524,0.9495899870522228,0.18601275634765624,0.9458,135.33065378665924,6.766532689332962e-05,0.16969764469716858,0.18608042167454958,0.5097514080007386
mnist_mlp,scratch,2,23170,45,9325,0.003,0.0,272,3.0052654294346137,69632,0.16962997937027524,0.9495899870522228,0.18601275634765624,0.9458,135.33065378665924,0.0,0.16962997937027524,0.18601275634765624,0.4990538110014313
mnist_mlp,scratch,2,23170,32,6634,0.003,0.03,272,3.0052654294346137,69632,0.1968793319945815,0.9416055243849806,0.2177919464111328,0.9336,122.81860652565956,1.8422790978848933,2.0391584298794747,2.060071044296026,0.46138959400013846
mnist_mlp,scratch,2,23170,256,53002,0.003,0.0003,272,3.0052654294346137,69632,0.09461413594634048,0.9732844195079845,0.15417189025878905,0.959,325.92364664562047,0.048888546996843064,0.14350268294318355,0.2030604372556321,0.6268000860000029
mnist_mlp,scratch,2,23170,256,53002,0.003,0.0001,272,3.0052654294346137,69632,0.09460763103960916,0.9729823047043591,0.15406368103027343,0.959,325.9840358067304,0.01629920179033652,0.11090683282994568,0.17036288282060996,0.597071378999317
mnist_mlp,scratch,2,23170,256,53002,0.003,3e-05,272,3.0052654294346137,69632,0.09445828852285122,0.9731549417350022,0.15400702514648437,0.9588,325.9496233779937,0.0048892443506699055,0.09934753287352113,0.15889626949715427,0.6325513480005611
mnist_mlp,scratch,0,23170,45,9325,0.003,1e-05,272,3.0052654294346137,69632,0.17037091936383927,0.9504100129477773,0.19991798095703125,0.9438,138.14334753155708,0.0006907167376577855,0.17106163610149705,0.20060869769468903,0.4061081230001946
mnist_mlp,scratch,0,23170,45,9325,0.003,3e-06,272,3.0052654294346137,69632,0.1703466712579575,0.9503236944324558,0.19992659606933594,0.9434,138.1621295362711,0.00020724319430440665,0.1705539144522619,0.20013383926364034,0.4090958019996833
mnist_mlp,scratch,0,23170,45,9325,0.003,1e-06,272,3.0052654294346137,69632,0.1703466712579575,0.9503236944324558,0.19992659606933594,0.9434,138.1621295362711,6.908106476813554e-05,0.17041575232272563,0.19999567713410407,0.3871521280007073
mnist_mlp,scratch,1,23170,181,37477,0.003,1e-06,272,3.0052654294346137,69632,0.1058625169802597,0.9691411307725507,0.1610734649658203,0.9576,265.61273344792426,0.0001328063667239621,0.10599532334698365,0.16120627133254428,0.5224692729989329
mnist_mlp,scratch,1,23170,181,37477,0.003,0.0,272,3.0052654294346137,69632,0.1058625169802597,0.9691411307725507,0.1610734649658203,0.9576,265.61273344792426,0.0,0.1058625169802597,0.1610734649658203,0.5222390439994342
mnist_mlp,scratch,1,23170,128,26506,0.003,0.03,272,3.0052654294346137,69632,0.1151916955018486,0.9665947345705654,0.158596240234375,0.954,217.2296821139753,3.2584452317096293,3.3736369272114777,3.417041471944004,0.46770215799915604
mnist_mlp,scratch,1,23170,128,26506,0.003,0.01,272,3.0052654294346137,69632,0.11436462896262256,0.9664220975399224,0.15822982025146484,0.9538,220.8230703510344,1.104115351755172,1.2184799807177946,1.262345172006637,0.491347017001317
mnist_mlp,scratch,1,23170,256,53002,0.003,3e-06,272,3.0052654294346137,69632,0.09455026224043331,0.972809667673716,0.15649230346679688,0.9612,327.52067724615335,0.0004912810158692301,0.09504154325630254,0.1569835844826661,0.7536311069998192
mnist_mlp,scratch,1,23170,256,53002,0.003,1e-06,272,3.0052654294346137,69632,0.09455026224043331,0.972809667673716,0.15649230346679688,0.9612,327.52067724615335,0.00016376033862307667,0.09471402257905638,0.15665606380541997,0.8276036909992399
mnist_mlp,scratch,1,23170,256,53002,0.003,0.0,272,3.0052654294346137,69632,0.09455026224043331,0.972809667673716,0.15649230346679688,0.9612,327.52067724615335,0.0,0.09455026224043331,0.15649230346679688,0.8554793160001282
mnist_mlp,scratch,1,23170,181,37477,0.003,0.03,272,3.0052654294346137,69632,0.10670486799231058,0.9687958567112646,0.15990535888671875,0.9578,258.925546573475,3.883883198602125,3.9905880665944355,4.043788557488844,0.8139854239998385
mnist_mlp,scratch,1,23170,181,37477,0.003,0.01,272,3.0052654294346137,69632,0.10619824162114011,0.9688821752265862,0.16070940856933594,0.957,263.13021706044674,1.3156510853022336,1.4218493269233736,1.4763604938715695,0.5732479849993979
mnist_mlp,scratch,1,23170,181,37477,0.003,0.003,272,3.0052654294346137,69632,0.10592343623030016,0.9689253344842469,0.16063879699707032,0.957,264.75921371765435,0.39713882057648153,0.5030622568067817,0.5577776175735518,0.5677272490011092
mnist_mlp,scratch,1,23170,181,37477,0.003,0.001,272,3.0052654294346137,69632,0.10592758843854526,0.9688821752265862,0.1610935791015625,0.9572,265.31053505279124,0.13265526752639561,0.2385828559649409,0.2937488466279581,0.6249587530001008
mnist_mlp,scratch,1,23170,181,37477,0.003,0.0003,272,3.0052654294346137,69632,0.10576863657260281,0.9690116529995684,0.16098119812011719,0.9574,265.53871769085526,0.039830807653628286,0.1455994442262311,0.20081200577374547,0.5246014759995887
mnist_mlp,scratch,1,23170,181,37477,0.003,0.0001,272,3.0052654294346137,69632,0.105848448534798,0.9691411307725507,0.16110289306640624,0.9574,265.61554171331227,0.013280777085665614,0.1191292256204636,0.17438367015207185,0.5269056170000113
mnist_mlp,scratch,1,23170,181,37477,0.003,3e-05,272,3.0052654294346137,69632,0.10591728661561454,0.9690116529995684,0.16106150817871093,0.9572,265.620544526726,0.00398430816790089,0.10990159478351544,0.1650458163466118,0.5453767529998004
mnist_mlp,scratch,1,23170,181,37477,0.003,1e-05,272,3.0052654294346137,69632,0.10590537165484143,0.96909797151489,0.16105025634765624,0.9574,265.6088387686759,0.0013280441938433797,0.10723341584868482,0.16237830054149963,0.5230062419996102
mnist_mlp,scratch,0,23170,128,26506,0.003,0.003,272,3.0052654294346137,69632,0.11969796395991247,0.9658178679326715,0.1693444061279297,0.9514,220.66665540635586,0.33099998310953377,0.4506979470694462,0.5003443892374635,0.4675205369994728
mnist_mlp,scratch,2,23170,256,53002,0.003,1e-05,272,3.0052654294346137,69632,0.09441623877079568,0.9733275787656452,0.1542001953125,0.9588,326.0841806232929,0.0016304209031164647,0.09604665967391214,0.15583061621561647,0.5904445710002619
mnist_mlp,scratch,2,23170,256,53002,0.003,3e-06,272,3.0052654294346137,69632,0.09442672367285283,0.9734138972809667,0.1542056182861328,0.959,326.05161012895405,0.000489077415193431,0.09491580108804626,0.15469469570132624,0.5992156789998262
mnist_mlp,scratch,2,23170,256,53002,0.003,1e-06,272,3.0052654294346137,69632,0.09442672367285283,0.9734138972809667,0.1542056182861328,0.959,326.05161012895405,0.00016302580506447702,0.0945897494779173,0.15436864409119727,0.5985683420003625
mnist_mlp,scratch,0,23170,32,6634,0.003,0.003,272,3.0052654294346137,69632,0.20138976879556167,0.9385412170910661,0.2247361572265625,0.9346,118.95243582129478,0.1784286537319422,0.37981842252750386,0.4031648109585047,0.39477420700040966
mnist_mlp,scratch,0,23170,32,6634,0.003,0.001,272,3.0052654294346137,69632,0.20105364671492298,0.9395338800172637,0.22434343872070311,0.9346,119.04185999929905,0.05952092999964952,0.2605745767145725,0.28386436872035264,0.36699861899978714
mnist_mlp,scratch,0,23170,45,9325,0.003,0.0001,272,3.0052654294346137,69632,0.1703734986062805,0.9504100129477773,0.19991827697753906,0.9438,138.13678443431854,0.006906839221715927,0.17728033782799643,0.20682511619925498,0.4439347669995186
mnist_mlp,scratch,0,23170,45,9325,0.003,0.0,272,3.0052654294346137,69632,0.1703466712579575,0.9503236944324558,0.19992659606933594,0.9434,138.1621295362711,0.0,0.1703466712579575,0.19992659606933594,0.43350502399971447
mnist_mlp,scratch,0,23170,128,26506,0.003,0.01,272,3.0052654294346137,69632,0.11985968045237562,0.9659473457056539,0.16930839233398437,0.9516,219.46343036741018,1.097317151837051,1.2171768322894267,1.2666255441710355,0.4634227019996615
mnist_mlp,scratch,1,23170,128,26506,0.003,0.003,272,3.0052654294346137,69632,0.11420336127744238,0.9668105308588693,0.15873455963134767,0.9536,221.88819243758917,0.33283228865638376,0.44703564993382616,0.49156684828773145,0.5179892249998375
mnist_mlp,scratch,1,23170,128,26506,0.003,0.001,272,3.0052654294346137,69632,0.11401385989331149,0.9667242123435477,0.15855584259033204,0.9542,222.23762767761946,0.11111881383880973,0.2251326737321212,0.2696746564291418,0.482567911998558
mnist_mlp,scratch,1,23170,128,26506,0.003,0.0003,272,3.0052654294346137,69632,0.11404111695073522,0.9668105308588693,0.1582412826538086,0.954,222.42372485995293,0.03336355872899294,0.14740467567972815,0.19160484138280154,0.466046384000947
mnist_mlp,scratch,1,23170,128,26506,0.003,0.0001,272,3.0052654294346137,69632,0.11406796208012449,0.9667242123435477,0.15836704864501952,0.9538,222.3921351544559,0.011119606757722795,0.1251875688378473,0.16948665540274233,0.48449280000022554
mnist_mlp,scratch,1,23170,128,26506,0.003,3e-05,272,3.0052654294346137,69632,0.11407099309335972,0.9667673716012085,0.1583565689086914,0.954,222.42029767110944,0.0033363044650666415,0.11740729755842635,0.16169287337375804,0.464836742999978
mnist_mlp,scratch,1,23170,128,26506,0.003,1e-05,272,3.0052654294346137,69632,0.11406978068806563,0.9667673716012085,0.15835891418457032,0.954,222.4204050153494,0.0011121020250767471,0.11518188271314238,0.15947101620964707,0.47025631600081397
mnist_mlp,scratch,1,23170,128,26506,0.003,3e-06,272,3.0052654294346137,69632,0.11408545403939463,0.9668105308588693,0.15846277618408203,0.954,222.44701083004475,0.00033367051624506714,0.1144191245556397,0.15879644670032708,0.46857836399976804
mnist_mlp,scratch,1,23170,128,26506,0.003,1e-06,272,3.0052654294346137,69632,0.11408545403939463,0.9668105308588693,0.15846277618408203,0.954,222.44701083004475,0.00011122350541502236,0.11419667754480965,0.15857399968949704,0.46693674700145493
mnist_mlp,scratch,1,23170,128,26506,0.003,0.0,272,3.0052654294346137,69632,0.11408545403939463,0.9668105308588693,0.15846277618408203,0.954,222.44701083004475,0.0,0.11408545403939463,0.15846277618408203,0.46255937299974903
mnist_mlp,scratch,1,23170,91,18847,0.003,0.03,272,3.0052654294346137,69632,0.13693524271339808,0.9591713422529132,0.17583583068847655,0.9492,184.52158284559846,2.767823742683977,2.904758985397375,2.9436595733724533,0.45451034600046114
mnist_mlp,scratch,0,23170,91,18847,0.003,1e-06,272,3.0052654294346137,69632,0.1368075354736223,0.9592576607682348,0.17616357421875,0.9478,189.6596254259348,9.48298127129674e-05,0.13690236528633526,0.17625840403146298,0.45071910099977686
mnist_mlp,scratch,1,23170,181,37477,0.003,3e-06,272,3.0052654294346137,69632,0.1058625169802597,0.9691411307725507,0.1610734649658203,0.9576,265.61273344792426,0.0003984191001718864,0.10626093608043158,0.1614718840659922,0.5671146229997248
mnist_mlp,scratch,2,23170,256,53002,0.003,0.0,272,3.0052654294346137,69632,0.09442672367285283,0.9734138972809667,0.1542056182861328,0.959,326.05161012895405,0.0,0.09442672367285283,0.1542056182861328,0.6349811279997084
mnist_mlp,scratch,0,23170,45,9325,0.003,0.001,272,3.0052654294346137,69632,0.17046964346565047,0.9502805351747949,0.20004701232910158,0.9442,137.99288479238749,0.06899644239619375,0.2394660858618442,0.26904345472529534,0.4473298309994789
mnist_mlp,scratch,0,23170,45,9325,0.003,0.0003,272,3.0052654294346137,69632,0.17033790585086117,0.9502373759171342,0.1999754180908203,0.9434,138.06718280911446,0.020710077421367167,0.19104798327222833,0.22068549551218747,0.43811496299986175
mnist_mlp,scratch,0,23170,45,9325,0.003,0.03,272,3.0052654294346137,69632,0.17142111161272744,0.9501942166594735,0.2000262969970703,0.945,135.38746167719364,2.0308119251579044,2.202233036770632,2.2308382221549747,0.437345022000045
mnist_mlp,scratch,0,23170,45,9325,0.003,0.01,272,3.0052654294346137,69632,0.1706050531998965,0.950453172205438,0.19970602722167968,0.9438,137.12170666456223,0.6856085333228111,0.8562135865227076,0.8853145605444908,0.40986688600060006
mnist_mlp,scratch,0,23170,45,9325,0.003,0.003,272,3.0052654294346137,69632,0.17053326477920078,0.9501942166594735,0.20005807189941407,0.9442,137.75829900801182,0.20663744851201774,0.37717071329121854,0.4066955204114318,0.43795824500011804
mnist_mlp,scratch,2,23170,32,6634,0.003,1e-05,272,3.0052654294346137,69632,0.19580312044804704,0.9417781614156236,0.21759199523925782,0.9332,125.05507092177868,0.0006252753546088935,0.19642839580265595,0.21821727059386672,0.4022657919995254
mnist_mlp,scratch,2,23170,128,26506,0.003,0.0,272,3.0052654294346137,69632,0.11470116494696975,0.9680621493310315,0.15773096923828125,0.9562,222.17439229041338,0.0,0.11470116494696975,0.15773096923828125,0.5206410439986939
mnist_mlp,scratch,2,23170,91,18847,0.003,0.03,272,3.0052654294346137,69632,0.1335463687269452,0.9606819162710402,0.16182459411621095,0.9514,186.06116001307964,2.7909174001961947,2.92446376892314,2.952741994312406,0.5007739819993731
mnist_mlp,scratch,1,23170,91,18847,0.003,0.01,272,3.0052654294346137,69632,0.13617929352425684,0.9594302977988779,0.1756218505859375,0.949,187.1578560359776,0.935789280179888,1.071968573704145,1.1114111307658257,0.45180476599853137
mnist_mlp,scratch,0,23170,181,37477,0.003,1e-05,272,3.0052654294346137,69632,0.10447135829802058,0.9702201122140699,0.16063101501464844,0.958,264.6276103332639,0.0013231380516663194,0.1057944963496869,0.16195415306631475,0.576327972999934
mnist_mlp,scratch,0,23170,181,37477,0.003,3e-06,272,3.0052654294346137,69632,0.10450804261333942,0.9702632714717306,0.16065592041015625,0.9578,264.6513003334403,0.00039697695050016046,0.10490501956383957,0.16105289736065642,0.6054884450004465
mnist_mlp,scratch,0,23170,181,37477,0.003,1e-06,272,3.0052654294346137,69632,0.10450804261333942,0.9702632714717306,0.16065592041015625,0.9578,264.6513003334403,0.00013232565016672014,0.10464036826350613,0.16078824606032296,0.604424735000066
mnist_mlp,scratch,1,23170,91,18847,0.003,0.003,272,3.0052654294346137,69632,0.13600532719427313,0.9594302977988779,0.17556185302734376,0.9496,188.21400530263782,0.2823210079539567,0.4183263351482298,0.4578828609813005,0.4445349849993363
mnist_mlp,scratch,1,23170,91,18847,0.003,0.001,272,3.0052654294346137,69632,0.1360102446469244,0.959387138541217,0.17574159240722656,0.9492,188.3036557175219,0.09415182785876096,0.23016207250568538,0.2698934202659875,0.4773823609993997
mnist_mlp,scratch,1,23170,91,18847,0.003,0.0003,272,3.0052654294346137,69632,0.13614401127893863,0.9594302977988779,0.17577176513671874,0.949,188.54130363091826,0.028281195544637736,0.16442520682357636,0.20405296068135648,0.4967380559992307
mnist_mlp,scratch,1,23170,91,18847,0.003,0.0001,272,3.0052654294346137,69632,0.13602451131834672,0.9595597755718601,0.17599835205078124,0.9492,188.4949836693704,0.009424749183468521,0.14544926050181525,0.18542310123424977,0.4782081690009363
mnist_mlp,scratch,1,23170,91,18847,0.003,3e-05,272,3.0052654294346137,69632,0.13605533117459775,0.9595597755718601,0.17600715942382814,0.9492,188.50213208794594,0.002827531981319189,0.13888286315591694,0.17883469140514732,0.4535978099993372
mnist_mlp,scratch,0,23170,91,18847,0.003,0.0,272,3.0052654294346137,69632,0.1368075354736223,0.9592576607682348,0.17616357421875,0.9478,189.6596254259348,0.0,0.1368075354736223,0.17616357421875,0.44846332399993116
mnist_mlp,scratch,0,23170,64,13258,0.003,0.03,272,3.0052654294346137,69632,0.15204033553214438,0.9569270608545533,0.18208941650390625,0.9462,154.74127559363842,2.3211191339045762,2.4731594694367205,2.5032085504084827,0.425621633999981
mnist_mlp,scratch,0,23170,181,37477,0.003,0.0,272,3.0052654294346137,69632,0.10450804261333942,0.9702632714717306,0.16065592041015625,0.9578,264.6513003334403,0.0,0.10450804261333942,0.16065592041015625,0.5139219520006009
mnist_mlp,scratch,0,23170,128,26506,0.003,0.03,272,3.0052654294346137,69632,0.12072063967952144,0.9654725938713854,0.16908702697753905,0.9524,216.15148863568902,3.2422723295353353,3.3629929692148566,3.4113593565128744,0.4913514519994351
mnist_mlp,scratch,2,23170,181,37477,0.003,0.03,272,3.0052654294346137,69632,0.1048306234242024,0.9705222270176953,0.16165819396972655,0.9584,259.97265894245356,3.8995898841368035,4.004420507561006,4.06124807810653,0.5692311419988982
mnist_mlp,scratch,2,23170,181,37477,0.003,0.01,272,3.0052654294346137,69632,0.10442323450081092,0.970565386275356,0.16222379150390626,0.9574,264.1288816444576,1.320644408222288,1.4250676427230988,1.482868199726194,0.5594214760003524
mnist_mlp,scratch,0,23170,181,37477,0.003,3e-05,272,3.0052654294346137,69632,0.10447153182805588,0.9702201122140699,0.16063121337890626,0.958,264.62549572438,0.003969382435865701,0.10844091426392158,0.16460059581477196,0.5861251639998954
mnist_mlp,scratch,1,23170,91,18847,0.003,1e-05,272,3.0052654294346137,69632,0.13605500617622043,0.9595597755718601,0.17600721740722655,0.9492,188.50337981805205,0.0009425168990902604,0.13699752307531068,0.1769497343063168,0.44749916900036624
mnist_mlp,scratch,1,23170,91,18847,0.003,3e-06,272,3.0052654294346137,69632,0.13605408682924022,0.9595597755718601,0.1760072998046875,0.9492,188.5073107071221,0.0002827609660606831,0.13633684779530092,0.17629006077074819,0.48416965499927755
mnist_mlp,scratch,1,23170,91,18847,0.003,1e-06,272,3.0052654294346137,69632,0.13605408682924022,0.9595597755718601,0.1760072998046875,0.9492,188.5073107071221,9.425365535356104e-05,0.1361483404845938,0.17610155346004105,0.49666761200023757
mnist_mlp,scratch,1,23170,91,18847,0.003,0.0,272,3.0052654294346137,69632,0.13605408682924022,0.9595597755718601,0.1760072998046875,0.9492,188.5073107071221,0.0,0.13605408682924022,0.1760072998046875,0.44709870999940904
mnist_mlp,scratch,2,23170,32,6634,0.003,3e-06,272,3.0052654294346137,69632,0.19580205358407288,0.9417781614156236,0.21759158935546874,0.9332,125.05714556574821,0.00018758571834862233,0.1959896393024215,0.21777917507381736,0.41366372799893725
mnist_mlp,scratch,2,23170,32,6634,0.003,1e-06,272,3.0052654294346137,69632,0.19580205358407288,0.9417781614156236,0.21759158935546874,0.9332,125.05714556574821,6.25285727828741e-05,0.19586458215685576,0.21765411792825162,0.4490669999995589
mnist_mlp,scratch,2,23170,32,6634,0.003,0.0,272,3.0052654294346137,69632,0.19580205358407288,0.9417781614156236,0.21759158935546874,0.9332,125.05714556574821,0.0,0.19580205358407288,0.21759158935546874,0.39983686199957447
mnist_mlp,scratch,2,23170,32,6634,0.003,0.0001,272,3.0052654294346137,69632,0.195738691742378,0.9417781614156236,0.21740289306640626,0.9332,125.08143359422684,0.006254071679711342,0.20199276342208936,0.2236569647461176,0.41891105200011225
mnist_mlp,scratch,2,23170,32,6634,0.003,3e-05,272,3.0052654294346137,69632,0.19580348265495184,0.9417781614156236,0.21759219360351562,0.9332,125.05431567132473,0.001875814735069871,0.1976792973900217,0.21946800833858549,0.4068637230011518
mnist_mlp,scratch,2,23170,181,37477,0.003,0.003,272,3.0052654294346137,69632,0.10420777572348656,0.9706085455330168,0.16245225830078125,0.957,265.5427332762629,0.3983140999143943,0.5025218756378809,0.5607663582151756,0.572494481000831
mnist_mlp,scratch,2,23170,181,37477,0.003,0.001,272,3.0052654294346137,69632,0.10413880000404618,0.9706517047906776,0.16166307678222655,0.9572,266.0547507945448,0.1330273753972724,0.2371661754013186,0.29469045217949896,0.5835381239994604
mnist_mlp,scratch,2,23170,181,37477,0.003,0.0003,272,3.0052654294346137,69632,0.10407117959698779,0.9706948640483384,0.16184068908691407,0.957,266.3530669808388,0.03995296004712581,0.1440241396441136,0.20179364913403988,0.5783005479988788
mnist_mlp,scratch,0,23170,181,37477,0.003,0.0003,272,3.0052654294346137,69632,0.10446030045049583,0.9700043159257661,0.1608530975341797,0.9578,264.6578401103616,0.03969867601655423,0.14415897646705006,0.20055177355073395,0.545404407001115
mnist_mlp,scratch,1,23170,64,13258,0.003,0.01,272,3.0052654294346137,69632,0.14767532612056017,0.9569702201122141,0.17911395263671875,0.9486,157.13557746261358,0.785677887313068,0.9333532134336282,0.9647918399497868,0.42023642499952985
mnist_mlp,scratch,1,23170,64,13258,0.003,0.003,272,3.0052654294346137,69632,0.1473162476955738,0.9572291756581787,0.17882651977539063,0.9482,157.85631656646729,0.23678447484970094,0.3841007225452747,0.41561099462509155,0.399410894000539
mnist_mlp,scratch,1,23170,64,13258,0.003,0.001,272,3.0052654294346137,69632,0.14725908222618317,0.9572723349158394,0.17878760986328124,0.9486,158.07741678506136,0.07903870839253069,0.22629779061871386,0.2578263182558119,0.4023561300000438
mnist_mlp,scratch,1,23170,64,13258,0.003,0.0003,272,3.0052654294346137,69632,0.14730379930281362,0.9573154941735003,0.17881297302246094,0.9486,158.2594519853592,0.023738917797803877,0.1710427171006175,0.2025518908202648,0.42670803800137946
mnist_mlp,scratch,1,23170,64,13258,0.003,0.0001,272,3.0052654294346137,69632,0.14723692701765315,0.9574449719464825,0.17880540771484374,0.9484,158.23845995217562,0.007911922997608782,0.15514885001526194,0.18671733071245253,0.4336895550004556
mnist_mlp,scratch,1,23170,64,13258,0.003,3e-05,272,3.0052654294346137,69632,0.14725238963041934,0.9573154941735003,0.17887259216308593,0.948,158.28763403743505,0.002374314510561526,0.14962670414098087,0.18124690667364746,0.4634626820006815
mnist_mlp,scratch,1,23170,64,13258,0.003,1e-05,272,3.0052654294346137,69632,0.14725206199781002,0.9573154941735003,0.1788726348876953,0.948,158.28862328082323,0.0007914431164041162,0.14804350511421413,0.17966407800409942,0.44897984999988694
mnist_mlp,scratch,1,23170,64,13258,0.003,3e-06,272,3.0052654294346137,69632,0.14725115384631596,0.9573154941735003,0.17887260437011718,0.948,158.2918459624052,0.00023743776894360783,0.14748859161525957,0.1791100421390608,0.43067375700047705
mnist_mlp,scratch,1,23170,64,13258,0.003,1e-06,272,3.0052654294346137,69632,0.14725115384631596,0.9573154941735003,0.17887260437011718,0.948,158.2918459624052,7.91459229812026e-05,0.14733029976929715,0.17895175029309837,0.4159465419998014
mnist_mlp,scratch,1,23170,64,13258,0.003,0.0,272,3.0052654294346137,69632,0.14725115384631596,0.9573154941735003,0.17887260437011718,0.948,158.2918459624052,0.0,0.14725115384631596,0.17887260437011718,0.3918987599990942
mnist_mlp,scratch,0,23170,64,13258,0.003,0.01,272,3.0052654294346137,69632,0.1511869533441681,0.9571428571428572,0.18236319885253907,0.946,156.59473387897015,0.7829736693948508,0.9341606227390189,0.9653368682473898,0.4738186720005615
mnist_mlp,scratch,0,23170,181,37477,0.003,0.0001,272,3.0052654294346137,69632,0.10441686262279735,0.9700043159257661,0.16096038513183594,0.958,264.599899739027,0.013229994986951352,0.1176468576097487,0.1741903801187873,0.5402177030009625
mnist_mlp,scratch,2,23170,181,37477,0.003,0.0001,272,3.0052654294346137,69632,0.1041047723117346,0.9706948640483384,0.16171490478515624,0.9574,266.2546856049448,0.013312734280247242,0.11741750659198183,0.17502763906540347,0.5555587469989405
mnist_mlp,scratch,2,23170,181,37477,0.003,3e-05,272,3.0052654294346137,69632,0.10408861953017523,0.9706948640483384,0.1617718292236328,0.957,266.2534231878817,0.0039938013478182256,0.10808242087799345,0.16576563057145105,0.6026943590004521
mnist_mlp,scratch,2,23170,181,37477,0.003,1e-05,272,3.0052654294346137,69632,0.10408840879161244,0.9706948640483384,0.16177186889648437,0.957,266.25560733675957,0.001331278036683798,0.10541968682829624,0.16310314693316816,0.5785193799983972
mnist_mlp,scratch,2,23170,181,37477,0.003,3e-06,272,3.0052654294346137,69632,0.10410730150376717,0.9706517047906776,0.1617102813720703,0.9574,266.2655375096947,0.0003993983062645421,0.1045066998100317,0.16210967967833484,0.5609050929997466
mnist_mlp,scratch,0,23170,64,13258,0.003,3e-06,272,3.0052654294346137,69632,0.15085366701431505,0.9572723349158394,0.18215528564453126,0.9458,157.82598230987787,0.00023673897346481682,0.15109040598777987,0.18239202461799608,0.3975732130002143
mnist_mlp,scratch,0,23170,256,53002,0.003,0.0,272,3.0052654294346137,69632,0.09564278742132076,0.9730254639620198,0.1675788055419922,0.9588,324.92953001335263,0.0,0.09564278742132076,0.1675788055419922,0.5276371030013252
mnist_mlp,scratch,0,23170,181,37477,0.003,0.03,272,3.0052654294346137,69632,0.10529625060798076,0.969831678895123,0.16046232604980468,0.9576,258.24315512925386,3.8736473269388076,3.9789435775467883,4.0341096529886125,0.5566398030005075
mnist_mlp,scratch,0,23170,181,37477,0.003,0.01,272,3.0052654294346137,69632,0.10481844306455175,0.9697022011221407,0.1600378936767578,0.9584,262.41997069120407,1.3120998534560204,1.4169182965205722,1.4721377471327783,0.5143719110001257
mnist_mlp,scratch,1,23170,45,9325,0.003,0.01,272,3.0052654294346137,69632,0.17419997615756586,0.9486836426413465,0.19600802612304688,0.9422,132.40717715024948,0.6620358857512474,0.8362358619088133,0.8580439118742943,0.4286627010005759
mnist_mlp,scratch,1,23170,45,9325,0.003,0.003,272,3.0052654294346137,69632,0.17386640928200106,0.9491152352179543,0.19556823425292968,0.9418,132.89227513223886,0.1993384126983583,0.37320482198035937,0.39490664695128797,0.491016566998951
mnist_mlp,scratch,1,23170,45,9325,0.003,0.001,272,3.0052654294346137,69632,0.17379141598875583,0.9487699611566681,0.19541525268554688,0.942,133.11950133740902,0.06655975066870451,0.24035116665746034,0.2619750033542514,0.42452449899974454
mnist_mlp,scratch,1,23170,45,9325,0.003,0.0003,272,3.0052654294346137,69632,0.1737358867067379,0.9490289167026327,0.195476708984375,0.9416,133.20891589671373,0.01998133738450706,0.19371722409124495,0.21545804636888205,0.43760603000009723
mnist_mlp,scratch,1,23170,45,9325,0.003,0.0001,272,3.0052654294346137,69632,0.17372937784865852,0.9490289167026327,0.19552333068847655,0.9416,133.20179326087236,0.006660089663043618,0.18038946751170215,0.20218342035152018,0.4298717729998316
mnist_mlp,scratch,1,23170,45,9325,0.003,3e-05,272,3.0052654294346137,69632,0.1737216309015227,0.9490289167026327,0.19551394653320311,0.9416,133.2040640413761,0.001998060960620642,0.17571969186214334,0.19751200749382375,0.4506896750008309
mnist_mlp,scratch,1,23170,45,9325,0.003,1e-05,272,3.0052654294346137,69632,0.17372176228384545,0.9490289167026327,0.1955146514892578,0.9416,133.20476756244898,0.000666023837812245,0.1743877861216577,0.19618067532707006,0.4376593609995325
mnist_mlp,scratch,1,23170,45,9325,0.003,3e-06,272,3.0052654294346137,69632,0.17373820450164967,0.9489425981873112,0.19554854125976562,0.942,133.23612148314714,0.00019985418222472073,0.1739380586838744,0.19574839544199035,0.4029868149991671
mnist_mlp,scratch,1,23170,45,9325,0.003,1e-06,272,3.0052654294346137,69632,0.17373820450164967,0.9489425981873112,0.19554854125976562,0.942,133.23612148314714,6.661806074157357e-05,0.17380482256239124,0.1956151593205072,0.409469258000172
mnist_mlp,scratch,1,23170,45,9325,0.003,0.0,272,3.0052654294346137,69632,0.17373820450164967,0.9489425981873112,0.19554854125976562,0.942,133.23612148314714,0.0,0.17373820450164967,0.19554854125976562,0.43207299299865554
mnist_mlp,scratch,1,23170,64,13258,0.003,0.03,272,3.0052654294346137,69632,0.14820464870566483,0.9572291756581787,0.17900755920410155,0.9478,155.01363018900156,2.3252044528350235,2.4734091015406885,2.504212012039125,0.4046883680002793
mnist_mlp,scratch,0,23170,181,37477,0.003,0.003,272,3.0052654294346137,69632,0.1046207528408612,0.9700043159257661,0.16068868713378906,0.9586,264.161327496171,0.3962419912442565,0.5008627440851177,0.5569306783780456,0.570827442999871
mnist_mlp,scratch,0,23170,181,37477,0.003,0.001,272,3.0052654294346137,69632,0.10477821208507684,0.9700043159257661,0.1611388214111328,0.9574,264.545442327857,0.13227272116392852,0.23705093324900536,0.2934115425750613,0.5512012220006
mnist_mlp,scratch,2,23170,128,26506,0.003,1e-05,272,3.0052654294346137,69632,0.11453661402083698,0.9676737160120846,0.15787492065429687,0.9556,222.38961816579103,0.0011119480908289552,0.11564856211166594,0.15898686874512583,0.5269038170008571
mnist_mlp,scratch,2,23170,128,26506,0.003,3e-06,272,3.0052654294346137,69632,0.11470116494696975,0.9680621493310315,0.15773096923828125,0.9562,222.17439229041338,0.00033326158843562006,0.11503442653540537,0.15806423082671686,0.5482837689996813
mnist_mlp,scratch,2,23170,128,26506,0.003,1e-06,272,3.0052654294346137,69632,0.11470116494696975,0.9680621493310315,0.15773096923828125,0.9562,222.17439229041338,0.00011108719614520669,0.11481225214311495,0.15784205643442645,0.5149046639999142
mnist_mlp,scratch,1,23170,32,6634,0.003,0.03,272,3.0052654294346137,69632,0.19919006123746527,0.942468709538196,0.22035425415039062,0.9366,116.48259265720844,1.7472388898581266,1.9464289510955919,1.9675931440085173,0.37953400100013823
mnist_mlp,scratch,0,23170,256,53002,0.003,3e-06,272,3.0052654294346137,69632,0.09564278742132076,0.9730254639620198,0.1675788055419922,0.9588,324.92953001335263,0.00048739429502002896,0.09613018171634079,0.16806619983701224,0.5473187229999894
mnist_mlp,scratch,0,23170,256,53002,0.003,1e-06,272,3.0052654294346137,69632,0.09564278742132076,0.9730254639620198,0.1675788055419922,0.9588,324.92953001335263,0.0001624647650066763,0.09580525218632743,0.16774127030699887,0.5968744000001607
mnist_mlp,scratch,1,23170,32,6634,0.003,0.01,272,3.0052654294346137,69632,0.19828551205572095,0.9422960725075529,0.22008525085449218,0.9366,117.71242622286081,0.5885621311143041,0.7868476431700251,0.8086473819687963,0.38818569800059777
mnist_mlp,scratch,1,23170,32,6634,0.003,0.003,272,3.0052654294346137,69632,0.19804320749044932,0.9423823910228744,0.2200283447265625,0.9366,118.23031832277775,0.17734547748416662,0.37538868497461597,0.39737382221072914,0.4221736220006278
mnist_mlp,scratch,1,23170,32,6634,0.003,0.001,272,3.0052654294346137,69632,0.19793732519236215,0.942641346568839,0.21984555358886718,0.9364,118.38905847072601,0.05919452923536301,0.2571318544277252,0.2790400828242302,0.4240880079996714
mnist_mlp,scratch,1,23170,32,6634,0.003,0.0003,272,3.0052654294346137,69632,0.1979562034162407,0.9423823910228744,0.21989162902832032,0.936,118.45265720039606,0.017767898580059407,0.2157241019963001,0.23765952760837972,0.40797641899916925
mnist_mlp,scratch,1,23170,32,6634,0.003,0.0001,272,3.0052654294346137,69632,0.19794715614631664,0.9423392317652136,0.2198824249267578,0.9362,118.46573741734028,0.005923286870867015,0.20387044301718366,0.22580571179762482,0.36956702600036806
mnist_mlp,scratch,0,23170,256,53002,0.003,0.0001,272,3.0052654294346137,69632,0.0955748838343186,0.9730254639620198,0.1674639892578125,0.9582,325.05218730680645,0.01625260936534032,0.11182749319965893,0.18371659862315282,0.576325710000674
mnist_mlp,scratch,0,23170,64,13258,0.003,0.003,272,3.0052654294346137,69632,0.1510235888102881,0.9573154941735003,0.18213095703125,0.9464,157.31158334761858,0.23596737502142787,0.38699096383171594,0.4180983320526779,0.3987226110002666
mnist_mlp,scratch,0,23170,64,13258,0.003,0.001,272,3.0052654294346137,69632,0.15096191584060661,0.9574449719464825,0.18218719787597656,0.9452,157.58279480040073,0.07879139740020037,0.229753313240807,0.26097859527617695,0.39995563100001164
mnist_mlp,scratch,1,23170,45,9325,0.003,0.03,272,3.0052654294346137,69632,0.17485256730146742,0.9479067760034527,0.19601300659179688,0.9426,130.81187228113413,1.9621780842170118,2.1370306515184794,2.158191090808809,0.4198589499992522
mnist_mlp,scratch,2,23170,181,37477,0.003,1e-06,272,3.0052654294346137,69632,0.10410730150376717,0.9706517047906776,0.1617102813720703,0.9574,266.2655375096947,0.00013313276875484735,0.10424043427252201,0.16184341414082515,0.5717498499998328
mnist_mlp,scratch,2,23170,181,37477,0.003,0.0,272,3.0052654294346137,69632,0.10410730150376717,0.9706517047906776,0.1617102813720703,0.9574,266.2655375096947,0.0,0.10410730150376717,0.1617102813720703,0.5547453780000069
mnist_mlp,scratch,0,23170,64,13258,0.003,0.0,272,3.0052654294346137,69632,0.15085366701431505,0.9572723349158394,0.18215528564453126,0.9458,157.82598230987787,0.0,0.15085366701431505,0.18215528564453126,0.4181462520000423
mnist_mlp,scratch,0,23170,64,13258,0.003,0.0001,272,3.0052654294346137,69632,0.15086674663492664,0.9574018126888217,0.18198563232421874,0.9458,157.7181891798973,0.007885909458994866,0.1587526560939215,0.1898715417832136,0.4480438830005369
mnist_mlp,scratch,0,23170,64,13258,0.003,0.0003,272,3.0052654294346137,69632,0.15083508283658742,0.9575744497194648,0.18222307739257812,0.946,157.6962707415223,0.023654440611228345,0.17448952344781576,0.20587751800380646,0.4428144820003581
mnist_mlp,scratch,0,23170,256,53002,0.003,3e-05,272,3.0052654294346137,69632,0.0956147374600545,0.9731117824773414,0.16760350036621094,0.9588,324.8740606121719,0.004873110909182578,0.10048784836923708,0.17247661127539352,0.5700589440002659
mnist_mlp,scratch,0,23170,256,53002,0.003,1e-05,272,3.0052654294346137,69632,0.09561615582936583,0.9731117824773414,0.16760166625976564,0.9588,324.87676638923585,0.0016243838319461793,0.09724053966131202,0.16922605009171182,0.5888538929993956
mnist_mlp,scratch,1,23170,32,6634,0.003,3e-05,272,3.0052654294346137,69632,0.197888410137705,0.9425981873111783,0.21982017211914062,0.936,118.46449665725231,0.0017769674498587847,0.19966537758756378,0.2215971395689994,0.422905842999171
mnist_mlp,scratch,1,23170,32,6634,0.003,1e-05,272,3.0052654294346137,69632,0.19788811378660107,0.9425981873111783,0.21982011413574218,0.936,118.46503273397684,0.0005923251636698843,0.19848043895027095,0.22041243929941207,0.4097473519996129
mnist_mlp,scratch,1,23170,32,6634,0.003,3e-06,272,3.0052654294346137,69632,0.19788699226231218,0.9425981873111783,0.21981966552734375,0.936,118.4672153443098,0.00017770082301646472,0.19806469308532865,0.2199973663503602,0.3854788970002119
mnist_mlp,scratch,1,23170,32,6634,0.003,1e-06,272,3.0052654294346137,69632,0.19788699226231218,0.9425981873111783,0.21981966552734375,0.936,118.4672153443098,5.92336076721549e-05,0.19794622586998434,0.2198788991350159,0.4003802299994277
mnist_mlp,scratch,2,23170,128,26506,0.003,3e-05,272,3.0052654294346137,69632,0.11456570911366311,0.9680189900733708,0.1579738555908203,0.9558,222.34010946005583,0.0033351016419008376,0.11790081075556394,0.16130895723272115,0.5579864929986798
mnist_mlp,scratch,2,23170,91,18847,0.003,0.003,272,3.0052654294346137,69632,0.13251735175227009,0.9606819162710402,0.16185439453125,0.9514,189.55769078433514,0.28433653617650273,0.4168538879287728,0.44619093070775273,0.49748818800071604
mnist_mlp,scratch,0,23170,64,13258,0.003,1e-06,272,3.0052654294346137,69632,0.15085366701431505,0.9572723349158394,0.18215528564453126,0.9458,157.82598230987787,7.891299115493893e-05,0.15093258000547,0.1822341986356862,0.41418362599961256
mnist_mlp,scratch,2,23170,128,26506,0.003,0.03,272,3.0052654294346137,69632,0.11580744888641528,0.9675442382391023,0.15811768188476563,0.9558,217.47913596779108,3.262187039516866,3.3779944884032815,3.420304721401632,0.5086320999998861
mnist_mlp,scratch,2,23170,128,26506,0.003,0.01,272,3.0052654294346137,69632,0.11491395755219573,0.9678463530427277,0.15754767150878907,0.9556,220.5773343294859,1.1028866716474295,1.2178006291996253,1.2604343431562186,0.5320442880001792
mnist_mlp,scratch,2,23170,128,26506,0.003,0.003,272,3.0052654294346137,69632,0.11467848651410179,0.9680621493310315,0.1573060333251953,0.9556,221.70198976248503,0.33255298464372757,0.44723147115782935,0.48985901796892284,0.5172131679992162
mnist_mlp,scratch,2,23170,128,26506,0.003,0.001,272,3.0052654294346137,69632,0.11470509028198084,0.9677168752697454,0.15803847961425782,0.9556,222.1197992824018,0.1110598996412009,0.22576498992318172,0.2690983792554587,0.5143149169998651
mnist_mlp,scratch,0,23170,256,53002,0.003,0.001,272,3.0052654294346137,69632,0.09553342941870296,0.9730686232196806,0.16727931213378905,0.9586,324.7141932621598,0.16235709663107992,0.2578905260497829,0.329636408764869,0.5905888319994119
mnist_mlp,scratch,0,23170,256,53002,0.003,0.0003,272,3.0052654294346137,69632,0.09573308576732861,0.9730254639620198,0.16776402893066406,0.9584,324.7891795486212,0.048718376932293174,0.14445146269962178,0.21648240586295722,0.5729473069986852
mnist_mlp,scratch,2,23170,128,26506,0.003,0.0003,272,3.0052654294346137,69632,0.11458595088189874,0.9677600345274061,0.15786357727050782,0.9558,222.33359495550394,0.03335003924332559,0.14793599012522432,0.1912136165138334,0.49931089200072165
mnist_mlp,scratch,2,23170,128,26506,0.003,0.0001,272,3.0052654294346137,69632,0.11454511699256682,0.9679326715580492,0.15793228149414062,0.9556,222.38566681742668,0.011119283340871335,0.12566440033343815,0.16905156483501196,0.5071673029997328
mnist_mlp,scratch,0,23170,256,53002,0.003,0.03,272,3.0052654294346137,69632,0.09648686648958657,0.972809667673716,0.16577968139648439,0.9588,316.4825376458466,4.747238064687699,4.843724931177285,4.913017746084184,0.5866296010008227
mnist_mlp,scratch,0,23170,256,53002,0.003,0.01,272,3.0052654294346137,69632,0.09609033142537664,0.9727665084160553,0.16742187805175782,0.9582,321.9195658285171,1.6095978291425854,1.7056881605679621,1.7770197071943432,0.5870265230005316
mnist_mlp,scratch,1,23170,32,6634,0.003,0.0,272,3.0052654294346137,69632,0.19788699226231218,0.9425981873111783,0.21981966552734375,0.936,118.4672153443098,0.0,0.19788699226231218,0.21981966552734375,0.3771018190000177
mnist_mlp,scratch,0,23170,256,53002,0.003,0.003,272,3.0052654294346137,69632,0.0958647703681982,0.9726801899007337,0.16821776733398439,0.9586,323.7756396047771,0.48566345940716565,0.5815282297753639,0.65388122674115,0.5797401720010384
mnist_mlp,scratch,0,23170,64,13258,0.003,3e-05,272,3.0052654294346137,69632,0.15085496964205633,0.9572723349158394,0.18215552368164062,0.9458,157.82189637422562,0.0023673284456133844,0.1532222980876697,0.184522852127254,0.4359059859998524
mnist_mlp,scratch,0,23170,64,13258,0.003,1e-05,272,3.0052654294346137,69632,0.15085555016094104,0.9573154941735003,0.1821372283935547,0.9458,157.81720411777496,0.0007890860205888748,0.15164463618152993,0.1829263144141436,0.42436994000036066
mnist_mlp,scratch,0,23170,32,6634,0.003,0.0003,272,3.0052654294346137,69632,0.20109112525120038,0.9392317652136383,0.2243814178466797,0.9352,119.11309859156609,0.01786696478873491,0.21895809003993527,0.2422483826354146,0.37567998500071553
mnist_mlp,scratch,0,23170,32,6634,0.003,0.0001,272,3.0052654294346137,69632,0.20119337823610137,0.9388433318946914,0.22443503112792967,0.9354,119.14860965311527,0.005957430482655764,0.20715080871875713,0.23039246161058544,0.3964731359992584
mnist_mlp,scratch,0,23170,32,6634,0.003,3e-05,272,3.0052654294346137,69632,0.20119129060721366,0.9388433318946914,0.22443430786132812,0.9354,119.15288819372654,0.0017872933229058981,0.20297858393011955,0.226221601184234,0.37041926399979275
mnist_mlp,scratch,0,23170,32,6634,0.003,1e-05,272,3.0052654294346137,69632,0.20108118695229046,0.939102287440656,0.22437819519042967,0.9352,119.13471455872059,0.000595673572793603,0.20167686052508407,0.22497386876322328,0.4068023549998543
mnist_mlp,scratch,2,23170,45,9325,0.003,0.03,272,3.0052654294346137,69632,0.17056269639516936,0.9496763055675442,0.18608614501953125,0.946,132.8849623054266,1.9932744345813989,2.1638371309765683,2.17936057960093,0.4375602059990342
mnist_mlp,scratch,2,23170,45,9325,0.003,0.01,272,3.0052654294346137,69632,0.16988893656263487,0.9495036685369012,0.18592625122070314,0.9458,134.65101939439774,0.6732550969719887,0.8431440335346236,0.8591813481926919,0.4612937050005712
mnist_mlp,scratch,2,23170,45,9325,0.003,0.003,272,3.0052654294346137,69632,0.16975386730287936,0.949892101855848,0.185788720703125,0.9462,135.23413647711277,0.20285120471566917,0.37260507201854853,0.38863992541879416,0.4617413920004765
mnist_mlp,scratch,2,23170,45,9325,0.003,0.001,272,3.0052654294346137,69632,0.16977422497732453,0.9498489425981873,0.18590540771484376,0.946,135.43790367245674,0.06771895183622838,0.23749317681355292,0.25362435955107215,0.41683472200020333
mnist_mlp,scratch,2,23170,45,9325,0.003,0.0003,272,3.0052654294346137,69632,0.16963949750917556,0.9499352611135089,0.1859637969970703,0.946,135.34773521125317,0.020302160281687975,0.18994165779086353,0.20626595727875827,0.45106011499956367
mnist_mlp,scratch,2,23170,45,9325,0.003,0.0001,272,3.0052654294346137,69632,0.1696538175237966,0.949892101855848,0.1860205108642578,0.9458,135.320081487298,0.006766004074364901,0.1764198215981615,0.1927865149386227,0.42847560299924226
mnist_mlp,scratch,2,23170,64,13258,0.003,0.003,272,3.0052654294346137,69632,0.14665044851224898,0.957358653431161,0.16926618957519532,0.95,156.2716532200575,0.23440747983008622,0.3810579283423352,0.40367366940528154,0.47604081700046663
mnist_mlp,scratch,2,23170,64,13258,0.003,0.001,272,3.0052654294346137,69632,0.14640174210457438,0.9573154941735003,0.1693102752685547,0.9496,156.54423020780087,0.07827211510390043,0.22467385720847483,0.2475823903724551,0.46864362899941625
mnist_mlp,scratch,2,23170,64,13258,0.003,1e-06,272,3.0052654294346137,69632,0.14642044383490657,0.9574449719464825,0.16937719116210936,0.95,156.63681216537952,7.831840608268976e-05,0.14649876224098926,0.16945550956819205,0.4695070620000479
mnist_mlp,scratch,0,23170,32,6634,0.003,0.03,272,3.0052654294346137,69632,0.20218144640307206,0.9390591281829953,0.2244527618408203,0.935,117.09210695326328,1.756381604298949,1.958563050702021,1.9808343661397694,0.36846200399941154
mnist_mlp,scratch,0,23170,91,18847,0.003,3e-05,272,3.0052654294346137,69632,0.13681109991884458,0.9593008200258956,0.17616322631835937,0.9478,189.65452333539724,0.0028448178500309587,0.13965591776887554,0.17900804416839033,0.44713644699913857
mnist_mlp,scratch,0,23170,91,18847,0.003,0.01,272,3.0052654294346137,69632,0.13700124175063896,0.9593008200258956,0.17608433532714843,0.948,188.34018902480602,0.9417009451240301,1.0787021868746691,1.1177852804511785,0.4864128620001793
mnist_mlp,scratch,0,23170,91,18847,0.003,0.003,272,3.0052654294346137,69632,0.13687733834192164,0.9591713422529132,0.17569608764648437,0.948,189.2677903175354,0.2839016854763031,0.42077902381822474,0.4595977731227875,0.4949018639999849
mnist_mlp,scratch,0,23170,91,18847,0.003,0.001,272,3.0052654294346137,69632,0.13675327325721315,0.9593439792835563,0.17605984497070312,0.9482,189.5584809333086,0.0947792404666543,0.23153251372386746,0.2708390854373574,0.439684837000641
mnist_mlp,scratch,0,23170,32,6634,0.003,3e-06,272,3.0052654294346137,69632,0.2010804414646246,0.939102287440656,0.224378271484375,0.9352,119.13655525445938,0.0001787048328816891,0.20125914629750627,0.22455697631725668,0.3973156960000779
mnist_mlp,scratch,0,23170,32,6634,0.003,1e-06,272,3.0052654294346137,69632,0.2010804414646246,0.939102287440656,0.224378271484375,0.9352,119.13655525445938,5.956827762722969e-05,0.20114000974225182,0.22443783976200224,0.39419991799968557
mnist_mlp,scratch,0,23170,32,6634,0.003,0.0,272,3.0052654294346137,69632,0.2010804414646246,0.939102287440656,0.224378271484375,0.9352,119.13655525445938,0.0,0.2010804414646246,0.224378271484375,0.3429986139999528
mnist_mlp,scratch,2,23170,91,18847,0.003,1e-05,272,3.0052654294346137,69632,0.13244129719279377,0.961070349589987,0.1624380920410156,0.9518,190.10320949554443,0.0009505160474777223,0.1333918132402715,0.16338860808849334,0.503501133998725
mnist_mlp,scratch,2,23170,91,18847,0.003,3e-06,272,3.0052654294346137,69632,0.13246436845551393,0.961070349589987,0.16228384704589843,0.952,190.11031125485897,0.00028516546688228846,0.13274953392239622,0.16256901251278072,0.5082228370010853
mnist_mlp,scratch,2,23170,45,9325,0.003,3e-05,272,3.0052654294346137,69632,0.16963112328553642,0.9495899870522228,0.1860158020019531,0.9458,135.32992738485336,0.0020299489107728007,0.17166107219630922,0.1880457509127259,0.4791911820011592
mnist_mlp,scratch,2,23170,45,9325,0.003,1e-05,272,3.0052654294346137,69632,0.16964430366552333,0.9495468277945619,0.1860210205078125,0.9458,135.332643866539,0.0006766632193326951,0.170320966884856,0.18669768372714518,0.4826406850006606
mnist_mlp,scratch,2,23170,45,9325,0.003,3e-06,272,3.0052654294346137,69632,0.16962997937027524,0.9495899870522228,0.18601275634765624,0.9458,135.33065378665924,0.00020299598067998888,0.16983297535095523,0.18621575232833623,0.47919390199967893
mnist_mlp,scratch,0,32768,256,53002,0.003,0.0001,384,3.0,98304,0.08094800217077136,0.976287841796875,0.13508724517822265,0.9638,384.4989587944001,0.019224947939720006,0.10017295011049136,0.15431219311794267,0.8704847099998005
mnist_mlp,scratch,0,32768,256,53002,0.003,3e-05,384,3.0,98304,0.08115498395636678,0.976226806640625,0.1350683303833008,0.9638,384.49737370200455,0.005767460605530068,0.08692244456189685,0.14083579098883087,0.9437543429994548
mnist_mlp,scratch,1,32768,256,53002,0.003,0.0001,384,3.0,98304,0.0838647885248065,0.975555419921875,0.15083191223144532,0.962,377.0537816621363,0.018852689083106815,0.10271747760791332,0.16968460131455212,0.9058968130011635
mnist_mlp,scratch,0,32768,256,53002,0.003,0.0,384,3.0,98304,0.08118741121143103,0.97607421875,0.1353798797607422,0.9636,384.4184783026576,0.0,0.08118741121143103,0.1353798797607422,0.9241223659992102
mnist_mlp,scratch,0,32768,181,37477,0.003,0.03,384,3.0,98304,0.09045903757214546,0.974151611328125,0.14390799407958985,0.9626,296.3361844420433,4.44504276663065,4.535501804202795,4.588950760710239,0.8385274889988068
mnist_mlp,scratch,0,32768,256,53002,0.003,0.01,384,3.0,98304,0.0804906222037971,0.9761962890625,0.13218602294921875,0.9636,378.6962296757847,1.8934811483789236,1.9739717705827207,2.0256671713281422,0.933417117999852
mnist_mlp,scratch,0,32768,256,53002,0.003,0.003,384,3.0,98304,0.08012282568961382,0.976409912109375,0.13273326110839845,0.9638,381.94282810389996,0.57291424215585,0.6530370678454638,0.7056475032642484,0.8975154769996152
mnist_mlp,scratch,0,32768,256,53002,0.003,1e-05,384,3.0,98304,0.08121071336790919,0.97607421875,0.13493945007324218,0.964,384.3799598738551,0.0019218997993692758,0.08313261316727846,0.13686134987261145,0.8677119790008874
mnist_mlp,scratch,1,32768,32,6634,0.003,0.003,384,3.0,98304,0.1722693433985114,0.948638916015625,0.19149566650390626,0.9446,132.91684421896935,0.199375266328454,0.37164460972696545,0.3908709328323603,0.6345294080001622
mnist_mlp,scratch,2,32768,256,53002,0.003,0.03,384,3.0,98304,0.0836617355234921,0.976593017578125,0.13795945434570311,0.9646,365.9190276674926,5.488785415012389,5.572447150535881,5.626744869358092,0.8732336569992185
mnist_mlp,scratch,2,32768,256,53002,0.003,0.01,384,3.0,98304,0.08356200344860554,0.976348876953125,0.1381637420654297,0.9652,374.02760227769613,1.8701380113884807,1.9537000148370862,2.0083017534539103,0.8793218530008744
mnist_mlp,scratch,2,32768,256,53002,0.003,0.003,384,3.0,98304,0.08384170522913337,0.9764404296875,0.1379634002685547,0.9642,377.8627007305622,0.5667940510958434,0.6506357563249767,0.704757451364398,0.8564231000000291
mnist_mlp,scratch,2,32768,256,53002,0.003,0.001,384,3.0,98304,0.08360105473548174,0.976806640625,0.13853230590820312,0.9656,378.49464406073093,0.18924732203036548,0.2728483767658472,0.32777962793856863,0.8544303760008916
mnist_mlp,scratch,2,32768,256,53002,0.003,0.0003,384,3.0,98304,0.08334481529891491,0.9769287109375,0.13690103759765626,0.965,378.9378599692136,0.05684067899538203,0.14018549429429694,0.1937417165930383,0.8880441419987619
mnist_mlp,scratch,1,32768,32,6634,0.003,0.001,384,3.0,98304,0.17216234002262354,0.948638916015625,0.19157237548828124,0.9442,133.05592989176512,0.06652796494588256,0.2386903049685061,0.2581003404341638,0.6184222249994491
mnist_mlp,scratch,1,32768,32,6634,0.003,0.0003,384,3.0,98304,0.17218968644738197,0.94854736328125,0.19145604248046874,0.9448,133.2063086628914,0.019980946299433706,0.19217063274681567,0.21143698877990244,0.5510491000004549
mnist_mlp,scratch,1,32768,32,6634,0.003,0.0001,384,3.0,98304,0.17209632508456707,0.948638916015625,0.19134160766601563,0.945,133.29023519158363,0.006664511759579182,0.17876083684414626,0.19800611942559482,0.5747655170016515
mnist_mlp,scratch,1,32768,32,6634,0.003,3e-05,384,3.0,98304,0.1720947716385126,0.94866943359375,0.19133105773925782,0.945,133.29724348336458,0.001999458652250469,0.17409423029076307,0.19333051639150828,0.6167361900006654
mnist_mlp,scratch,1,32768,32,6634,0.003,1e-05,384,3.0,98304,0.1720944084227085,0.94866943359375,0.19133096008300782,0.945,133.2984122261405,0.0006664920611307026,0.1727609004838392,0.19199745214413852,0.609505206999529
mnist_mlp,scratch,2,32768,256,53002,0.003,0.0,384,3.0,98304,0.08341627381742,0.9766845703125,0.13863550109863282,0.9654,378.95393330417573,0.0,0.08341627381742,0.13863550109863282,0.8779496170009224
mnist_mlp,scratch,2,32768,256,53002,0.003,0.0001,384,3.0,98304,0.083357656840235,0.97662353515625,0.1388313751220703,0.965,378.9906771183014,0.01894953385591507,0.10230719069615006,0.15778090897798538,0.9292780520008819
mnist_mlp,scratch,2,32768,256,53002,0.003,3e-05,384,3.0,98304,0.08340200781822205,0.9766845703125,0.13861337585449218,0.9654,379.027375979349,0.005685410639690236,0.08908741845791228,0.14429878649418243,0.8868020829995658
mnist_mlp,scratch,2,32768,256,53002,0.003,1e-05,384,3.0,98304,0.08340305648744106,0.976593017578125,0.13863515319824218,0.9656,379.02421394735575,0.001895121069736779,0.08529817755717785,0.14053027426797896,0.8668993070004944
mnist_mlp,scratch,1,32768,32,6634,0.003,3e-06,384,3.0,98304,0.17209329176694155,0.94866943359375,0.19132983703613282,0.945,133.30150912702084,0.00019995226369053126,0.1722932440306321,0.19152978929982337,0.5846877000003587
mnist_mlp,scratch,1,32768,32,6634,0.003,1e-06,384,3.0,98304,0.17209329176694155,0.94866943359375,0.19132983703613282,0.945,133.30150912702084,6.665075456351041e-05,0.17215994252150507,0.19139648779069635,0.5939293610008463
mnist_mlp,scratch,1,32768,32,6634,0.003,0.0,384,3.0,98304,0.17209329176694155,0.94866943359375,0.19132983703613282,0.945,133.30150912702084,0.0,0.17209329176694155,0.19132983703613282,0.5381643740001891
mnist_mlp,scratch,2,32768,256,53002,0.003,3e-06,384,3.0,98304,0.08341627381742,0.9766845703125,0.13863550109863282,0.9654,378.95393330417573,0.0005684308999562636,0.08398470471737626,0.13920393199858908,0.8607121660006669
mnist_mlp,scratch,2,32768,256,53002,0.003,1e-06,384,3.0,98304,0.08341627381742,0.9766845703125,0.13863550109863282,0.9654,378.95393330417573,0.00018947696665208786,0.08360575078407209,0.1388249780652849,0.8800217930001963
mnist_mlp,scratch,2,32768,181,37477,0.003,0.03,384,3.0,98304,0.09362074127420783,0.9730224609375,0.13234719696044922,0.9626,292.832780206576,4.3924917030986395,4.486112444372847,4.5248389000590885,0.8469053110002278
mnist_mlp,scratch,2,32768,181,37477,0.003,0.01,384,3.0,98304,0.09305441612377763,0.973297119140625,0.13220427398681642,0.9624,299.3848632313311,1.4969243161566557,1.5899787322804333,1.629128590143472,0.8432626630001323
mnist_mlp,scratch,1,32768,45,9325,0.003,3e-06,384,3.0,98304,0.1493607610464096,0.956878662109375,0.16673661193847655,0.9498,152.51822039484978,0.00022877733059227466,0.14958953837700187,0.16696538926906881,0.7449392510006874
mnist_mlp,scratch,1,32768,45,9325,0.003,1e-06,384,3.0,98304,0.1493607610464096,0.956878662109375,0.16673661193847655,0.9498,152.51822039484978,7.625911019742489e-05,0.14943702015660704,0.16681287104867398,0.7537636320012098
mnist_mlp,scratch,1,32768,45,9325,0.003,0.0,384,3.0,98304,0.1493607610464096,0.956878662109375,0.16673661193847655,0.9498,152.51822039484978,0.0,0.1493607610464096,0.16673661193847655,0.712540947000889
mnist_mlp,scratch,1,32768,32,6634,0.003,0.03,384,3.0,98304,0.1734982104972005,0.94830322265625,0.1920984893798828,0.9438,130.0182280242443,1.9502734203636645,2.123771630860865,2.1423719097435474,0.9969066449993988
mnist_mlp,scratch,1,32768,32,6634,0.003,0.01,384,3.0,98304,0.1726072020828724,0.9483642578125,0.19148375549316407,0.9452,132.26614712923765,0.6613307356461883,0.8339379377290607,0.8528144911393524,0.9343234059997485
mnist_mlp,scratch,2,32768,181,37477,0.003,0.003,384,3.0,98304,0.09280386380851269,0.97320556640625,0.13231341857910156,0.9632,302.0317817181349,0.45304767257720235,0.545851536385715,0.5853610911563039,0.852329194000049
mnist_mlp,scratch,2,32768,181,37477,0.003,0.001,384,3.0,98304,0.09285042295232415,0.97308349609375,0.13283707275390624,0.962,302.5559866335243,0.15127799331676214,0.2441284162690863,0.2841150660706684,0.839200988999437
mnist_mlp,scratch,2,32768,181,37477,0.003,0.0003,384,3.0,98304,0.09302139282226562,0.972930908203125,0.13282527618408202,0.9618,302.60379514470696,0.04539056927170604,0.13841196209397166,0.17821584545578806,0.8156203710004775
mnist_mlp,scratch,2,32768,181,37477,0.003,0.0001,384,3.0,98304,0.09290539426729083,0.972930908203125,0.13284217224121095,0.962,302.7760013602674,0.01513880006801337,0.1080441943353042,0.14798097230922433,0.8616211690005002
mnist_mlp,scratch,2,32768,181,37477,0.003,3e-05,384,3.0,98304,0.09282872499898076,0.972930908203125,0.13308393859863282,0.9624,302.7624062374234,0.004541436093561352,0.09737016109254211,0.13762537469219419,0.8875279540006886
mnist_mlp,scratch,2,32768,181,37477,0.003,1e-05,384,3.0,98304,0.09282807540148497,0.972930908203125,0.1330838668823242,0.9624,302.7657378781587,0.0015138286893907936,0.09434190409087576,0.134597695571715,0.8455053920006321
mnist_mlp,scratch,2,32768,181,37477,0.003,3e-06,384,3.0,98304,0.09282628446817398,0.972991943359375,0.1330851348876953,0.962,302.7920666914433,0.000454188100037165,0.09328047256821115,0.13353932298773247,0.8443493679988023
mnist_mlp,scratch,2,32768,181,37477,0.003,1e-06,384,3.0,98304,0.09282628446817398,0.972991943359375,0.1330851348876953,0.962,302.7920666914433,0.00015139603334572165,0.09297768050151971,0.133236530921041,0.8297458540000662
mnist_mlp,scratch,2,32768,128,26506,0.003,0.0003,384,3.0,98304,0.10533291473984718,0.968719482421875,0.14086596832275391,0.9586,254.7494641020894,0.03821241961531341,0.1435453343551606,0.17907838793806732,0.7410562380009651
mnist_mlp,scratch,2,32768,181,37477,0.003,0.0,384,3.0,98304,0.09282628446817398,0.972991943359375,0.1330851348876953,0.962,302.7920666914433,0.0,0.09282628446817398,0.1330851348876953,0.7958889799992903
mnist_mlp,scratch,2,32768,128,26506,0.003,0.03,384,3.0,98304,0.10622835299000144,0.969024658203125,0.1405927520751953,0.9584,247.443258151412,3.71164887227118,3.8178772252611815,3.8522416243463753,0.7353216200008319
mnist_mlp,scratch,1,32768,45,9325,0.003,0.001,384,3.0,98304,0.14940096903592348,0.9569091796875,0.16712516174316405,0.9502,152.54200899600983,0.07627100449800492,0.2256719735339284,0.24339616624116897,0.7617158400007611
mnist_mlp,scratch,1,32768,45,9325,0.003,0.0003,384,3.0,98304,0.14937721099704504,0.957000732421875,0.1666816680908203,0.9498,152.4548546075821,0.02286822819113731,0.17224543918818236,0.18954989628195762,0.6682117990003462
mnist_mlp,scratch,1,32768,45,9325,0.003,0.0001,384,3.0,98304,0.14942051377147436,0.9569091796875,0.16691556396484375,0.9496,152.52287954837084,0.007626143977418542,0.1570466577488929,0.1745417079422623,0.6712249390002398
mnist_mlp,scratch,1,32768,45,9325,0.003,3e-05,384,3.0,98304,0.14932527299970388,0.95697021484375,0.16673837890625,0.9498,152.48738113045692,0.002287310716956854,0.15161258371666073,0.16902568962320685,0.6954343500001414
mnist_mlp,scratch,1,32768,45,9325,0.003,1e-05,384,3.0,98304,0.1493618143722415,0.956878662109375,0.16673694763183594,0.9498,152.51457381993532,0.0007625728690996767,0.15012438724134117,0.1674995205009356,0.6979877049998322
mnist_mlp,scratch,2,32768,128,26506,0.003,0.01,384,3.0,98304,0.10558872437104583,0.96905517578125,0.14028915100097655,0.9594,252.19621173292398,1.26098105866462,1.3665697830356658,1.4012702096655965,0.7556438890005666
mnist_mlp,scratch,2,32768,128,26506,0.003,0.003,384,3.0,98304,0.10545792104676366,0.969024658203125,0.1407473358154297,0.9586,254.0902059301734,0.3811353088952601,0.48659322994202375,0.5218826447106898,0.8208055840004818
mnist_mlp,scratch,2,32768,128,26506,0.003,0.001,384,3.0,98304,0.10557607235386968,0.96893310546875,0.14166517639160156,0.9586,254.7866041958332,0.1273933020979166,0.23296937445178628,0.26905847848951814,0.8289207769994391
mnist_mlp,scratch,2,32768,128,26506,0.003,0.0001,384,3.0,98304,0.10513258073478937,0.968963623046875,0.1411441390991211,0.9586,254.81591498851776,0.012740795749425889,0.11787337648421525,0.15388493484854698,0.7622634279996419
mnist_mlp,scratch,2,32768,128,26506,0.003,3e-05,384,3.0,98304,0.10555857373401523,0.96893310546875,0.14137469940185546,0.9586,254.98252796381712,0.003824737919457257,0.10938331165347248,0.1451994373213127,0.7503759230003197
mnist_mlp,scratch,2,32768,128,26506,0.003,1e-05,384,3.0,98304,0.10511706955730915,0.968994140625,0.14112431945800782,0.9584,254.91330341994762,0.0012745665170997382,0.1063916360744089,0.14239888597510755,0.7552901460003341
mnist_mlp,scratch,2,32768,128,26506,0.003,3e-06,384,3.0,98304,0.10551026184111834,0.968963623046875,0.14137803192138673,0.9586,255.0404667854309,0.00038256070017814636,0.10589282254129648,0.14176059262156487,0.7435275650004769
mnist_mlp,scratch,2,32768,128,26506,0.003,1e-06,384,3.0,98304,0.10551026184111834,0.968963623046875,0.14137803192138673,0.9586,255.0404667854309,0.00012752023339271544,0.10563778207451105,0.14150555215477945,0.7205458169992198
mnist_mlp,scratch,2,32768,128,26506,0.003,0.0,384,3.0,98304,0.10551026184111834,0.968963623046875,0.14137803192138673,0.9586,255.0404667854309,0.0,0.10551026184111834,0.14137803192138673,0.7172253790013201
mnist_mlp,scratch,2,32768,91,18847,0.003,0.03,384,3.0,98304,0.11461883783340454,0.966705322265625,0.14388310546875,0.9566,209.75873085856438,3.1463809628784656,3.26099980071187,3.2902640683472155,0.6913843819984322
mnist_mlp,scratch,1,32768,64,13258,0.003,1e-06,384,3.0,98304,0.12632860708981752,0.962432861328125,0.15825142517089844,0.953,179.00682932138443,8.950341466069222e-05,0.1264181105044782,0.15834092858555912,0.6151816210003744
mnist_mlp,scratch,1,32768,64,13258,0.003,0.0,384,3.0,98304,0.12632860708981752,0.962432861328125,0.15825142517089844,0.953,179.00682932138443,0.0,0.12632860708981752,0.15825142517089844,0.6444931679998263
mnist_mlp,scratch,1,32768,45,9325,0.003,0.03,384,3.0,98304,0.15076493564993143,0.956451416015625,0.16712003784179688,0.9504,148.54416159540415,2.228162423931062,2.3789273595809934,2.395282461772859,0.7129168319988821
mnist_mlp,scratch,1,32768,45,9325,0.003,0.01,384,3.0,98304,0.1500940751284361,0.95648193359375,0.16694982299804687,0.95,151.2939461544156,0.756469730772078,0.9065638059005141,0.9234195537701249,0.7096204000008584
mnist_mlp,scratch,1,32768,45,9325,0.003,0.003,384,3.0,98304,0.14947383850812912,0.956512451171875,0.16677653198242187,0.9498,151.99520552903414,0.2279928082935512,0.3774666468016803,0.3947693402759731,0.7490468609994423
mnist_mlp,scratch,2,32768,91,18847,0.003,0.01,384,3.0,98304,0.11411936394870281,0.96636962890625,0.14440115661621095,0.9574,214.09371681511402,1.07046858407557,1.184587948024273,1.214869740691781,0.7286571240001649
mnist_mlp,scratch,2,32768,91,18847,0.003,0.003,384,3.0,98304,0.1139437835663557,0.966583251953125,0.14405146179199219,0.9576,215.33324317634106,0.3229998647645116,0.4369436483308673,0.4670513265565038,0.6944989629992051
mnist_mlp,scratch,2,32768,91,18847,0.003,0.001,384,3.0,98304,0.1137346769683063,0.966400146484375,0.14421404113769531,0.9568,215.94319568574429,0.10797159784287215,0.22170627481117844,0.25218563898056745,0.6932489009996061
mnist_mlp,scratch,2,32768,91,18847,0.003,1e-06,384,3.0,98304,0.11362143093720078,0.966461181640625,0.14391854858398437,0.958,216.17589312791824,0.00010808794656395912,0.11372951888376474,0.14402663653054834,0.682421625000643
mnist_mlp,scratch,2,32768,91,18847,0.003,0.0003,384,3.0,98304,0.11380105558782816,0.966644287109375,0.14384954223632812,0.9572,216.030574336648,0.0324045861504972,0.14620564173832534,0.1762541283868253,0.7005778929997177
mnist_mlp,scratch,2,32768,91,18847,0.003,0.0001,384,3.0,98304,0.11368589382618666,0.96673583984375,0.14385318908691405,0.958,216.1019639223814,0.01080509819611907,0.12449099202230572,0.15465828728303313,0.7030424630011112
mnist_mlp,scratch,2,32768,91,18847,0.003,3e-05,384,3.0,98304,0.1136920740827918,0.966796875,0.14395791931152344,0.9568,216.09926775097847,0.0032414890162646773,0.11693356309905648,0.1471994083277881,0.74198352699932
mnist_mlp,scratch,0,32768,32,6634,0.003,3e-06,384,3.0,98304,0.1761856423690915,0.947601318359375,0.19839525756835938,0.9404,131.69021739065647,0.00019753532608598472,0.1763831776951775,0.19859279289444537,0.7288133000001835
mnist_mlp,scratch,0,32768,32,6634,0.003,1e-06,384,3.0,98304,0.1761856423690915,0.947601318359375,0.19839525756835938,0.9404,131.69021739065647,6.584510869532823e-05,0.17625148747778685,0.19846110267705472,0.5338231929999893
mnist_mlp,scratch,1,32768,64,13258,0.003,0.0003,384,3.0,98304,0.1263087228871882,0.96270751953125,0.15821571960449218,0.9532,178.90712399035692,0.026836068598553534,0.15314479148574173,0.18505178820304571,0.6140866049991018
mnist_mlp,scratch,1,32768,64,13258,0.003,0.0001,384,3.0,98304,0.12626939406618476,0.962432861328125,0.15812105712890626,0.9532,179.0074644088745,0.008950373220443727,0.1352197672866285,0.16707143034935,0.6776016160001745
mnist_mlp,scratch,1,32768,64,13258,0.003,3e-05,384,3.0,98304,0.1262571639381349,0.962432861328125,0.15806227111816407,0.9532,179.0268133059144,0.002685402199588716,0.12894256613772362,0.16074767331775278,0.7185802910007624
mnist_mlp,scratch,1,32768,64,13258,0.003,1e-05,384,3.0,98304,0.12626523384824395,0.96240234375,0.15811661682128905,0.9532,179.02208337932825,0.0008951104168966413,0.12716034426514058,0.15901172723818568,0.6991903880007158
mnist_mlp,scratch,1,32768,64,13258,0.003,3e-06,384,3.0,98304,0.12632860708981752,0.962432861328125,0.15825142517089844,0.953,179.00682932138443,0.00026851024398207664,0.1265971173337996,0.15851993541488052,0.6292796350007848
mnist_mlp,scratch,0,32768,32,6634,0.003,0.0,384,3.0,98304,0.1761856423690915,0.947601318359375,0.19839525756835938,0.9404,131.69021739065647,0.0,0.1761856423690915,0.19839525756835938,0.5846784450004634
mnist_mlp,scratch,2,32768,91,18847,0.003,1e-05,384,3.0,98304,0.11362048517912626,0.966461181640625,0.1439192626953125,0.958,216.16967080533504,0.0010808483540266753,0.11470133353315294,0.14500011104933916,0.6963448870010325
mnist_mlp,scratch,2,32768,91,18847,0.003,3e-06,384,3.0,98304,0.11362143093720078,0.966461181640625,0.14391854858398437,0.958,216.17589312791824,0.00032426383969187737,0.11394569477689266,0.14424281242367626,0.7153538590009703
mnist_mlp,scratch,0,32768,32,6634,0.003,0.0001,384,3.0,98304,0.17615367658436298,0.947509765625,0.19827315673828125,0.9402,131.73339799046516,0.006586669899523259,0.18274034648388623,0.2048598266378045,0.5555297959999734
mnist_mlp,scratch,0,32768,32,6634,0.003,3e-05,384,3.0,98304,0.17614666745066643,0.9476318359375,0.19832147216796875,0.9404,131.76703311502934,0.0019765054967254402,0.17812317294739186,0.20029797766469418,0.5257794340013788
mnist_mlp,scratch,0,32768,32,6634,0.003,1e-05,384,3.0,98304,0.1761867180466652,0.947479248046875,0.19833442993164063,0.9404,131.75796949863434,0.0006587898474931718,0.17684550789415837,0.1989932197791338,0.6225835749992257
mnist_mlp,scratch,2,32768,91,18847,0.003,0.0,384,3.0,98304,0.11362143093720078,0.966461181640625,0.14391854858398437,0.958,216.17589312791824,0.0,0.11362143093720078,0.14391854858398437,0.6863837040000362
mnist_mlp,scratch,2,32768,64,13258,0.003,0.03,384,3.0,98304,0.13180931052193046,0.960113525390625,0.1580541290283203,0.9532,172.86373835802078,2.592956075370312,2.7247653858922423,2.751010204398632,0.6254103390001546
mnist_mlp,scratch,2,32768,64,13258,0.003,3e-05,384,3.0,98304,0.1307918638922274,0.95989990234375,0.15674526062011718,0.9536,177.82292614877224,0.0026673438922315837,0.133459207784459,0.15941260451234876,0.6705208910007059
mnist_mlp,scratch,2,32768,64,13258,0.003,0.01,384,3.0,98304,0.1310567306354642,0.960296630859375,0.15737673950195313,0.954,176.22129469364882,0.8811064734682441,1.0121632041037083,1.0384832129701973,0.6300276599995414
mnist_mlp,scratch,2,32768,64,13258,0.003,0.003,384,3.0,98304,0.13086582906544209,0.96026611328125,0.1573494415283203,0.9534,177.2387107759714,0.26585806616395713,0.3967238952293992,0.42320750769227744,0.6299410529991292
mnist_mlp,scratch,2,32768,64,13258,0.003,0.001,384,3.0,98304,0.1308832154609263,0.959808349609375,0.15693067321777343,0.9534,177.65542029589415,0.08882771014794708,0.21971092560887337,0.2457583833657205,0.6365388239992171
mnist_mlp,scratch,1,32768,91,18847,0.003,1e-06,384,3.0,98304,0.1108508794568479,0.9677734375,0.13212640075683593,0.9606,217.45985434949398,0.00010872992717474698,0.11095960938402265,0.1322351306840107,0.6924095099984697
mnist_mlp,scratch,1,32768,91,18847,0.003,0.0,384,3.0,98304,0.1108508794568479,0.9677734375,0.13212640075683593,0.9606,217.45985434949398,0.0,0.1108508794568479,0.13212640075683593,0.7873644100000092
mnist_mlp,scratch,1,32768,64,13258,0.003,0.03,384,3.0,98304,0.1274276813492179,0.96221923828125,0.15722723999023439,0.9536,173.86953780055046,2.6080430670082566,2.7354707483574745,2.765270306998491,0.6788356990000466
mnist_mlp,scratch,1,32768,64,13258,0.003,0.01,384,3.0,98304,0.12666360568255186,0.962493896484375,0.15781059875488282,0.9528,177.00161300599575,0.8850080650299788,1.0116716707125306,1.0428186637848615,0.6680546669995238
mnist_mlp,scratch,1,32768,64,13258,0.003,0.003,384,3.0,98304,0.1265129316598177,0.96258544921875,0.15782803955078126,0.9534,178.28757659345865,0.267431364890188,0.3939442965500057,0.4252594044409692,0.6368856389999564
mnist_mlp,scratch,1,32768,64,13258,0.003,0.001,384,3.0,98304,0.1263206717558205,0.962677001953125,0.15808051452636718,0.9536,178.73456262797117,0.0893672813139856,0.2156879530698061,0.24744779584035276,0.6362897559993144
mnist_mlp,scratch,0,32768,32,6634,0.003,0.001,384,3.0,98304,0.1762310592457652,0.94757080078125,0.19825726928710938,0.9402,131.60281346738338,0.0658014067336917,0.2420324659794569,0.2640586760208011,0.6070789559998957
mnist_mlp,scratch,0,32768,32,6634,0.003,0.0003,384,3.0,98304,0.1761251837015152,0.9476318359375,0.19817986755371095,0.9404,131.7061020731926,0.019755915310978887,0.1958810990124941,0.21793578286468984,0.5579324229984195
mnist_mlp,scratch,0,32768,32,6634,0.003,0.03,384,3.0,98304,0.17719072569161654,0.94720458984375,0.19834241638183595,0.9398,128.66720114648342,1.9300080171972513,2.107198742888868,2.1283504335790875,0.5439236970014463
mnist_mlp,scratch,0,32768,32,6634,0.003,0.01,384,3.0,98304,0.17644571047276258,0.947601318359375,0.19805792541503905,0.9402,130.56675745546818,0.6528337872773409,0.8292794977501035,0.85089171269238,0.5732902439995087
mnist_mlp,scratch,0,32768,32,6634,0.003,0.003,384,3.0,98304,0.17627260461449623,0.947357177734375,0.1982477752685547,0.94,131.49113957583904,0.19723670936375856,0.3735093139782548,0.3954844846323132,0.588717741000437
mnist_mlp,scratch,2,32768,64,13258,0.003,0.0003,384,3.0,98304,0.13078263960778713,0.96002197265625,0.15667591247558593,0.9536,177.76075698435307,0.026664113547652957,0.1574467531554401,0.1833400260232389,0.6693104610003502
mnist_mlp,scratch,2,32768,64,13258,0.003,0.0001,384,3.0,98304,0.1307664909400046,0.960052490234375,0.15675746459960938,0.9536,177.85108491778374,0.008892554245889188,0.13965904518589378,0.16565001884549857,0.6786893280004733
mnist_mlp,scratch,0,32768,45,9325,0.003,3e-06,384,3.0,98304,0.14884515013545752,0.95587158203125,0.17529004516601562,0.9518,159.4278847426176,0.00023914182711392643,0.14908429196257145,0.17552918699312955,0.6114998909997666
mnist_mlp,scratch,1,32768,256,53002,0.003,0.01,384,3.0,98304,0.0838073194026947,0.975738525390625,0.15049303283691406,0.9622,372.81677589565516,1.864083879478276,1.9478911988809706,2.01457691231519,0.9344344010005443
mnist_mlp,scratch,1,32768,256,53002,0.003,0.003,384,3.0,98304,0.08370592258870602,0.9754638671875,0.15097245025634765,0.9618,375.5610274784267,0.56334154121764,0.647047463806346,0.7143139914739877,0.9978769879999163
mnist_mlp,scratch,1,32768,256,53002,0.003,0.001,384,3.0,98304,0.08396866219118237,0.97540283203125,0.1519223922729492,0.9612,376.9171804189682,0.1884585902094841,0.27242725240066645,0.3403809824824333,1.1312669109993294
mnist_mlp,scratch,1,32768,256,53002,0.003,0.0003,384,3.0,98304,0.08343513961881399,0.975433349609375,0.15030831451416016,0.9612,376.92285040766,0.056538427561149,0.13997356717996298,0.20684674207530915,0.9390708440005255
mnist_mlp,scratch,1,32768,91,18847,0.003,3e-05,384,3.0,98304,0.11087311198934913,0.96771240234375,0.13226530303955078,0.9616,217.39279168844223,0.0032608918753266334,0.11413400386467576,0.1355261949148774,0.6638438730005873
mnist_mlp,scratch,1,32768,91,18847,0.003,1e-05,384,3.0,98304,0.11082258215174079,0.967681884765625,0.13239761962890625,0.9608,217.44869142770767,0.0010872434571385385,0.11190982560887933,0.1334848630860448,0.668222913000136
mnist_mlp,scratch,1,32768,91,18847,0.003,3e-06,384,3.0,98304,0.1108508794568479,0.9677734375,0.13212640075683593,0.9606,217.45985434949398,0.000326189781524241,0.11117706923837214,0.13245259053836017,0.7389661310007796
mnist_mlp,scratch,0,32768,45,9325,0.003,1e-06,384,3.0,98304,0.14884515013545752,0.95587158203125,0.17529004516601562,0.9518,159.4278847426176,7.97139423713088e-05,0.14892486407782882,0.17536975910838692,0.6299928480002563
mnist_mlp,scratch,0,32768,45,9325,0.003,0.0,384,3.0,98304,0.14884515013545752,0.95587158203125,0.17529004516601562,0.9518,159.4278847426176,0.0,0.14884515013545752,0.17529004516601562,0.612733174000823
mnist_mlp,scratch,2,32768,64,13258,0.003,1e-05,384,3.0,98304,0.13081486709415913,0.96014404296875,0.1565882598876953,0.9532,177.727703794837,0.0008886385189741851,0.13170350561313332,0.1574768984066695,0.6524565249983425
mnist_mlp,scratch,2,32768,64,13258,0.003,3e-06,384,3.0,98304,0.13081035483628511,0.9600830078125,0.1568930725097656,0.9534,177.79868584871292,0.0002666980287730694,0.1310770528650582,0.1571597705385387,0.6694703230004961
mnist_mlp,scratch,2,32768,45,9325,0.003,0.001,384,3.0,98304,0.1485063787549734,0.955902099609375,0.179407080078125,0.9476,151.95641154050827,0.07597820577025413,0.22448458452522754,0.25538528584837916,0.6261701319999702
mnist_mlp,scratch,2,32768,64,13258,0.003,1e-06,384,3.0,98304,0.13081035483628511,0.9600830078125,0.1568930725097656,0.9534,177.79868584871292,8.889934292435645e-05,0.13089925417920947,0.15698197185268997,0.6190505439990375
mnist_mlp,scratch,2,32768,64,13258,0.003,0.0,384,3.0,98304,0.13081035483628511,0.9600830078125,0.1568930725097656,0.9534,177.79868584871292,0.0,0.13081035483628511,0.1568930725097656,0.6599080340001819
mnist_mlp,scratch,2,32768,45,9325,0.003,0.03,384,3.0,98304,0.1493720579892397,0.955657958984375,0.17928659057617188,0.9482,148.22191108763218,2.2233286663144827,2.3727007243037224,2.4026152568906545,0.6226086779988691
mnist_mlp,scratch,0,32768,45,9325,0.003,3e-05,384,3.0,98304,0.14882455859333277,0.95574951171875,0.17530441284179688,0.952,159.40435345470905,0.0023910653018206357,0.15121562389515342,0.17769547814361752,0.6277155440002389
mnist_mlp,scratch,0,32768,45,9325,0.003,1e-05,384,3.0,98304,0.1488238638266921,0.955780029296875,0.175304638671875,0.952,159.4052714034915,0.0007970263570174575,0.14962089018370955,0.17610166502889246,0.5982678419986769
mnist_mlp,scratch,0,32768,45,9325,0.003,0.001,384,3.0,98304,0.14881824422627687,0.9560546875,0.17512964172363282,0.9516,159.2377926185727,0.07961889630928635,0.22843714053556324,0.2547485380329192,0.6355287650003447
mnist_mlp,scratch,1,32768,91,18847,0.003,0.001,384,3.0,98304,0.11093650152906775,0.96759033203125,0.13208406677246093,0.9608,217.26895828545094,0.10863447914272548,0.21957098067179323,0.2407185459151864,0.8245528909992572
mnist_mlp,scratch,1,32768,91,18847,0.003,0.0003,384,3.0,98304,0.11087787384167314,0.9677734375,0.13240997924804687,0.961,217.61945747584105,0.03264291862137615,0.14352079246304927,0.165052897869423,0.7201992600002995
mnist_mlp,scratch,1,32768,91,18847,0.003,0.0001,384,3.0,98304,0.11082556610926986,0.968017578125,0.1324079605102539,0.961,217.50043705105782,0.010875021852552891,0.12170058796182275,0.14328298236280682,0.6794037689996912
mnist_mlp,scratch,1,32768,256,53002,0.003,0.03,384,3.0,98304,0.08493910869583488,0.97540283203125,0.15219225311279297,0.9614,364.4636893365532,5.466955340048298,5.551894448744133,5.619147593161092,0.8971798990005482
mnist_mlp,scratch,0,32768,45,9325,0.003,0.0003,384,3.0,98304,0.14886041171848774,0.9560546875,0.17524556274414063,0.9514,159.42519763857126,0.02391377964578569,0.17277419136427344,0.19915934238992633,0.6039969200010091
mnist_mlp,scratch,0,32768,45,9325,0.003,0.0001,384,3.0,98304,0.14885649364441633,0.955963134765625,0.17535226135253906,0.952,159.40705316513777,0.007970352658256888,0.1568268463026732,0.18332261401079594,0.6397183099998074
mnist_mlp,scratch,2,32768,45,9325,0.003,0.01,384,3.0,98304,0.14866573363542557,0.95550537109375,0.17908960876464844,0.9474,150.81379349529743,0.7540689674764872,0.9027347011119128,0.9331585762411356,0.6257184200003394
mnist_mlp,scratch,2,32768,45,9325,0.003,0.003,384,3.0,98304,0.1483770962804556,0.95587158203125,0.17917718811035158,0.948,151.76509626209736,0.22764764439314605,0.37602474067360164,0.40682483250349766,0.6436434280003596
mnist_mlp,scratch,0,32768,45,9325,0.003,0.03,384,3.0,98304,0.1498604053631425,0.955810546875,0.1758772674560547,0.9524,155.32413610816002,2.3298620416224,2.4797224469855426,2.5057393090784545,0.5743681599997217
mnist_mlp,scratch,0,32768,45,9325,0.003,0.01,384,3.0,98304,0.149043345823884,0.9559326171875,0.17430292663574218,0.9518,157.93575514853,0.78967877574265,0.938722121566534,0.9639817023783922,0.588342463999652
mnist_mlp,scratch,0,32768,45,9325,0.003,0.003,384,3.0,98304,0.14875270891934633,0.9559326171875,0.1749615447998047,0.952,158.99728091061115,0.23849592136591674,0.3872486302852631,0.41345746616572143,0.5549241669996263
mnist_mlp,scratch,2,32768,45,9325,0.003,0.0003,384,3.0,98304,0.1484400499612093,0.95599365234375,0.1794679473876953,0.948,151.9883838146925,0.022798257572203873,0.17123830753341318,0.2022662049598992,0.6148985840009118
mnist_mlp,scratch,2,32768,45,9325,0.003,0.0001,384,3.0,98304,0.1485280292108655,0.955780029296875,0.17957026977539062,0.9474,152.07098335027695,0.007603549167513848,0.15613157837837935,0.18717381894290447,0.6107830170003581
mnist_mlp,scratch,2,32768,32,6634,0.003,0.03,384,3.0,98304,0.17411585338413715,0.947906494140625,0.1970982666015625,0.9398,134.18159392476082,2.012723908871412,2.1868397622555493,2.2098221754729748,0.5744566480007052
mnist_mlp,scratch,2,32768,45,9325,0.003,3e-05,384,3.0,98304,0.14852633792907,0.955780029296875,0.17957297973632813,0.9474,152.07938887178898,0.0022811908330768347,0.15080752876214684,0.18185417056940498,0.6080494430007093
mnist_mlp,scratch,2,32768,45,9325,0.003,1e-05,384,3.0,98304,0.1485308762639761,0.955841064453125,0.17959761047363282,0.9474,152.08100214600563,0.0007604050107300282,0.14929128127470612,0.18035801548436284,0.6031013400006486
mnist_mlp,scratch,2,32768,45,9325,0.003,3e-06,384,3.0,98304,0.14852287899702787,0.95574951171875,0.17956941833496093,0.9476,152.09549559652805,0.00022814324339479207,0.14875102224042266,0.17979756157835572,0.5980607380006404
mnist_mlp,scratch,1,32768,128,26506,0.003,1e-06,384,3.0,98304,0.10083440179005265,0.970947265625,0.14115191650390624,0.9622,260.1840182170272,0.00013009200910851359,0.10096449379916117,0.14128200851301476,0.9665017509996687
mnist_mlp,scratch,1,32768,128,26506,0.003,0.0,384,3.0,98304,0.10083440179005265,0.970947265625,0.14115191650390624,0.9622,260.1840182170272,0.0,0.10083440179005265,0.14115191650390624,1.1113264569994499
mnist_mlp,scratch,1,32768,91,18847,0.003,0.03,384,3.0,98304,0.1115751420147717,0.96722412109375,0.13210386047363282,0.9612,211.50484380126,3.1725726570189,3.2841477990336716,3.3046765174925326,0.8749519510001846
mnist_mlp,scratch,1,32768,91,18847,0.003,0.01,384,3.0,98304,0.11101823579519987,0.967681884765625,0.1313361083984375,0.9614,215.57821056246758,1.077891052812338,1.1889092886075379,1.2092271612107754,0.8486419260007096
mnist_mlp,scratch,1,32768,91,18847,0.003,0.003,384,3.0,98304,0.1109566306695342,0.967529296875,0.13197684783935548,0.9618,217.16332229226828,0.3257449834384024,0.4367016141079366,0.4577218312777579,0.8098262370003795
mnist_mlp,scratch,0,32768,64,13258,0.003,1e-06,384,3.0,98304,0.13269655546173453,0.959869384765625,0.15773062133789062,0.9566,178.59406023472548,8.929703011736273e-05,0.1327858524918519,0.157819918368008,0.5707137469998997
mnist_mlp,scratch,0,32768,64,13258,0.003,0.0,384,3.0,98304,0.13269655546173453,0.959869384765625,0.15773062133789062,0.9566,178.59406023472548,0.0,0.13269655546173453,0.15773062133789062,0.5680129270003818
mnist_mlp,scratch,0,32768,64,13258,0.003,3e-05,384,3.0,98304,0.13264251593500376,0.9598388671875,0.1576954132080078,0.9572,178.61098942160606,0.002679164841324091,0.13532168077632784,0.1603745780493319,0.6176633490013046
mnist_mlp,scratch,0,32768,64,13258,0.003,1e-05,384,3.0,98304,0.13270330429077148,0.9598388671875,0.15772123718261719,0.9568,178.6248593479395,0.0008931242967396975,0.1335964285875112,0.1586143614793569,0.6235836079995352
mnist_mlp,scratch,0,32768,64,13258,0.003,3e-06,384,3.0,98304,0.13269655546173453,0.959869384765625,0.15773062133789062,0.9566,178.59406023472548,0.0002678910903520882,0.1329644465520866,0.1579985124282427,0.5952590019987838
mnist_mlp,scratch,2,32768,45,9325,0.003,1e-06,384,3.0,98304,0.14852287899702787,0.95574951171875,0.17956941833496093,0.9476,152.09549559652805,7.604774779826402e-05,0.14859892674482614,0.1796454660827592,0.6205679579998105
mnist_mlp,scratch,2,32768,45,9325,0.003,0.0,384,3.0,98304,0.14852287899702787,0.95574951171875,0.17956941833496093,0.9476,152.09549559652805,0.0,0.14852287899702787,0.17956941833496093,0.5960140869992756
mnist_mlp,scratch,0,32768,64,13258,0.003,0.001,384,3.0,98304,0.13265020353719592,0.959808349609375,0.15704475708007812,0.9572,178.52805410325527,0.08926402705162764,0.22191423058882356,0.24630878413170576,0.5961802729998453
mnist_mlp,scratch,0,32768,64,13258,0.003,0.0003,384,3.0,98304,0.1326955775730312,0.9599609375,0.15711338500976563,0.9568,178.53585893660784,0.026780378840491174,0.15947595641352236,0.1838937638502568,0.5996605830005137
mnist_mlp,scratch,1,32768,128,26506,0.003,0.0003,384,3.0,98304,0.10062663070857525,0.970855712890625,0.14097869720458983,0.9632,260.32281021028757,0.03904842153154313,0.1396750522401184,0.18002711873613297,0.7582452130009187
mnist_mlp,scratch,1,32768,128,26506,0.003,0.0001,384,3.0,98304,0.1009254171513021,0.970977783203125,0.14101493682861327,0.9624,260.1309298798442,0.01300654649399221,0.11393196364529432,0.15402148332260548,0.8428865699988819
mnist_mlp,scratch,1,32768,128,26506,0.003,3e-05,384,3.0,98304,0.10089352075010538,0.970947265625,0.1411414779663086,0.9624,260.22555989027023,0.0039033833983540536,0.10479690414845944,0.14504486136466266,0.7933976450003684
mnist_mlp,scratch,1,32768,128,26506,0.003,1e-05,384,3.0,98304,0.10091551998630166,0.97088623046875,0.14109871215820313,0.9622,260.08052737265825,0.0013004026368632915,0.10221592262316495,0.14239911479506642,0.9459682239994436
mnist_mlp,scratch,1,32768,128,26506,0.003,3e-06,384,3.0,98304,0.10083440179005265,0.970947265625,0.14115191650390624,0.9622,260.1840182170272,0.0003902760273255408,0.10122467781737819,0.1415421925312318,0.9618142610015639
mnist_mlp,scratch,0,32768,64,13258,0.003,0.0001,384,3.0,98304,0.13279957883059978,0.959808349609375,0.1576112365722656,0.956,178.67326374351978,0.00893366318717599,0.14173324201777576,0.1665448997594416,0.6310040120006306
mnist_mlp,scratch,2,32768,32,6634,0.003,0.01,384,3.0,98304,0.17318658251315355,0.948211669921875,0.1966332244873047,0.9402,136.48400908708572,0.6824200454354287,0.8556066279485822,0.8790532699227334,0.6345065909990808
mnist_mlp,scratch,2,32768,32,6634,0.003,0.003,384,3.0,98304,0.1728791929781437,0.948394775390625,0.19669814758300783,0.9402,137.38903851807117,0.20608355777710677,0.37896275075525043,0.4027817053601146,0.6051079709995975
mnist_mlp,scratch,2,32768,32,6634,0.003,3e-06,384,3.0,98304,0.17271624505519867,0.948211669921875,0.19667933959960937,0.9404,137.58355744183064,0.00020637533616274596,0.17292262039136141,0.19688571493577212,0.619684237999536
mnist_mlp,scratch,2,32768,32,6634,0.003,0.001,384,3.0,98304,0.17279437091201544,0.948486328125,0.19704695739746095,0.94,137.56896694004536,0.06878448347002268,0.24157885438203813,0.2658314408674836,0.5828343299999688
mnist_mlp,scratch,2,32768,32,6634,0.003,0.0003,384,3.0,98304,0.17272891104221344,0.948272705078125,0.19685553588867188,0.9404,137.55122159421444,0.020632683239132164,0.1933615942813456,0.21748821912780406,0.5812718569995923
mnist_mlp,scratch,2,32768,32,6634,0.003,0.0001,384,3.0,98304,0.17272202763706446,0.948089599609375,0.1966717987060547,0.9402,137.53306996822357,0.006876653498411179,0.17959868113547564,0.20354845220446588,0.601091042999542
mnist_mlp,scratch,0,32768,64,13258,0.003,0.01,384,3.0,98304,0.1333093484863639,0.95947265625,0.1573383026123047,0.9564,176.86013016104698,0.8843006508052349,1.0176099992915988,1.0416389534175396,0.5821876149984746
mnist_mlp,scratch,0,32768,64,13258,0.003,0.003,384,3.0,98304,0.13296250300481915,0.95953369140625,0.15746004638671876,0.9574,178.11813801527023,0.26717720702290537,0.4001397100277245,0.4246372534096241,0.666765612000745
mnist_mlp,scratch,0,32768,91,18847,0.003,1e-06,384,3.0,98304,0.11370164016261697,0.966766357421875,0.14375901794433593,0.9602,214.7761273905635,0.00010738806369528174,0.11380902822631225,0.14386640600803122,0.7310898060004547
mnist_mlp,scratch,0,32768,91,18847,0.003,0.0,384,3.0,98304,0.11370164016261697,0.966766357421875,0.14375901794433593,0.9602,214.7761273905635,0.0,0.11370164016261697,0.14375901794433593,0.6636961439999141
mnist_mlp,scratch,1,32768,181,37477,0.003,0.0,384,3.0,98304,0.08901853766292334,0.973968505859375,0.13892523193359374,0.9654,307.77491338551044,0.0,0.08901853766292334,0.13892523193359374,1.0147545769996213
mnist_mlp,scratch,1,32768,128,26506,0.003,0.03,384,3.0,98304,0.1019109608605504,0.9705810546875,0.14067146148681642,0.9628,252.35344795137644,3.7853017192706466,3.887212680131197,3.925973180757463,0.7134743759997946
mnist_mlp,scratch,1,32768,128,26506,0.003,0.01,384,3.0,98304,0.1004142346791923,0.97100830078125,0.14194763488769532,0.9626,257.42653020471334,1.2871326510235668,1.387546885702759,1.4290802859112621,0.7436362139997073
mnist_mlp,scratch,1,32768,128,26506,0.003,0.003,384,3.0,98304,0.10061661386862397,0.970703125,0.1408770751953125,0.9632,259.410358004272,0.389115537006408,0.48973215087503197,0.5299926122017204,0.7424872480005433
mnist_mlp,scratch,1,32768,128,26506,0.003,0.001,384,3.0,98304,0.10063395788893104,0.97113037109375,0.1414297866821289,0.962,259.9353182017803,0.12996765910089017,0.2306016169898212,0.27139744578301905,0.7669018549986504
mnist_mlp,scratch,0,32768,64,13258,0.003,0.03,384,3.0,98304,0.1335724019445479,0.959625244140625,0.15736351013183594,0.9566,173.96371369808912,2.6094557054713365,2.7430281074158844,2.7668192156031726,0.6017614800002775
mnist_mlp,scratch,2,32768,32,6634,0.003,3e-05,384,3.0,98304,0.172710751183331,0.948211669921875,0.19666383666992188,0.9402,137.57328748703003,0.0020635993123054503,0.17477435049563647,0.19872743598222734,0.6166942569998355
mnist_mlp,scratch,2,32768,32,6634,0.003,1e-05,384,3.0,98304,0.17271745018661022,0.948211669921875,0.19667954711914062,0.9404,137.58028849959373,0.0006879014424979687,0.1734053516291082,0.1973674485616386,0.6232431009993888
mnist_mlp,scratch,0,32768,91,18847,0.003,3e-05,384,3.0,98304,0.11369834979996085,0.966796875,0.14368936920166014,0.9606,214.8423596099019,0.0032226353941485287,0.11692098519410939,0.14691200459580867,0.6542557669999951
mnist_mlp,scratch,0,32768,91,18847,0.003,1e-05,384,3.0,98304,0.11374098528176546,0.966827392578125,0.14369915466308594,0.96,214.8345918059349,0.0010741729590296747,0.11481515824079513,0.14477332762211562,0.6980948910004372
mnist_mlp,scratch,0,32768,91,18847,0.003,3e-06,384,3.0,98304,0.11370164016261697,0.966766357421875,0.14375901794433593,0.9602,214.7761273905635,0.00032216419108584523,0.11402380435370281,0.1440811821354218,0.7028414389988029
mnist_mlp,scratch,2,32768,32,6634,0.003,1e-06,384,3.0,98304,0.17271624505519867,0.948211669921875,0.19667933959960937,0.9404,137.58355744183064,6.879177872091532e-05,0.17278503683391958,0.19674813137833028,0.6550737870002195
mnist_mlp,scratch,2,32768,32,6634,0.003,0.0,384,3.0,98304,0.17271624505519867,0.948211669921875,0.19667933959960937,0.9404,137.58355744183064,0.0,0.17271624505519867,0.19667933959960937,0.5719614839999849
mnist_mlp,scratch,0,32768,91,18847,0.003,0.0003,384,3.0,98304,0.11366763338446617,0.96697998046875,0.14376009521484376,0.9602,214.87863710522652,0.032231795565783976,0.14589942895025015,0.17599189078062774,0.64610711000023
mnist_mlp,scratch,0,32768,91,18847,0.003,0.0001,384,3.0,98304,0.1137350695207715,0.96673583984375,0.14371295166015624,0.96,214.83888341486454,0.010741944170743228,0.12447701369151473,0.15445489583089947,0.7059934150001936
mnist_mlp,scratch,0,32768,91,18847,0.003,0.003,384,3.0,98304,0.11386082507669926,0.9666748046875,0.14318236389160155,0.9604,214.22841499745846,0.32134262249618767,0.4352034475728869,0.4645249863877892,0.6306930780010589
mnist_mlp,scratch,0,32768,91,18847,0.003,0.001,384,3.0,98304,0.11394768860191107,0.966796875,0.14387422332763672,0.96,214.5525088235736,0.1072762544117868,0.22122394301369785,0.2511504777394235,0.644555749000574
mnist_mlp,scratch,0,32768,91,18847,0.003,0.03,384,3.0,98304,0.11435605119913816,0.966827392578125,0.14341462097167967,0.9604,208.7235305160284,3.130852957740426,3.245209008939564,3.274267578712106,0.6351422979987547
mnist_mlp,scratch,0,32768,91,18847,0.003,0.01,384,3.0,98304,0.11399194039404392,0.966796875,0.14418868560791015,0.96,212.7907017469406,1.0639535087347032,1.177945449128747,1.2081421943426134,0.6531168339988653
mnist_mlp,scratch,1,32768,181,37477,0.003,0.0001,384,3.0,98304,0.08879229472950101,0.97393798828125,0.13710052185058594,0.9662,307.515586797148,0.0153757793398574,0.10416807406935841,0.15247630119044334,0.9136891660000401
mnist_mlp,scratch,1,32768,181,37477,0.003,3e-05,384,3.0,98304,0.08915547002106905,0.974151611328125,0.13885905609130858,0.9654,307.90690280869603,0.004618603542130441,0.09377407356319949,0.14347765963343903,0.7661127270002908
mnist_mlp,scratch,1,32768,181,37477,0.003,1e-05,384,3.0,98304,0.08901568176224828,0.973968505859375,0.13895169830322265,0.9654,307.7662206105888,0.001538831103052944,0.09055451286530122,0.1404905294062756,0.7472411309991003
mnist_mlp,scratch,1,32768,181,37477,0.003,3e-06,384,3.0,98304,0.08901853766292334,0.973968505859375,0.13892523193359374,0.9654,307.77491338551044,0.00046166237007826567,0.0894802000330016,0.13938689430367202,1.021361342000091
mnist_mlp,scratch,1,32768,181,37477,0.003,1e-06,384,3.0,98304,0.08901853766292334,0.973968505859375,0.13892523193359374,0.9654,307.77491338551044,0.0001538874566927552,0.0891724251196161,0.1390791193902865,1.0389419740004087
mnist_mlp,scratch,0,32768,128,26506,0.003,1e-06,384,3.0,98304,0.09782110247761011,0.97137451171875,0.13893862915039062,0.9626,252.44109060242772,0.00012622054530121385,0.09794732302291133,0.13906484969569183,0.8197775480002747
mnist_mlp,scratch,0,32768,128,26506,0.003,0.0,384,3.0,98304,0.09782110247761011,0.97137451171875,0.13893862915039062,0.9626,252.44109060242772,0.0,0.09782110247761011,0.13893862915039062,0.7058635289995436
mnist_mlp,scratch,0,32768,128,26506,0.003,3e-05,384,3.0,98304,0.09782085660845041,0.971405029296875,0.1390008575439453,0.9626,252.43913527205586,0.003786587029080838,0.10160744363753126,0.14278744457302614,0.8661826139996265
mnist_mlp,scratch,0,32768,128,26506,0.003,1e-05,384,3.0,98304,0.09781993040814996,0.971405029296875,0.13899010772705078,0.9626,252.4405624344945,0.0012622028121724725,0.09908213322032243,0.14025231053922327,0.7842341390005458
mnist_mlp,scratch,0,32768,128,26506,0.003,3e-06,384,3.0,98304,0.09782110247761011,0.97137451171875,0.13893862915039062,0.9626,252.44109060242772,0.00037866163590364156,0.09819976411351375,0.13931729078629426,0.6588416339982359
mnist_mlp,scratch,0,32768,128,26506,0.003,0.0003,384,3.0,98304,0.0976793048903346,0.9713134765625,0.13910324859619141,0.963,252.3691636249423,0.03785537454374134,0.13553467943407593,0.17695862313993277,0.7073824299986882
mnist_mlp,scratch,0,32768,128,26506,0.003,0.0001,384,3.0,98304,0.0976816276088357,0.9713134765625,0.1390573974609375,0.9626,252.64887662231922,0.012632443831115961,0.11031407143995166,0.15168984129205348,0.691168714000014
mnist_mlp,scratch,0,32768,128,26506,0.003,0.003,384,3.0,98304,0.0981541178189218,0.971343994140625,0.13956659240722658,0.9626,251.7401203289628,0.3776101804934442,0.475764298312366,0.5171767729006708,0.7906524810005067
mnist_mlp,scratch,0,32768,128,26506,0.003,0.001,384,3.0,98304,0.09791215229779482,0.971466064453125,0.13949265899658203,0.9626,252.38216560333967,0.12619108280166985,0.22410323509946467,0.2656837417982519,0.9964808210006595
mnist_mlp,scratch,0,32768,128,26506,0.003,0.03,384,3.0,98304,0.09899922646582127,0.971282958984375,0.13809771118164063,0.9624,245.02870164439082,3.6754305246658623,3.7744297511316836,3.813528235847503,0.8334738350004045
mnist_mlp,scratch,0,32768,128,26506,0.003,0.01,384,3.0,98304,0.09843837143853307,0.971527099609375,0.13896290435791014,0.9626,249.97295927256346,1.2498647963628173,1.3483031678013504,1.3888277007207275,0.7581882920003409
mnist_mlp,scratch,1,32768,181,37477,0.003,0.03,384,3.0,98304,0.08996737515553832,0.973846435546875,0.1362144744873047,0.9658,297.9106813929975,4.468660220894963,4.558627596050501,4.604874695382267,0.7592066059987701
mnist_mlp,scratch,1,32768,181,37477,0.003,0.01,384,3.0,98304,0.0889828852377832,0.974090576171875,0.1360413833618164,0.966,304.3895204588771,1.5219476022943854,1.6109304875321686,1.6579889856562018,0.7955762759993377
mnist_mlp,scratch,1,32768,181,37477,0.003,0.003,384,3.0,98304,0.08856178587302566,0.973846435546875,0.13831868743896483,0.9656,306.5687227025628,0.45985308405384423,0.5484148699268698,0.5981717714928091,0.8593325469992124
mnist_mlp,scratch,1,32768,181,37477,0.003,0.001,384,3.0,98304,0.08898955769836903,0.9737548828125,0.13690354766845703,0.9662,307.3188214227557,0.15365941071137787,0.2426489684097469,0.2905629583798349,0.780127829999401
mnist_mlp,scratch,1,32768,181,37477,0.003,0.0003,384,3.0,98304,0.08877725107595325,0.973724365234375,0.13796136779785156,0.9658,307.3901235535741,0.04610851853303611,0.13488576960898935,0.18406988633088767,0.8336355149986048
mnist_mlp,scratch,0,32768,181,37477,0.003,1e-06,384,3.0,98304,0.08943348377943039,0.974578857421875,0.14568499603271484,0.9626,305.85791043937206,0.00015292895521968602,0.08958641273465008,0.14583792498793452,0.8945546750001085
mnist_mlp,scratch,0,32768,181,37477,0.003,0.0,384,3.0,98304,0.08943348377943039,0.974578857421875,0.14568499603271484,0.9626,305.85791043937206,0.0,0.08943348377943039,0.14568499603271484,0.9926509990000341
mnist_mlp,scratch,0,32768,181,37477,0.003,1e-05,384,3.0,98304,0.08953983196988702,0.974639892578125,0.14604945220947266,0.9632,305.8510636687279,0.0015292553183436394,0.09106908728823065,0.1475787075278163,0.8379284000002372
mnist_mlp,scratch,0,32768,181,37477,0.003,3e-06,384,3.0,98304,0.08943348377943039,0.974578857421875,0.14568499603271484,0.9626,305.85791043937206,0.0004587868656590581,0.08989227064508945,0.1461437828983739,0.8095577090007282
mnist_mlp,scratch,0,32768,181,37477,0.003,0.0001,384,3.0,98304,0.08948702830821276,0.974517822265625,0.14608419799804687,0.9634,305.7928911447525,0.015289644557237626,0.10477667286545038,0.1613738425552845,0.8194654309991165
mnist_mlp,scratch,0,32768,181,37477,0.003,3e-05,384,3.0,98304,0.08949643652886152,0.974609375,0.14595321044921875,0.9632,305.7222923785448,0.004585834385678172,0.09408227091453969,0.1505390448348969,0.8621821460001229
mnist_mlp,scratch,0,32768,181,37477,0.003,0.001,384,3.0,98304,0.09002782590687275,0.974273681640625,0.14618218841552735,0.9638,305.4434468820691,0.15272172344103455,0.2427495493479073,0.2989039118565619,0.8360802780007361
mnist_mlp,scratch,0,32768,181,37477,0.003,0.0003,384,3.0,98304,0.08938724547624588,0.974212646484375,0.14532479858398437,0.9632,305.798591196537,0.04586978867948055,0.13525703415572643,0.19119458726346492,0.8136439649988461
mnist_mlp,scratch,0,32768,181,37477,0.003,0.01,384,3.0,98304,0.09019774245098233,0.974517822265625,0.14645696868896485,0.9628,302.54311469197273,1.5127155734598636,1.602913315910846,1.6591725421488284,0.8331799940006022
mnist_mlp,scratch,1,32768,256,53002,0.003,3e-05,384,3.0,98304,0.08403787296265364,0.975189208984375,0.15142158508300782,0.9612,377.2519902177155,0.0056587798532657324,0.08969665281591938,0.15708036493627356,0.8867784329995629
mnist_mlp,scratch,1,32768,256,53002,0.003,1e-05,384,3.0,98304,0.08403105568140745,0.9752197265625,0.15143142547607422,0.9616,377.23668109998107,0.0018861834054999054,0.08591723908690736,0.1533176088815741,0.8766182089984795
mnist_mlp,scratch,1,32768,256,53002,0.003,3e-06,384,3.0,98304,0.08373816730454564,0.97528076171875,0.15102395629882812,0.9612,377.00881443172693,0.0005655132216475904,0.08430368052619323,0.1515894695204757,0.8862496470010228
mnist_mlp,scratch,1,32768,256,53002,0.003,1e-06,384,3.0,98304,0.08373816730454564,0.97528076171875,0.15102395629882812,0.9612,377.00881443172693,0.00018850440721586347,0.0839266717117615,0.15121246070604397,0.9437088489994494
mnist_mlp,scratch,1,32768,256,53002,0.003,0.0,384,3.0,98304,0.08373816730454564,0.97528076171875,0.15102395629882812,0.9612,377.00881443172693,0.0,0.08373816730454564,0.15102395629882812,0.9195539859993005
mnist_mlp,scratch,0,32768,181,37477,0.003,0.003,384,3.0,98304,0.09011948993429542,0.9742431640625,0.14703205108642578,0.9626,304.814531929791,0.4572217978946865,0.5473412878289818,0.6042538489811122,0.8277800710002339
mnist_mlp,scratch,0,32768,256,53002,0.003,0.03,384,3.0,98304,0.08097868179902434,0.976104736328125,0.12981029052734375,0.9648,369.44901666790247,5.541735250018537,5.622713931817561,5.67154554054588,0.8909052099988912
mnist_mlp,scratch,0,32768,256,53002,0.003,1e-06,384,3.0,98304,0.08118741121143103,0.97607421875,0.1353798797607422,0.9636,384.4184783026576,0.0001922092391513288,0.08137962045058235,0.13557208899989354,0.8953424680003081
mnist_mlp,scratch,0,32768,256,53002,0.003,3e-06,384,3.0,98304,0.08118741121143103,0.97607421875,0.1353798797607422,0.9636,384.4184783026576,0.0005766277174539864,0.08176403892888501,0.13595650747819618,0.9057646400015074
mnist_mlp,scratch,0,32768,256,53002,0.003,0.001,384,3.0,98304,0.08054447080940008,0.97601318359375,0.13269898071289063,0.964,382.9636473786086,0.1914818236893043,0.2720262944987044,0.32418080440219493,0.8777909979999095
mnist_mlp,scratch,0,32768,256,53002,0.003,0.0003,384,3.0,98304,0.08012230740860105,0.976165771484375,0.13344007110595704,0.964,383.8809838127345,0.057582147571910165,0.1377044549805112,0.1910222186778672,0.8507124179996026
mnist_mlp,scratch,0,46341,32,6634,0.003,0.0,543,2.9996763125525994,139008,0.14665633922478205,0.9563453529272135,0.1616345886230469,0.9526,154.1630254983902,0.0,0.14665633922478205,0.1616345886230469,0.8027196490002098
mnist_mlp,scratch,0,46341,32,6634,0.003,1e-06,543,2.9996763125525994,139008,0.14665633922478205,0.9563453529272135,0.1616345886230469,0.9526,154.1630254983902,7.708151274919509e-05,0.14673342073753123,0.16171167013579607,0.8924088519997895
mnist_mlp,scratch,0,46341,32,6634,0.003,3e-06,543,2.9996763125525994,139008,0.14665633922478205,0.9563453529272135,0.1616345886230469,0.9526,154.1630254983902,0.0002312445382475853,0.14688758376302963,0.16186583316129446,0.8627940130008938
mnist_mlp,scratch,2,46341,256,53002,0.003,0.001,543,2.9996763125525994,139008,0.06945057631037993,0.9798666407716708,0.11174882049560547,0.9696,448.89062310010195,0.22444531155005099,0.2938958878604309,0.33619413204565646,1.2615904419999424
mnist_mlp,scratch,2,46341,256,53002,0.003,0.0003,543,2.9996763125525994,139008,0.07007838224696367,0.9798882199348309,0.11143147430419922,0.9698,449.05875419825315,0.06735881312973797,0.13743719537670163,0.1787902874339372,1.2356038980015
mnist_mlp,scratch,2,46341,256,53002,0.003,0.0001,543,2.9996763125525994,139008,0.07012458337490061,0.9793055825295095,0.11357713012695313,0.9694,449.7031196989119,0.022485155984945597,0.0926097393598462,0.13606228611189872,1.2802041499999177
mnist_mlp,scratch,2,46341,256,53002,0.003,3e-05,543,2.9996763125525994,139008,0.07088993013487778,0.9796508491400704,0.11477051239013672,0.9692,449.7972233854234,0.006746958350781352,0.07763688848565913,0.12151747074091807,1.2887662639986956
mnist_mlp,scratch,2,46341,256,53002,0.003,1e-05,543,2.9996763125525994,139008,0.07158117787601986,0.9793703200189897,0.11420484313964843,0.9688,450.0395592674613,0.0022501977963373066,0.07383137567235717,0.11645504093598574,1.2122047990014835
mnist_mlp,scratch,2,46341,256,53002,0.003,3e-06,543,2.9996763125525994,139008,0.0712728932741373,0.9793487408558296,0.11564411010742187,0.9692,450.0297446921468,0.0006750446170382202,0.07194793789117553,0.1163191547244601,1.236508956999387
mnist_mlp,scratch,2,46341,256,53002,0.003,1e-06,543,2.9996763125525994,139008,0.0712728932741373,0.9793487408558296,0.11564411010742187,0.9692,450.0297446921468,0.00022501487234607339,0.07149790814648338,0.11586912497976795,1.2279810479994921
mnist_mlp,scratch,2,46341,256,53002,0.003,0.0,543,2.9996763125525994,139008,0.0712728932741373,0.9793487408558296,0.11564411010742187,0.9692,450.0297446921468,0.0,0.0712728932741373,0.11564411010742187,1.2146334769986424
mnist_mlp,scratch,2,46341,128,26506,0.003,0.03,543,2.9996763125525994,139008,0.08453538435771771,0.9746876416132583,0.11692398986816406,0.9664,288.8295890837908,4.332443836256862,4.4169792206145795,4.449367826125026,1.0168258619996777
mnist_mlp,scratch,2,46341,128,26506,0.003,0.01,543,2.9996763125525994,139008,0.08421948386145174,0.9750976457132993,0.11863471221923828,0.9664,297.28792164474726,1.4864396082237363,1.5706590920851882,1.6050743204429747,1.042322487999627
mnist_mlp,scratch,2,46341,128,26506,0.003,0.003,543,2.9996763125525994,139008,0.08378866434441996,0.975032908223819,0.1191722152709961,0.9656,300.92722864449024,0.4513908429667354,0.5351795073111554,0.5705630582377315,1.047356694998598
mnist_mlp,scratch,2,46341,128,26506,0.003,0.001,543,2.9996763125525994,139008,0.08368083668790276,0.9749034332448587,0.11932016906738281,0.9662,301.608589746058,0.150804294873029,0.23448513156093176,0.2701244639404118,1.0457091099997342
mnist_mlp,scratch,2,46341,128,26506,0.003,0.0003,543,2.9996763125525994,139008,0.08379422080771229,0.9748818540816987,0.1213318359375,0.966,302.0466779842973,0.04530700169764459,0.12910122250535688,0.1666388376351446,1.1632206089998363
mnist_mlp,scratch,2,46341,128,26506,0.003,0.0001,543,2.9996763125525994,139008,0.0838943779107109,0.9748602749185387,0.11992047729492188,0.9644,302.182630315423,0.015109131515771151,0.09900350942648205,0.13502960881069304,1.068971775999671
mnist_mlp,scratch,2,46341,128,26506,0.003,3e-05,543,2.9996763125525994,139008,0.08399917494867151,0.9746876416132583,0.11936112518310547,0.9652,301.96177273243666,0.00452942659098655,0.08852860153965807,0.12389055177409203,1.06403672200031
mnist_mlp,scratch,2,46341,128,26506,0.003,1e-05,543,2.9996763125525994,139008,0.08405427646066911,0.9747955374290586,0.1198555404663086,0.9652,302.0372791439295,0.0015101863957196475,0.08556446285638876,0.12136572686202825,1.0192086700008076
mnist_mlp,scratch,2,46341,128,26506,0.003,3e-06,543,2.9996763125525994,139008,0.08378832371264065,0.9747523791027384,0.12132952575683593,0.9658,302.03532329946756,0.00045305298494920137,0.08424137669758985,0.12178257874178514,1.0267103719997976
mnist_mlp,scratch,2,46341,128,26506,0.003,1e-06,543,2.9996763125525994,139008,0.08378832371264065,0.9747523791027384,0.12132952575683593,0.9658,302.03532329946756,0.00015101766164973376,0.08393934137429039,0.12148054341848567,1.0201140280005347
mnist_mlp,scratch,2,46341,128,26506,0.003,0.0,543,2.9996763125525994,139008,0.08378832371264065,0.9747523791027384,0.12132952575683593,0.9658,302.03532329946756,0.0,0.08378832371264065,0.12132952575683593,1.0086342690010497
mnist_mlp,scratch,2,46341,91,18847,0.003,0.03,543,2.9996763125525994,139008,0.09697500504523575,0.9717528754234911,0.1199473876953125,0.9656,246.59258271753788,3.698888740763068,3.7958637458083038,3.8188361284583805,0.9652523829990969
mnist_mlp,scratch,2,46341,91,18847,0.003,0.01,543,2.9996763125525994,139008,0.0960211091288416,0.9716665587708508,0.12122624206542969,0.9664,253.91450016200542,1.2695725008100271,1.3655936099388688,1.390798742875457,0.9575900889994955
mnist_mlp,scratch,0,46341,64,13258,0.003,0.0003,543,2.9996763125525994,139008,0.11430855955577185,0.9660559763492371,0.14034708251953126,0.9622,206.5507801026106,0.030982617015391584,0.14529117657116344,0.17132969953492286,0.9575408040000184
mnist_mlp,scratch,0,46341,64,13258,0.003,0.0001,543,2.9996763125525994,139008,0.11452768177262879,0.9661638721650374,0.14036351776123046,0.962,206.50628800690174,0.010325314400345087,0.12485299617297388,0.15068883216157555,0.9090153779998218
mnist_mlp,scratch,0,46341,64,13258,0.003,3e-05,543,2.9996763125525994,139008,0.11430033434373972,0.9660343971860771,0.14027888031005858,0.962,206.32076643407345,0.0030948114965111016,0.11739514584025082,0.1433736918065697,0.8801472579998517
mnist_mlp,scratch,0,46341,64,13258,0.003,1e-05,543,2.9996763125525994,139008,0.11454728168240512,0.9661422930018774,0.14048113250732422,0.9618,206.3568473905325,0.0010317842369526626,0.11557906591935778,0.14151291674427688,0.9734383850009181
mnist_mlp,scratch,0,46341,64,13258,0.003,3e-06,543,2.9996763125525994,139008,0.1144292143283789,0.9660559763492371,0.14045927886962892,0.962,206.35719949007034,0.0003095357992351055,0.114738750127614,0.140768814668864,0.9383376370005863
mnist_mlp,scratch,0,46341,64,13258,0.003,1e-06,543,2.9996763125525994,139008,0.1144292143283789,0.9660559763492371,0.14045927886962892,0.962,206.35719949007034,0.00010317859974503516,0.11453239292812394,0.14056245746937396,0.8870008859994414
mnist_mlp,scratch,0,46341,64,13258,0.003,0.0,543,2.9996763125525994,139008,0.1144292143283789,0.9660559763492371,0.14045927886962892,0.962,206.35719949007034,0.0,0.1144292143283789,0.14045927886962892,0.9385937700008071
mnist_mlp,scratch,0,46341,45,9325,0.003,0.03,543,2.9996763125525994,139008,0.1315749628491736,0.9597332815433417,0.15537592468261718,0.9578,171.82769410312176,2.577415411546826,2.708990374396,2.732791336229443,0.8890881379993516
mnist_mlp,scratch,0,46341,45,9325,0.003,0.01,543,2.9996763125525994,139008,0.1306934321704314,0.9603374981118232,0.15537987060546876,0.9574,175.98797101527452,0.8799398550763726,1.010633287246804,1.0353197256818414,0.9444937359985488
mnist_mlp,scratch,0,46341,45,9325,0.003,0.003,543,2.9996763125525994,139008,0.1305314702381193,0.9604885522539436,0.15505601501464844,0.9584,177.672128200531,0.26650819230079653,0.39703966253891587,0.42156420731544497,0.9055206369994266
mnist_mlp,scratch,0,46341,45,9325,0.003,0.001,543,2.9996763125525994,139008,0.1305722094037989,0.9602080231328629,0.15483070678710936,0.9578,177.9630368873477,0.08898151844367386,0.21955372784747276,0.24381222523078322,0.9689175090006756
mnist_mlp,scratch,0,46341,45,9325,0.003,0.0003,543,2.9996763125525994,139008,0.13062709573661063,0.960272760622343,0.15514112243652345,0.958,177.91559921950102,0.02668733988292515,0.1573144356195358,0.1818284623194486,1.0062643059991387
mnist_mlp,scratch,0,46341,45,9325,0.003,0.0001,543,2.9996763125525994,139008,0.13052411759661903,0.960251181459183,0.1551420135498047,0.9574,177.93362735956907,0.008896681367978453,0.13942079896459747,0.16403869491778314,0.862387133998709
mnist_mlp,scratch,2,46341,91,18847,0.003,0.003,543,2.9996763125525994,139008,0.09617294940762036,0.9717312962603311,0.12160053100585938,0.9658,256.5780780762434,0.3848671171143651,0.4810400665219855,0.5064676481202245,0.9541388390007342
mnist_mlp,scratch,2,46341,91,18847,0.003,0.001,543,2.9996763125525994,139008,0.09601801199736144,0.9719902462182517,0.12048001098632813,0.9656,257.08206248283386,0.12854103124141694,0.2245590432387784,0.24902104222774507,0.9751128130010329
mnist_mlp,scratch,2,46341,91,18847,0.003,0.0003,543,2.9996763125525994,139008,0.09609797584262207,0.9717744545866511,0.12097160034179688,0.9658,257.356773391366,0.038603516008704895,0.13470149185132696,0.15957511635050178,0.9937555979995523
mnist_mlp,scratch,2,46341,91,18847,0.003,0.0001,543,2.9996763125525994,139008,0.09634229970743376,0.9717528754234911,0.1209590789794922,0.9658,257.2850157916546,0.01286425078958273,0.10920655049701648,0.13382332976907493,0.9527641549993859
mnist_mlp,scratch,2,46341,91,18847,0.003,3e-05,543,2.9996763125525994,139008,0.09609960475070545,0.9720118253814117,0.12081424255371094,0.9658,257.3583816587925,0.0038603757248818877,0.09995998047558734,0.12467461827859283,0.9657416979989648
mnist_mlp,scratch,2,46341,91,18847,0.003,1e-05,543,2.9996763125525994,139008,0.09602726898288848,0.9719470878919315,0.12045802764892578,0.9662,257.5682430267334,0.001287841215133667,0.09731511019802215,0.12174586886405946,1.0490499190000264
mnist_mlp,scratch,2,46341,91,18847,0.003,3e-06,543,2.9996763125525994,139008,0.09564408720708815,0.9720549837077318,0.12082503814697265,0.9654,256.99449910223484,0.00038549174865335227,0.0960295789557415,0.121210529895626,1.04002824500094
mnist_mlp,scratch,2,46341,91,18847,0.003,1e-06,543,2.9996763125525994,139008,0.09564408720708815,0.9720549837077318,0.12082503814697265,0.9654,256.99449910223484,0.00012849724955111741,0.09577258445663928,0.12095353539652377,1.007533007999882
mnist_mlp,scratch,2,46341,91,18847,0.003,0.0,543,2.9996763125525994,139008,0.09564408720708815,0.9720549837077318,0.12082503814697265,0.9654,256.99449910223484,0.0,0.09564408720708815,0.12082503814697265,1.0065989449994959
mnist_mlp,scratch,2,46341,64,13258,0.003,0.03,543,2.9996763125525994,139008,0.10811697127109532,0.9679549427073219,0.13242315979003907,0.965,199.45775547623634,2.991866332143545,3.0999833034146405,3.124289491933584,0.8753497019988572
mnist_mlp,scratch,2,46341,64,13258,0.003,0.01,543,2.9996763125525994,139008,0.10697362037129057,0.9682138926652425,0.13126384887695314,0.965,204.69098030030727,1.0234549015015364,1.130428521872827,1.1547187503784895,0.8887790310000128
mnist_mlp,scratch,2,46341,64,13258,0.003,0.003,543,2.9996763125525994,139008,0.10676176551451215,0.9682570509915626,0.13086591186523439,0.965,206.4717420488596,0.3097076130732894,0.4164693785878016,0.4405735249385238,0.8965456230016571
mnist_mlp,scratch,2,46341,64,13258,0.003,0.001,543,2.9996763125525994,139008,0.10697776392886513,0.968019680196802,0.1317121032714844,0.9644,207.13296145945787,0.10356648072972893,0.21054424465859406,0.23527858400121332,0.8744415919991297
mnist_mlp,scratch,2,46341,64,13258,0.003,0.0003,543,2.9996763125525994,139008,0.10709717372442279,0.968062838523122,0.13209878997802735,0.9644,207.1746555119753,0.03107619832679629,0.13817337205121907,0.16317498830482363,0.8717521589987882
mnist_mlp,scratch,2,46341,64,13258,0.003,0.0001,543,2.9996763125525994,139008,0.10689740808540898,0.9682138926652425,0.1309089401245117,0.9648,207.40458315610886,0.010370229157805444,0.11726763724321443,0.14127916928231715,0.8954331760014611
mnist_mlp,scratch,2,46341,64,13258,0.003,3e-05,543,2.9996763125525994,139008,0.10695109850268425,0.9681275760126022,0.1307449981689453,0.9648,207.20592533797026,0.003108088880069554,0.1100591873827538,0.13385308704901486,0.86473727900011
mnist_mlp,scratch,2,46341,64,13258,0.003,1e-05,543,2.9996763125525994,139008,0.10702537911497151,0.968062838523122,0.13091231689453126,0.9648,207.16497667878866,0.0010358248833939434,0.10806120399836545,0.1319481417779252,0.8565379600004235
mnist_mlp,scratch,2,46341,64,13258,0.003,3e-06,543,2.9996763125525994,139008,0.10703024954026268,0.9681491551757623,0.13057960662841797,0.9648,207.22700662910938,0.00031084050994366406,0.10734109005020634,0.13089044713836165,0.8593074460004573
mnist_mlp,scratch,2,46341,64,13258,0.003,1e-06,543,2.9996763125525994,139008,0.10703024954026268,0.9681491551757623,0.13057960662841797,0.9648,207.22700662910938,0.00010361350331455469,0.10713386304357723,0.13068322013173253,0.9128501439990941
mnist_mlp,scratch,2,46341,64,13258,0.003,0.0,543,2.9996763125525994,139008,0.10703024954026268,0.9681491551757623,0.13057960662841797,0.9648,207.22700662910938,0.0,0.10703024954026268,0.13057960662841797,0.931776269000693
mnist_mlp,scratch,2,46341,45,9325,0.003,0.03,543,2.9996763125525994,139008,0.12707313341186968,0.9630348935068298,0.14629205627441405,0.9592,170.85536782443523,2.5628305173665282,2.689903650778398,2.709122573640942,0.8752640960010467
mnist_mlp,scratch,2,46341,45,9325,0.003,0.01,543,2.9996763125525994,139008,0.1264170542144232,0.9633585809542305,0.14645037536621094,0.9592,174.4669699370861,0.8723348496854305,0.9987519038998537,1.0187852250516414,0.8645136879986239
mnist_mlp,scratch,2,46341,45,9325,0.003,0.003,543,2.9996763125525994,139008,0.12570530666340535,0.9632722643015904,0.14639803466796875,0.9606,175.9358728826046,0.2639038093239069,0.38960911598731224,0.41030184399187564,0.833172694001405
mnist_mlp,scratch,2,46341,45,9325,0.003,0.001,543,2.9996763125525994,139008,0.12577295722137422,0.9632075268121102,0.1465345458984375,0.9602,176.63417030870914,0.08831708515435457,0.2140900423757288,0.23485163105279208,0.9041357440000866
mnist_mlp,scratch,2,46341,45,9325,0.003,0.0003,543,2.9996763125525994,139008,0.12592145950627887,0.9630133143436698,0.14666708068847656,0.9604,176.90316519141197,0.026535474778711793,0.15245693428499066,0.17320255546718835,0.8821501659986097
mnist_mlp,scratch,2,46341,45,9325,0.003,0.0001,543,2.9996763125525994,139008,0.12606899307325722,0.9629701560173497,0.14650738525390625,0.9596,176.83228340744972,0.008841614170372486,0.13491060724362972,0.15534899942427874,0.862954765001632
mnist_mlp,scratch,2,46341,45,9325,0.003,3e-05,543,2.9996763125525994,139008,0.12575686932567054,0.9629917351805097,0.14599827575683594,0.9604,176.93539352715015,0.0026540309029072524,0.1284109002285778,0.1486523066597432,0.9150483490011538
mnist_mlp,scratch,2,46341,45,9325,0.003,1e-05,543,2.9996763125525994,139008,0.12581283764594173,0.9628838393647094,0.14617762451171876,0.961,177.00822395086288,0.0008850411197543145,0.12669787876569605,0.14706266563147308,0.9325083090006956
mnist_mlp,scratch,2,46341,45,9325,0.003,3e-06,543,2.9996763125525994,139008,0.1257226454630526,0.9630564726699898,0.14602481689453126,0.9604,176.9767333716154,0.0002654651000574231,0.12598811056311002,0.14629028199458868,0.8849144760006311
mnist_mlp,scratch,2,46341,45,9325,0.003,1e-06,543,2.9996763125525994,139008,0.1257226454630526,0.9630564726699898,0.14602481689453126,0.9604,176.9767333716154,8.84883666858077e-05,0.1258111338297384,0.14611330526121707,0.873395304000951
mnist_mlp,scratch,2,46341,45,9325,0.003,0.0,543,2.9996763125525994,139008,0.1257226454630526,0.9630564726699898,0.14602481689453126,0.9604,176.9767333716154,0.0,0.1257226454630526,0.14602481689453126,0.8810636420002993
mnist_mlp,scratch,2,46341,32,6634,0.003,0.03,543,2.9996763125525994,139008,0.14885049751087304,0.9548779698323299,0.16646608276367186,0.9512,155.41991260647774,2.331298689097166,2.4801491866080387,2.4977647718608376,0.8184459220010467
mnist_mlp,scratch,2,46341,32,6634,0.003,0.01,543,2.9996763125525994,139008,0.14789860076881248,0.9550721823007704,0.16597272338867186,0.951,158.92194810509682,0.794609740525484,0.9425083412942965,0.9605824639141559,0.8121345670006122
mnist_mlp,scratch,2,46341,32,6634,0.003,0.003,543,2.9996763125525994,139008,0.14773034710905805,0.9551153406270905,0.1656956573486328,0.9516,160.11609886586666,0.2401741482988,0.38790449540785804,0.4058698056474328,0.8318967930008512
mnist_mlp,scratch,2,46341,32,6634,0.003,0.001,543,2.9996763125525994,139008,0.14757458668368809,0.9552879739323709,0.16607636108398438,0.952,160.63538126647472,0.08031769063323736,0.22789227731692546,0.24639405171722173,0.8297043860002304
mnist_mlp,scratch,2,46341,32,6634,0.003,0.0003,543,2.9996763125525994,139008,0.14768591746393667,0.9551153406270905,0.16803336181640624,0.951,160.64259769022465,0.024096389653533695,0.17178230711747036,0.19212975146993994,0.8297063899990462
mnist_mlp,scratch,2,46341,32,6634,0.003,0.0001,543,2.9996763125525994,139008,0.14769664645948732,0.9551800781165707,0.16793927001953124,0.9514,160.6416999399662,0.00803208499699831,0.15572873145648564,0.17597135501652955,0.8087024680007744
mnist_mlp,scratch,2,46341,32,6634,0.003,3e-05,543,2.9996763125525994,139008,0.14766343938849288,0.9552448156060508,0.16793519287109376,0.9516,160.6561570763588,0.002409842356145382,0.15007328174463827,0.17034503522723915,0.8585612639999454
mnist_mlp,scratch,2,46341,32,6634,0.003,1e-05,543,2.9996763125525994,139008,0.14759422808172365,0.9551800781165707,0.16793009033203124,0.9512,160.73431539535522,0.0008036715769767762,0.14839789965870043,0.16873376190900802,0.8030578779998905
mnist_mlp,scratch,2,46341,32,6634,0.003,3e-06,543,2.9996763125525994,139008,0.14763703309929635,0.9552448156060508,0.16794142150878907,0.951,160.7666299790144,0.0002411499449685216,0.14787818304426487,0.1681825714537576,0.851104655999734
mnist_mlp,scratch,2,46341,32,6634,0.003,1e-06,543,2.9996763125525994,139008,0.14763703309929635,0.9552448156060508,0.16794142150878907,0.951,160.7666299790144,8.03833149895072e-05,0.14771741641428585,0.16802180482377857,0.8372176419998141
mnist_mlp,scratch,2,46341,32,6634,0.003,0.0,543,2.9996763125525994,139008,0.14763703309929635,0.9552448156060508,0.16794142150878907,0.951,160.7666299790144,0.0,0.14763703309929635,0.16794142150878907,0.7846256749999156
mnist_mlp,scratch,0,46341,91,18847,0.003,0.01,543,2.9996763125525994,139008,0.09816948182813191,0.9706091797760082,0.12589666748046874,0.965,249.08426047861576,1.245421302393079,1.343590784221211,1.3713179698735476,1.0840828489999694
mnist_mlp,scratch,0,46341,91,18847,0.003,0.003,543,2.9996763125525994,139008,0.09869025974500467,0.9707818130812887,0.12670519256591797,0.9656,251.55110574513674,0.3773266586177051,0.47601691836270976,0.504031851183623,1.1103483099996083
mnist_mlp,scratch,0,46341,91,18847,0.003,0.001,543,2.9996763125525994,139008,0.09781521193604206,0.9708249714076088,0.1258180389404297,0.966,252.15068448334932,0.12607534224167466,0.22389055417771672,0.25189338118210436,1.1804656950007484
mnist_mlp,scratch,0,46341,91,18847,0.003,0.0003,543,2.9996763125525994,139008,0.09792133165922016,0.9706954964286485,0.12709677886962892,0.9654,252.59148362278938,0.03788872254341841,0.13581005420263859,0.16498550141304733,1.0024502629985363
mnist_mlp,scratch,0,46341,91,18847,0.003,0.0001,543,2.9996763125525994,139008,0.09772565557718951,0.9707170755918085,0.12536253051757812,0.9652,252.4096992611885,0.012620484963059425,0.11034614054024894,0.13798301548063754,1.0201923230015382
mnist_mlp,scratch,0,46341,91,18847,0.003,3e-05,543,2.9996763125525994,139008,0.0977368835843028,0.9708897088970889,0.12614971466064454,0.9658,252.48374788463116,0.0037872562182694673,0.10152413980257226,0.129936970878914,0.9786745370001881
mnist_mlp,scratch,0,46341,91,18847,0.003,1e-05,543,2.9996763125525994,139008,0.0977465093543565,0.9709112880602491,0.12614238891601562,0.9658,252.4920452684164,0.0012624602263420822,0.09900896958069857,0.1274048491423577,0.9703406040007394
mnist_mlp,scratch,0,46341,91,18847,0.003,3e-06,543,2.9996763125525994,139008,0.09769099921593248,0.9706091797760082,0.12598224487304688,0.9654,252.4756371974945,0.00037871345579624176,0.09806971267172872,0.12636095832884311,0.9768099499997334
mnist_mlp,scratch,0,46341,91,18847,0.003,1e-06,543,2.9996763125525994,139008,0.09769099921593248,0.9706091797760082,0.12598224487304688,0.9654,252.4756371974945,0.00012623781859874724,0.09781723703453123,0.12610848269164562,0.9874493360002816
mnist_mlp,scratch,0,46341,91,18847,0.003,0.0,543,2.9996763125525994,139008,0.09769099921593248,0.9706091797760082,0.12598224487304688,0.9654,252.4756371974945,0.0,0.09769099921593248,0.12598224487304688,0.9979728369999066
mnist_mlp,scratch,0,46341,64,13258,0.003,0.03,543,2.9996763125525994,139008,0.11557016351895376,0.9658617638807967,0.1403350830078125,0.9612,198.8044200465083,2.9820663006976247,3.0976364642165786,3.122401383705437,0.94637437900019
mnist_mlp,scratch,0,46341,64,13258,0.003,0.01,543,2.9996763125525994,139008,0.11449216716416753,0.9661854513281974,0.14075924377441407,0.9616,203.83966121077538,1.019198306053877,1.1336904732180444,1.159957549828291,0.9284457899993868
mnist_mlp,scratch,0,46341,64,13258,0.003,0.003,543,2.9996763125525994,139008,0.11471989786554682,0.9660559763492371,0.14061963348388673,0.9614,205.76731802523136,0.30865097703784705,0.42337087490339387,0.4492706105217338,0.9494161500006157
mnist_mlp,scratch,0,46341,64,13258,0.003,0.001,543,2.9996763125525994,139008,0.11429118354840004,0.9663580846334779,0.14062298889160157,0.9612,206.08648218214512,0.10304324109107256,0.2173344246394726,0.24366622998267412,0.9149842980004905
mnist_mlp,scratch,0,46341,181,37477,0.003,0.0,543,2.9996763125525994,139008,0.07690631086656904,0.9772555620293045,0.1345165283203125,0.9702,364.58853078633547,0.0,0.07690631086656904,0.1345165283203125,1.3088871960007964
mnist_mlp,scratch,0,46341,128,26506,0.003,0.03,543,2.9996763125525994,139008,0.087519513838102,0.9746876416132583,0.12117508850097657,0.97,289.0802945718169,4.336204418577253,4.423723932415355,4.45737950707823,1.2016686530005245
mnist_mlp,scratch,0,46341,128,26506,0.003,0.01,543,2.9996763125525994,139008,0.08726472126717566,0.9743423750026974,0.12247813873291015,0.97,298.2479485422373,1.4912397427111865,1.578504463978362,1.6137178814440967,1.2420051450008032
mnist_mlp,scratch,0,46341,128,26506,0.003,0.003,543,2.9996763125525994,139008,0.08651481505434915,0.9743207958395373,0.12264690246582031,0.97,300.29678901284933,0.450445183519274,0.5369599985736231,0.5730920859850943,1.0778629579999688
mnist_mlp,scratch,0,46341,128,26506,0.003,0.001,543,2.9996763125525994,139008,0.08665909525033136,0.9742344791868971,0.12404931793212891,0.969,301.6517243683338,0.1508258621841669,0.23748495743449827,0.2748751801162958,1.0510917699994025
mnist_mlp,scratch,0,46341,128,26506,0.003,0.0003,543,2.9996763125525994,139008,0.08684539992485014,0.9744071124921776,0.12137886810302734,0.97,302.08671264350414,0.04531300689652562,0.13215840682137575,0.16669187499955296,1.050870152999778
mnist_mlp,scratch,0,46341,128,26506,0.003,0.0001,543,2.9996763125525994,139008,0.08665142255654541,0.9744071124921776,0.12304254913330079,0.9692,302.1720847040415,0.015108604235202074,0.10176002679174749,0.13815115336850287,1.0377452539996739
mnist_mlp,scratch,0,46341,128,26506,0.003,3e-05,543,2.9996763125525994,139008,0.08646251778647772,0.9744286916553376,0.12236007537841796,0.9698,301.9798988699913,0.00452969848304987,0.09099221626952758,0.12688977386146783,1.0156098980005481
mnist_mlp,scratch,0,46341,128,26506,0.003,1e-05,543,2.9996763125525994,139008,0.08649712343986232,0.9743423750026974,0.12282642211914062,0.9698,302.08706403523684,0.0015104353201761843,0.0880075587600385,0.1243368574393168,1.0236001390003366
mnist_mlp,scratch,0,46341,128,26506,0.003,3e-06,543,2.9996763125525994,139008,0.08658160028576797,0.9745365874711379,0.1236635025024414,0.9698,302.1318971440196,0.0004531978457160294,0.087034798131484,0.12411670034815743,1.0321106770006736
mnist_mlp,scratch,0,46341,128,26506,0.003,1e-06,543,2.9996763125525994,139008,0.08658160028576797,0.9745365874711379,0.1236635025024414,0.9698,302.1318971440196,0.0001510659485720098,0.08673266623433998,0.12381456845101341,1.135451338999701
mnist_mlp,scratch,0,46341,128,26506,0.003,0.0,543,2.9996763125525994,139008,0.08658160028576797,0.9745365874711379,0.1236635025024414,0.9698,302.1318971440196,0.0,0.08658160028576797,0.1236635025024414,1.1569558579994919
mnist_mlp,scratch,0,46341,91,18847,0.003,0.03,543,2.9996763125525994,139008,0.09937949349457773,0.9704581256338879,0.12804207916259766,0.965,242.33173079788685,3.6349759619683026,3.73435545546288,3.7630180411309,1.1049286510005913
mnist_mlp,scratch,0,46341,256,53002,0.003,3e-06,543,2.9996763125525994,139008,0.07623852506530436,0.9775792494767053,0.14545997009277345,0.9654,452.5332266855985,0.0006787998400283978,0.07691732490533276,0.14613876993280184,1.2174831629999971
mnist_mlp,scratch,0,46341,256,53002,0.003,1e-06,543,2.9996763125525994,139008,0.07623852506530436,0.9775792494767053,0.14545997009277345,0.9654,452.5332266855985,0.00022626661334279924,0.07646479167864716,0.14568623670611625,1.1763812539993523
mnist_mlp,scratch,0,46341,256,53002,0.003,0.0,543,2.9996763125525994,139008,0.07623852506530436,0.9775792494767053,0.14545997009277345,0.9654,452.5332266855985,0.0,0.07623852506530436,0.14545997009277345,1.2166836199994577
mnist_mlp,scratch,0,46341,181,37477,0.003,0.03,543,2.9996763125525994,139008,0.07762165587771729,0.9771045078871842,0.1312931915283203,0.97,349.3710155636072,5.240565233454108,5.318186889331825,5.371858424982428,1.1415072460004012
mnist_mlp,scratch,0,46341,181,37477,0.003,0.01,543,2.9996763125525994,139008,0.07676088941418557,0.9775792494767053,0.1322423553466797,0.9694,359.6658307760954,1.798329153880477,1.8750900432946627,1.9305715092271567,1.1483845689999725
mnist_mlp,scratch,0,46341,181,37477,0.003,0.003,543,2.9996763125525994,139008,0.07740111351116082,0.9776008286398653,0.13426390380859374,0.9704,363.45986592024565,0.5451897988803684,0.6225909123915293,0.6794537026889622,1.1445173199990677
mnist_mlp,scratch,0,46341,181,37477,0.003,0.001,543,2.9996763125525994,139008,0.07719288278553658,0.977061349560864,0.13414479064941406,0.9706,364.3410121947527,0.18217050609737634,0.25936338888291294,0.3163152967467904,1.1374282800006768
mnist_mlp,scratch,0,46341,181,37477,0.003,0.0003,543,2.9996763125525994,139008,0.07639663435176447,0.9776008286398653,0.13624030456542968,0.9698,364.41338486224413,0.05466200772933662,0.13105864208110107,0.19090231229476629,1.1279120620001777
mnist_mlp,scratch,0,46341,181,37477,0.003,0.0001,543,2.9996763125525994,139008,0.07725277388657419,0.9772124037029843,0.13465626068115236,0.9698,364.81437138468027,0.018240718569234014,0.0954934924558082,0.15289697925038637,1.0665197470007115
mnist_mlp,scratch,0,46341,181,37477,0.003,3e-05,543,2.9996763125525994,139008,0.07756751172376547,0.9771908245398243,0.13530738525390626,0.9698,364.41371670365334,0.0054662057505548,0.08303371747432027,0.14077359100446105,1.1645432909990632
mnist_mlp,scratch,0,46341,181,37477,0.003,1e-05,543,2.9996763125525994,139008,0.07689151256425701,0.9773418786819447,0.13438599700927734,0.9698,364.55410104990005,0.0018227705052495005,0.07871428306950651,0.13620876751452685,1.55090564099919
mnist_mlp,scratch,0,46341,181,37477,0.003,3e-06,543,2.9996763125525994,139008,0.07690631086656904,0.9772555620293045,0.1345165283203125,0.9702,364.58853078633547,0.0005468827961795032,0.07745319366274855,0.135063411116492,1.3401637480001227
mnist_mlp,scratch,0,46341,181,37477,0.003,1e-06,543,2.9996763125525994,139008,0.07690631086656904,0.9772555620293045,0.1345165283203125,0.9702,364.58853078633547,0.00018229426539316773,0.07708860513196221,0.13469882258570567,1.312338551000721
mnist_mlp,scratch,0,46341,256,53002,0.003,0.03,543,2.9996763125525994,139008,0.08104489561227335,0.9764571329923826,0.1449078109741211,0.9654,432.8716905489564,6.4930753582343455,6.574120253846619,6.637983169208466,1.1077317230010522
mnist_mlp,scratch,0,46341,256,53002,0.003,0.01,543,2.9996763125525994,139008,0.07831491645797677,0.9773634578451048,0.1441548568725586,0.9648,446.33216466382146,2.2316608233191073,2.309975739777084,2.375815680191666,1.1440849560003699
mnist_mlp,scratch,0,46341,256,53002,0.003,0.003,543,2.9996763125525994,139008,0.0766446768487653,0.9775360911503852,0.1417891799926758,0.9666,449.76220221444964,0.6746433033216744,0.7512879801704397,0.8164324833143503,1.1363394889995106
mnist_mlp,scratch,0,46341,256,53002,0.003,0.001,543,2.9996763125525994,139008,0.0799762156765919,0.9768023996029433,0.1457840560913086,0.9656,452.0594830401242,0.22602974152006208,0.30600595719665397,0.3718137976113707,1.1272254539999267
mnist_mlp,scratch,0,46341,256,53002,0.003,0.0003,543,2.9996763125525994,139008,0.07734568486753175,0.9769966120713839,0.14568992919921875,0.965,452.22425064072013,0.06783363759610801,0.14517932246363977,0.21352356679532675,1.1815047100008087
mnist_mlp,scratch,0,46341,256,53002,0.003,0.0001,543,2.9996763125525994,139008,0.07896997804061999,0.9771045078871842,0.1428036361694336,0.9656,451.9806455075741,0.022599032275378704,0.10156901031599869,0.1654026684448123,1.151233960999889
mnist_mlp,scratch,0,46341,256,53002,0.003,3e-05,543,2.9996763125525994,139008,0.07512090890465854,0.9780971493925465,0.14399927368164062,0.9662,452.15484524331987,0.006782322678649798,0.08190323158330834,0.15078159636029043,1.2101584459996957
mnist_mlp,scratch,0,46341,256,53002,0.003,1e-05,543,2.9996763125525994,139008,0.07703367126139524,0.977061349560864,0.1445436569213867,0.9654,452.0851315576583,0.0022604256577882917,0.07929409691918353,0.146804082579175,1.1666325409987621
mnist_mlp,scratch,1,46341,32,6634,0.003,0.003,543,2.9996763125525994,139008,0.14957277155522378,0.9551800781165707,0.16777912292480468,0.9528,155.52842590212822,0.23329263885319235,0.38286541040841615,0.401071761777997,0.8952852619986515
mnist_mlp,scratch,1,46341,32,6634,0.003,0.001,543,2.9996763125525994,139008,0.14944563407747308,0.9550721823007704,0.16745878295898436,0.9528,155.93914014846087,0.07796957007423043,0.22741520415170352,0.2454283530332148,0.9348723189996235
mnist_mlp,scratch,1,46341,32,6634,0.003,0.0003,543,2.9996763125525994,139008,0.14936566249432282,0.9552232364428908,0.16746622619628906,0.952,155.9926275163889,0.023398894127458332,0.17276455662178114,0.1908651203237474,0.846943721999196
mnist_mlp,scratch,1,46341,32,6634,0.003,0.0001,543,2.9996763125525994,139008,0.1494393759357644,0.9551800781165707,0.16772683410644532,0.9528,156.07499147951603,0.007803749573975802,0.1572431255097402,0.17553058368042113,0.9020350929986307
mnist_mlp,scratch,1,46341,32,6634,0.003,3e-05,543,2.9996763125525994,139008,0.14938287386574522,0.9550290239744502,0.1676667266845703,0.9528,156.1291532367468,0.002341937298551202,0.15172481116429642,0.1700086639831215,0.930819897001129
mnist_mlp,scratch,1,46341,32,6634,0.003,1e-05,543,2.9996763125525994,139008,0.14949306997503053,0.9552448156060508,0.16789565734863282,0.9522,156.06921648979187,0.0007803460824489595,0.1502734160574795,0.16867600343108177,0.943982689999757
mnist_mlp,scratch,1,46341,32,6634,0.003,3e-06,543,2.9996763125525994,139008,0.14943197818401396,0.9552448156060508,0.1676688720703125,0.9524,155.86956180632114,0.00023380434270948172,0.14966578252672344,0.16790267641302198,1.0955349480009318
mnist_mlp,scratch,1,46341,32,6634,0.003,1e-06,543,2.9996763125525994,139008,0.14943197818401396,0.9552448156060508,0.1676688720703125,0.9524,155.86956180632114,7.793478090316057e-05,0.1495099129649171,0.16774680685121565,0.8029006069991738
mnist_mlp,scratch,1,46341,32,6634,0.003,0.0,543,2.9996763125525994,139008,0.14943197818401396,0.9552448156060508,0.1676688720703125,0.9524,155.86956180632114,0.0,0.14943197818401396,0.1676688720703125,0.7576904489997105
mnist_mlp,scratch,1,46341,45,9325,0.003,0.03,543,2.9996763125525994,139008,0.12730347030032801,0.9627543643857491,0.14519297332763673,0.9578,171.0043117403984,2.565064676105976,2.692368146406304,2.710257649433613,0.9743320559991844
mnist_mlp,scratch,1,46341,45,9325,0.003,0.01,543,2.9996763125525994,139008,0.1266692122808872,0.9630564726699898,0.1443202407836914,0.9588,175.30470319837332,0.8765235159918666,1.0031927282727537,1.020843756775558,0.8958270490002178
mnist_mlp,scratch,1,46341,45,9325,0.003,0.003,543,2.9996763125525994,139008,0.126422726252152,0.9633154226279105,0.1437898391723633,0.958,176.66316694766283,0.26499475042149423,0.39141747667364624,0.40878458959385755,0.9118578580000758
mnist_mlp,scratch,1,46341,45,9325,0.003,0.001,543,2.9996763125525994,139008,0.1265804698821685,0.9633370017910705,0.14405758209228517,0.9584,177.0762804299593,0.08853814021497965,0.21511861009714817,0.23259572230726483,0.9117376550002518
mnist_mlp,scratch,1,46341,45,9325,0.003,0.0003,543,2.9996763125525994,139008,0.12652062866582356,0.9634664767700308,0.1440701431274414,0.958,177.23953711986542,0.02658593056797981,0.15310655923380337,0.1706560736954212,0.9393146169986721
mnist_mlp,scratch,1,46341,45,9325,0.003,0.0001,543,2.9996763125525994,139008,0.12645081413293574,0.9632722643015904,0.14388545532226563,0.9574,177.36610566079617,0.008868305283039809,0.13531911941597555,0.15275376060530543,0.9736907789992983
mnist_mlp,scratch,1,46341,45,9325,0.003,3e-05,543,2.9996763125525994,139008,0.12650118351383965,0.9632075268121102,0.14388815307617187,0.9576,177.40392521768808,0.002661058878265321,0.12916224239210497,0.14654921195443718,0.9779273370004375
mnist_mlp,scratch,1,46341,45,9325,0.003,1e-05,543,2.9996763125525994,139008,0.12650087663242998,0.9632075268121102,0.14388824920654297,0.9576,177.4062363281846,0.000887031181640923,0.12738790781407092,0.1447752803881839,0.9969449710006302
mnist_mlp,scratch,1,46341,45,9325,0.003,3e-06,543,2.9996763125525994,139008,0.12643773512384332,0.9632075268121102,0.14413053894042968,0.9576,177.28406455367804,0.00026592609683051706,0.12670366122067384,0.1443964650372602,0.9388613570008602
mnist_mlp,scratch,1,46341,45,9325,0.003,1e-06,543,2.9996763125525994,139008,0.12643773512384332,0.9632075268121102,0.14413053894042968,0.9576,177.28406455367804,8.864203227683901e-05,0.12652637715612017,0.14421918097270653,0.8929725020007027
mnist_mlp,scratch,1,46341,45,9325,0.003,0.0,543,2.9996763125525994,139008,0.12643773512384332,0.9632075268121102,0.14413053894042968,0.9576,177.28406455367804,0.0,0.12643773512384332,0.14413053894042968,0.8580148029996053
mnist_mlp,scratch,1,46341,32,6634,0.003,0.03,543,2.9996763125525994,139008,0.15062081602100716,0.95492112815865,0.16772799072265626,0.9524,151.0477232709527,2.2657158490642906,2.4163366650852978,2.4334438397869467,0.8647348630001943
mnist_mlp,scratch,1,46341,32,6634,0.003,0.01,543,2.9996763125525994,139008,0.14973128107167688,0.9548563906691698,0.16753035888671874,0.9528,154.48300391435623,0.7724150195717812,0.922146300643458,0.9399453784584999,0.8676793300001009
mnist_mlp,scratch,1,46341,91,18847,0.003,1e-06,543,2.9996763125525994,139008,0.09438860177432984,0.972529725297253,0.12884446411132813,0.9646,257.30273442715406,0.00012865136721357704,0.09451725314154341,0.1289731154785417,1.026868774999457
mnist_mlp,scratch,1,46341,91,18847,0.003,0.0,543,2.9996763125525994,139008,0.09438860177432984,0.972529725297253,0.12884446411132813,0.9646,257.30273442715406,0.0,0.09438860177432984,0.12884446411132813,0.993200300999888
mnist_mlp,scratch,1,46341,64,13258,0.003,0.03,543,2.9996763125525994,139008,0.10738333290106518,0.9690339008653245,0.14221491241455078,0.9614,204.6049663797021,3.0690744956955314,3.1764578285965968,3.211289408110082,0.9447469299993827
mnist_mlp,scratch,1,46341,64,13258,0.003,0.01,543,2.9996763125525994,139008,0.1069287188795382,0.969271271660085,0.14273751983642577,0.9618,209.59757990390062,1.047987899519503,1.1549166183990414,1.190725419355929,0.9292310700002417
mnist_mlp,scratch,1,46341,64,13258,0.003,0.003,543,2.9996763125525994,139008,0.10642114493044344,0.9693144299864052,0.14312909698486329,0.9608,211.95254549384117,0.31792881824076175,0.4243499631712052,0.461057915225625,0.9366997389988683
mnist_mlp,scratch,1,46341,64,13258,0.003,0.001,543,2.9996763125525994,139008,0.10613194756199078,0.9694439049653655,0.14292886810302735,0.9608,212.5483674183488,0.1062741837091744,0.21240613127116517,0.24920305181220176,0.9085682810000435
mnist_mlp,scratch,1,46341,64,13258,0.003,0.0003,543,2.9996763125525994,139008,0.10618120927222713,0.9693791674758853,0.14290331726074218,0.962,212.75382751226425,0.031913074126839636,0.13809428339906676,0.17481639138758182,0.9429140410011314
mnist_mlp,scratch,1,46341,64,13258,0.003,0.0001,543,2.9996763125525994,139008,0.1062356848383451,0.9693144299864052,0.14316514892578125,0.9612,212.8168086707592,0.010640840433537961,0.11687652527188305,0.15380598935931922,0.9784247339994181
mnist_mlp,scratch,1,46341,64,13258,0.003,3e-05,543,2.9996763125525994,139008,0.10625940015294864,0.9692496924969249,0.1436003433227539,0.961,212.86010967195034,0.0031929016450792554,0.1094523017980279,0.14679324496783316,0.9884298889992351
mnist_mlp,scratch,1,46341,64,13258,0.003,1e-05,543,2.9996763125525994,139008,0.10624099138426622,0.969271271660085,0.14357177124023437,0.961,212.84337205439806,0.0010642168602719904,0.10730520824453821,0.14463598810050637,0.9820639829995343
mnist_mlp,scratch,1,46341,64,13258,0.003,3e-06,543,2.9996763125525994,139008,0.106468037200096,0.9694007466390453,0.1436431884765625,0.9608,212.92141108959913,0.0003193821166343987,0.1067874193167304,0.1439625705931969,0.9693219250002585
mnist_mlp,scratch,1,46341,64,13258,0.003,1e-06,543,2.9996763125525994,139008,0.106468037200096,0.9694007466390453,0.1436431884765625,0.9608,212.92141108959913,0.00010646070554479957,0.1065744979056408,0.14374964918210728,0.9023647470003198
mnist_mlp,scratch,1,46341,64,13258,0.003,0.0,543,2.9996763125525994,139008,0.106468037200096,0.9694007466390453,0.1436431884765625,0.9608,212.92141108959913,0.0,0.106468037200096,0.1436431884765625,0.9001090389992896
mnist_mlp,scratch,1,46341,256,53002,0.003,0.03,543,2.9996763125525994,139008,0.0713847062730817,0.9793487408558296,0.11738769378662109,0.9698,428.01082456484437,6.420162368472665,6.491547074745747,6.537550062259286,1.2075713419999374
mnist_mlp,scratch,1,46341,256,53002,0.003,0.01,543,2.9996763125525994,139008,0.07127638487335222,0.9795645324874301,0.12177817077636718,0.9698,443.1940245516598,2.215970122758299,2.2872465076316515,2.3377482935346663,1.1966403579990583
mnist_mlp,scratch,1,46341,128,26506,0.003,3e-05,543,2.9996763125525994,139008,0.08905867606665761,0.974622904123778,0.12291292877197266,0.9656,305.2946168035269,0.004579419252052903,0.09363809531871052,0.12749234802402556,1.0515674399994168
mnist_mlp,scratch,1,46341,128,26506,0.003,1e-05,543,2.9996763125525994,139008,0.08930209196420834,0.9747739582658984,0.1228156494140625,0.9656,305.2614104449749,0.0015263070522248746,0.0908283990164332,0.12434195646628737,1.041212242000256
mnist_mlp,scratch,1,46341,128,26506,0.003,3e-06,543,2.9996763125525994,139008,0.08911988458456234,0.9744934291448177,0.1216607925415039,0.9656,305.3287912234664,0.0004579931868351996,0.08957787777139754,0.1221187857283391,1.0391601050014287
mnist_mlp,scratch,1,46341,128,26506,0.003,1e-06,543,2.9996763125525994,139008,0.08911988458456234,0.9744934291448177,0.1216607925415039,0.9656,305.3287912234664,0.00015266439561173318,0.08927254898017407,0.12181345693711564,1.0973630339994997
mnist_mlp,scratch,1,46341,128,26506,0.003,0.0,543,2.9996763125525994,139008,0.08911988458456234,0.9744934291448177,0.1216607925415039,0.9656,305.3287912234664,0.0,0.08911988458456234,0.1216607925415039,1.057017122000616
mnist_mlp,scratch,1,46341,91,18847,0.003,0.03,543,2.9996763125525994,139008,0.09526928029739795,0.9722060378498522,0.13015599365234376,0.964,247.41789378970861,3.711268406845629,3.806537687143027,3.841424400497973,0.9757623259993125
mnist_mlp,scratch,1,46341,91,18847,0.003,0.01,543,2.9996763125525994,139008,0.09399220088424415,0.9724649878077728,0.12934691925048827,0.9646,254.040807120502,1.27020403560251,1.3641962364867541,1.3995509548529983,1.0012944509999215
mnist_mlp,scratch,1,46341,91,18847,0.003,0.003,543,2.9996763125525994,139008,0.09445502842865086,0.9726376211130532,0.1286523208618164,0.9644,256.0595075711608,0.3840892613567412,0.4785442897853921,0.5127415822185576,1.0207092579985328
mnist_mlp,scratch,1,46341,91,18847,0.003,0.001,543,2.9996763125525994,139008,0.09378748628859129,0.9726807794393734,0.12872224426269532,0.9646,257.0191290229559,0.12850956451147794,0.22229705080006923,0.2572318087741733,1.0675864789991465
mnist_mlp,scratch,1,46341,91,18847,0.003,0.0003,543,2.9996763125525994,139008,0.09419534617002728,0.9728318335814937,0.12884225158691406,0.9644,257.0889647901058,0.03856334471851587,0.13275869088854314,0.16740559630542995,1.0547364960002596
mnist_mlp,scratch,1,46341,91,18847,0.003,0.0001,543,2.9996763125525994,139008,0.09456127031170343,0.972529725297253,0.1300471649169922,0.9646,257.385065510869,0.012869253275543452,0.10743052358724688,0.14291641819253564,1.0777870799993252
mnist_mlp,scratch,1,46341,91,18847,0.003,3e-05,543,2.9996763125525994,139008,0.09458230024933627,0.9725728836235731,0.12888467712402343,0.9646,257.3632926940918,0.003860449390411377,0.09844274963974764,0.13274512651443482,1.0033350049998262
mnist_mlp,scratch,1,46341,91,18847,0.003,1e-05,543,2.9996763125525994,139008,0.09419438930588936,0.9727670960920135,0.1294208206176758,0.9646,257.50163023918867,0.0012875081511959435,0.0954818974570853,0.13070832876887173,0.9923167229990213
mnist_mlp,scratch,1,46341,91,18847,0.003,3e-06,543,2.9996763125525994,139008,0.09438860177432984,0.972529725297253,0.12884446411132813,0.9646,257.30273442715406,0.0003859541016407311,0.09477455587597057,0.12923041821296885,1.0708499379998102
mnist_mlp,scratch,1,46341,256,53002,0.003,0.003,543,2.9996763125525994,139008,0.07074626715906987,0.9794566366716299,0.12186004486083984,0.9706,448.1663321182132,0.6722494981773198,0.7429957653363897,0.7941095430381597,1.2031747229993925
mnist_mlp,scratch,1,46341,256,53002,0.003,0.001,543,2.9996763125525994,139008,0.07186720896589363,0.9793487408558296,0.12099339904785156,0.97,448.55138704553246,0.22427569352276625,0.2961429024886599,0.3452690925706178,1.23950614900059
mnist_mlp,scratch,1,46341,256,53002,0.003,0.0003,543,2.9996763125525994,139008,0.07129264020381645,0.9793055825295095,0.11977946472167969,0.9688,449.08832005783916,0.06736324800867587,0.1386558882124923,0.18714271273035554,1.2488295410003047
mnist_mlp,scratch,1,46341,256,53002,0.003,0.0001,543,2.9996763125525994,139008,0.07155336345554811,0.9791329492242291,0.12288423461914062,0.9698,450.08641228452325,0.022504320614226164,0.09405768406977427,0.1453885552333668,1.2091463749984541
mnist_mlp,scratch,1,46341,256,53002,0.003,3e-05,543,2.9996763125525994,139008,0.07164657160439435,0.9788955784294685,0.12114346618652344,0.969,449.923102915287,0.006748846543729306,0.07839541814812365,0.12789231273025276,1.2509926809998433
mnist_mlp,scratch,1,46341,256,53002,0.003,1e-05,543,2.9996763125525994,139008,0.07138566198476798,0.9791113700610691,0.12032141723632812,0.9694,449.84020472690463,0.0022492010236345233,0.0736348630084025,0.12257061825996264,1.2049187200009328
mnist_mlp,scratch,1,46341,256,53002,0.003,3e-06,543,2.9996763125525994,139008,0.07167272386032095,0.9789171575926285,0.12116949310302734,0.969,450.0274127200246,0.0006750411190800369,0.07234776497940099,0.12184453422210738,1.2106184300009772
mnist_mlp,scratch,1,46341,256,53002,0.003,1e-06,543,2.9996763125525994,139008,0.07167272386032095,0.9789171575926285,0.12116949310302734,0.969,450.0274127200246,0.0002250137063600123,0.07189773756668096,0.12139450680938735,1.2165937820009276
mnist_mlp,scratch,1,46341,256,53002,0.003,0.0,543,2.9996763125525994,139008,0.07167272386032095,0.9789171575926285,0.12116949310302734,0.969,450.0274127200246,0.0,0.07167272386032095,0.12116949310302734,1.2023014430014882
mnist_mlp,scratch,1,46341,181,37477,0.003,0.03,543,2.9996763125525994,139008,0.07804358538275324,0.9773634578451048,0.11737235412597656,0.9702,349.0622465237975,5.235933697856963,5.313977283239716,5.353306051982939,1.1653004569998302
mnist_mlp,scratch,1,46341,181,37477,0.003,0.01,543,2.9996763125525994,139008,0.07676090719486811,0.9778381994346259,0.11684492645263672,0.9704,359.5963012352586,1.797981506176293,1.874742413371161,1.9148264326289297,1.2168266119988402
mnist_mlp,scratch,1,46341,181,37477,0.003,0.003,543,2.9996763125525994,139008,0.07777358242573354,0.9776439869661855,0.1180424560546875,0.97,363.4385848529637,0.5451578772794455,0.622931459705179,0.663200333334133,1.250879832999999
mnist_mlp,scratch,1,46341,181,37477,0.003,0.001,543,2.9996763125525994,139008,0.077963031317614,0.9776224078030255,0.11639961547851563,0.969,364.71327421814203,0.18235663710907102,0.260319668426685,0.29875625258758665,1.2931203640000604
mnist_mlp,scratch,1,46341,181,37477,0.003,0.0003,543,2.9996763125525994,139008,0.07743410984814002,0.9777518827819857,0.11847853546142578,0.9692,365.0061680190265,0.054750925202853976,0.132185035050994,0.17322946066427974,1.294918018998942
mnist_mlp,scratch,1,46341,181,37477,0.003,0.0001,543,2.9996763125525994,139008,0.0774440161578515,0.9776439869661855,0.11722171325683593,0.9692,365.1301046125591,0.018256505230627953,0.09570052138847945,0.1354782184874639,1.3330254499996954
mnist_mlp,scratch,1,46341,181,37477,0.003,3e-05,543,2.9996763125525994,139008,0.07775498547816095,0.977881357760946,0.11482753753662109,0.9702,365.7025075852871,0.005485537613779306,0.08324052309194026,0.12031307515040039,1.216398996000862
mnist_mlp,scratch,1,46341,181,37477,0.003,1e-05,543,2.9996763125525994,139008,0.0777395768703845,0.9778166202714659,0.11552726135253906,0.9708,365.13034838810563,0.0018256517419405283,0.07956522861232504,0.1173529130944796,1.2601021210011822
mnist_mlp,scratch,1,46341,181,37477,0.003,3e-06,543,2.9996763125525994,139008,0.07748457669352599,0.9778381994346259,0.11554523773193359,0.9702,365.27490612119436,0.0005479123591817915,0.07803248905270778,0.11609315009111539,1.222461655999723
mnist_mlp,scratch,1,46341,181,37477,0.003,1e-06,543,2.9996763125525994,139008,0.07748457669352599,0.9778381994346259,0.11554523773193359,0.9702,365.27490612119436,0.00018263745306059718,0.07766721414658659,0.1157278751849942,1.2544309629993222
mnist_mlp,scratch,1,46341,181,37477,0.003,0.0,543,2.9996763125525994,139008,0.07748457669352599,0.9778381994346259,0.11554523773193359,0.9702,365.27490612119436,0.0,0.07748457669352599,0.11554523773193359,1.1326811850012746
mnist_mlp,scratch,1,46341,128,26506,0.003,0.03,543,2.9996763125525994,139008,0.08865332671881407,0.9749034332448587,0.12106026306152344,0.9666,292.98460637032986,4.394769095554948,4.483422422273762,4.515829358616472,1.0753810910009634
mnist_mlp,scratch,1,46341,128,26506,0.003,0.01,543,2.9996763125525994,139008,0.0884004305893889,0.9749034332448587,0.12024372711181641,0.9656,301.2259996458888,1.506129998229444,1.594530428818833,1.6263737253412605,1.1401843349995033
mnist_mlp,scratch,1,46341,128,26506,0.003,0.003,543,2.9996763125525994,139008,0.08817859780626101,0.9750544873869791,0.1228481460571289,0.9658,304.13538800925016,0.45620308201387527,0.5443816798201363,0.5790512280710042,1.0836344259987527
mnist_mlp,scratch,1,46341,128,26506,0.003,0.001,543,2.9996763125525994,139008,0.08847583418348703,0.9748818540816987,0.12110968933105469,0.9658,304.8369167894125,0.15241845839470625,0.24089429257819328,0.27352814772576095,1.123600584000087
mnist_mlp,scratch,1,46341,128,26506,0.003,0.0003,543,2.9996763125525994,139008,0.08919182259192555,0.9746660624500982,0.12388308410644532,0.9658,305.4293553158641,0.04581440329737961,0.13500622588930516,0.16969748740382493,1.0270027039987326
mnist_mlp,scratch,1,46341,128,26506,0.003,0.0001,543,2.9996763125525994,139008,0.08927399255890817,0.9744286916553376,0.1229852294921875,0.9658,305.7724671512842,0.015288623357564212,0.10456261591647238,0.13827385284975172,1.0510040909994132
mnist_mlp,scratch,2,46341,256,53002,0.003,0.01,543,2.9996763125525994,139008,0.07053983343483337,0.9793703200189897,0.11522771759033203,0.9692,441.4031706303358,2.2070158531516793,2.2775556865865125,2.3222435707420113,1.2234094129998994
mnist_mlp,scratch,2,46341,256,53002,0.003,0.003,543,2.9996763125525994,139008,0.06978072967005755,0.9791761075505492,0.11193487854003906,0.9694,446.1062241829932,0.6691593362744898,0.7389400659445473,0.7810942148145288,1.2573367299992242
mnist_mlp,scratch,2,46341,181,37477,0.003,0.03,543,2.9996763125525994,139008,0.07877388542963734,0.9763276580134223,0.12633614807128907,0.9684,349.4041032269597,5.241061548404395,5.319835433834032,5.367397696475684,1.2153487020004832
mnist_mlp,scratch,2,46341,181,37477,0.003,0.01,543,2.9996763125525994,139008,0.07826036450077828,0.9765866079713429,0.12781759185791017,0.9686,360.36611996777356,1.8018305998388677,1.880090964339646,1.9296481916967778,1.2575534459992923
mnist_mlp,scratch,2,46341,181,37477,0.003,0.003,543,2.9996763125525994,139008,0.07876289598001475,0.9763276580134223,0.12690935821533203,0.9688,364.35480019822717,0.5465322002973407,0.6252950962773555,0.6734415585126727,1.3297568670004694
mnist_mlp,scratch,2,46341,181,37477,0.003,0.001,543,2.9996763125525994,139008,0.07954728716807496,0.9763060788502622,0.1270669891357422,0.9678,365.7191391531378,0.1828595695765689,0.26240685674464387,0.3099265587123111,1.2379352540010586
mnist_mlp,scratch,2,46341,181,37477,0.003,0.0003,543,2.9996763125525994,139008,0.07800366132965915,0.9765218704818627,0.1266247314453125,0.9686,365.7942370120436,0.05486913555180654,0.1328727968814657,0.18149386699711903,1.226633762998972
mnist_mlp,scratch,2,46341,181,37477,0.003,0.0001,543,2.9996763125525994,139008,0.07826212412980549,0.9765218704818627,0.12635641021728516,0.9688,366.1694119758904,0.01830847059879452,0.09657059472860001,0.1446648808160797,1.3019309340015752
mnist_mlp,scratch,2,46341,181,37477,0.003,3e-05,543,2.9996763125525994,139008,0.07917515312302331,0.9761766038713019,0.12720723266601563,0.9684,366.04716405645013,0.005490707460846752,0.08466586058387006,0.1326979401268624,1.2426554339999711
mnist_mlp,scratch,2,46341,181,37477,0.003,1e-05,543,2.9996763125525994,139008,0.07752874884802251,0.9765218704818627,0.1265602554321289,0.9686,366.1364973336458,0.0018306824866682293,0.07935943133469074,0.12839093791879713,1.1819140000006882
mnist_mlp,scratch,2,46341,181,37477,0.003,3e-06,543,2.9996763125525994,139008,0.07829467743144486,0.9764139746660625,0.12743940124511718,0.9686,366.02444737032056,0.0005490366710554809,0.07884371410250034,0.12798843791617268,1.1608128679999936
mnist_mlp,scratch,2,46341,181,37477,0.003,1e-06,543,2.9996763125525994,139008,0.07829467743144486,0.9764139746660625,0.12743940124511718,0.9686,366.02444737032056,0.00018301222368516027,0.07847768965513002,0.12762241346880235,1.1891192589991988
mnist_mlp,scratch,2,46341,181,37477,0.003,0.0,543,2.9996763125525994,139008,0.07829467743144486,0.9764139746660625,0.12743940124511718,0.9686,366.02444737032056,0.0,0.07829467743144486,0.12743940124511718,1.1776161320012761
mnist_mlp,scratch,2,46341,256,53002,0.003,0.03,543,2.9996763125525994,139008,0.07119196087558635,0.9788524201031484,0.11171631469726563,0.9688,426.84699233807623,6.402704885071143,6.473896845946729,6.514421199768409,1.2315964819990768
mnist_mlp,scratch,0,46341,45,9325,0.003,3e-05,543,2.9996763125525994,139008,0.13041212333349433,0.9604885522539436,0.15482333068847656,0.958,178.1835746988654,0.0026727536204829813,0.1330848769539773,0.15749608430895953,0.8693004169999767
mnist_mlp,scratch,0,46341,45,9325,0.003,1e-05,543,2.9996763125525994,139008,0.13041165477958233,0.9604885522539436,0.15482362060546875,0.958,178.18576990813017,0.000890928849540651,0.13130258362912298,0.1557145494550094,0.8852421709998453
mnist_mlp,scratch,0,46341,45,9325,0.003,3e-06,543,2.9996763125525994,139008,0.13045898498086028,0.9604885522539436,0.15494766845703126,0.9582,178.1988278850913,0.000267298241827637,0.13072628322268792,0.1552149666988589,0.8508115550012008
mnist_mlp,scratch,0,46341,45,9325,0.003,1e-06,543,2.9996763125525994,139008,0.13045898498086028,0.9604885522539436,0.15494766845703126,0.9582,178.1988278850913,8.909941394254565e-05,0.13054808439480284,0.1550367678709738,0.933382879000419
mnist_mlp,scratch,0,46341,45,9325,0.003,0.0,543,2.9996763125525994,139008,0.13045898498086028,0.9604885522539436,0.15494766845703126,0.9582,178.1988278850913,0.0,0.13045898498086028,0.15494766845703126,0.8841580810003506
mnist_mlp,scratch,0,46341,32,6634,0.003,0.03,543,2.9996763125525994,139008,0.14777849620954833,0.9560216654798127,0.1615596954345703,0.9516,149.24983324110508,2.238747498616576,2.3865259948261244,2.4003071940511465,0.8521025760001066
mnist_mlp,scratch,0,46341,32,6634,0.003,0.01,543,2.9996763125525994,139008,0.1469236260179085,0.9561079821324528,0.161312109375,0.9514,152.37762777507305,0.7618881388753653,0.9088117648932739,0.9232002482503654,0.8129866830004175
mnist_mlp,scratch,0,46341,32,6634,0.003,0.003,543,2.9996763125525994,139008,0.14686759085544185,0.956151140458773,0.16159938049316405,0.9518,153.49759757518768,0.23024639636278152,0.37711398721822337,0.39184577685594557,0.8866374660010479
mnist_mlp,scratch,0,46341,32,6634,0.003,0.001,543,2.9996763125525994,139008,0.1467122637518907,0.9560864029692928,0.16153775329589845,0.9516,153.93322478234768,0.07696661239117385,0.22367887614306453,0.23850436568707228,0.8936692240004049
mnist_mlp,scratch,0,46341,32,6634,0.003,0.0003,543,2.9996763125525994,139008,0.1466474050903518,0.9562158779482531,0.16150320129394533,0.9524,153.96829779446125,0.023095244669169186,0.16974264975952097,0.1845984459631145,0.8336181730010139
mnist_mlp,scratch,0,46341,32,6634,0.003,0.0001,543,2.9996763125525994,139008,0.14671668027586937,0.9559353488271725,0.16176272277832032,0.9518,153.95467944443226,0.007697733972221613,0.154414414248091,0.16946045675054194,0.8280449289995886
mnist_mlp,scratch,0,46341,32,6634,0.003,3e-05,543,2.9996763125525994,139008,0.1467003118405079,0.9560648238061328,0.16163590698242186,0.9522,153.91326481103897,0.0023086989721655847,0.1490090108126735,0.16394460595458746,0.8648643449996598
mnist_mlp,scratch,0,46341,32,6634,0.003,1e-05,543,2.9996763125525994,139008,0.1466968146436707,0.9563021946008934,0.16159827880859376,0.9516,154.21559800207615,0.0007710779900103809,0.1474678926336811,0.16236935679860415,0.8606788490014878
mnist_mlp,scratch,2,50000,256,53002,0.003,0.0001,586,3.00032,150016,0.07345383979797364,0.9786,0.10971439819335937,0.97,479.1357721667737,0.023956788608338685,0.09741062840631232,0.13367118680169807,1.510554640999544
mnist_mlp,scratch,2,50000,256,53002,0.003,0.0003,586,3.00032,150016,0.07171685501098633,0.9788,0.10693730773925782,0.9696,477.1233514081687,0.07156850271122529,0.14328535772221163,0.1785058104504831,1.3505068960002973
mnist_mlp,scratch,2,50000,256,53002,0.003,0.001,586,3.00032,150016,0.0737505281829834,0.97862,0.10836147155761719,0.9692,477.422387002036,0.238711193501018,0.3124617216840014,0.3470726650586352,1.3354433069998777
mnist_mlp,scratch,2,50000,32,6634,0.003,0.0,586,3.00032,150016,0.14687185256958007,0.95602,0.1617242919921875,0.9556,167.18504051864147,0.0,0.14687185256958007,0.1617242919921875,0.8497194869996747
mnist_mlp,scratch,2,50000,32,6634,0.003,1e-06,586,3.00032,150016,0.14687185256958007,0.95602,0.1617242919921875,0.9556,167.18504051864147,8.359252025932073e-05,0.1469554450898394,0.16180788451244682,1.0566380340005708
mnist_mlp,scratch,2,50000,64,13258,0.003,0.01,586,3.00032,150016,0.10472227355957031,0.96912,0.1268666290283203,0.9662,215.21502169966698,1.0760751084983349,1.1807973820579052,1.2029417375266551,0.9783113630001026
mnist_mlp,scratch,2,50000,64,13258,0.003,0.03,586,3.00032,150016,0.10495835235595703,0.9686,0.12386111297607422,0.9666,209.59684959053993,3.1439527438580988,3.248911096214056,3.267813856834173,0.939386738000394
mnist_mlp,scratch,2,50000,91,18847,0.003,0.0,586,3.00032,150016,0.0960103596496582,0.97194,0.13870086822509767,0.9636,265.73709686100483,0.0,0.0960103596496582,0.13870086822509767,1.0328202990003774
mnist_mlp,scratch,2,50000,64,13258,0.003,0.001,586,3.00032,150016,0.10403751693725585,0.96864,0.12401920776367187,0.9672,217.61182098835707,0.10880591049417854,0.2128434274314344,0.2328251182578504,0.974713953999526
mnist_mlp,scratch,2,50000,64,13258,0.003,0.003,586,3.00032,150016,0.10418493881225586,0.96896,0.12449080963134766,0.967,216.927989192307,0.3253919837884605,0.4295769226007164,0.4498827934198082,0.9822570160013129
mnist_mlp,scratch,2,50000,64,13258,0.003,3e-05,586,3.00032,150016,0.10413612655639648,0.96894,0.12497996215820313,0.967,218.15741988271475,0.0032723612982407213,0.1074084878546372,0.12825232345644386,1.0170176660012658
mnist_mlp,scratch,2,50000,91,18847,0.003,3e-06,586,3.00032,150016,0.0960103596496582,0.97194,0.13870086822509767,0.9636,265.73709686100483,0.00039860564529150725,0.09640896529494972,0.13909947387038918,1.0401297839998733
mnist_mlp,scratch,2,50000,91,18847,0.003,1e-05,586,3.00032,150016,0.09641749374389648,0.97214,0.14045367889404298,0.9638,265.6161670386791,0.0013280808351933957,0.09774557457908988,0.14178175972923637,1.1826820489986858
mnist_mlp,scratch,2,50000,64,13258,0.003,0.0001,586,3.00032,150016,0.10374864379882813,0.96936,0.12506466064453126,0.9668,217.97120981663465,0.010898560490831733,0.11464720428965987,0.135963221135363,0.9576110969992442
mnist_mlp,scratch,2,50000,64,13258,0.003,0.0003,586,3.00032,150016,0.10375172348022461,0.9691,0.1250280059814453,0.967,217.98824973404408,0.03269823746010661,0.13644996094033124,0.15772624344155192,0.947690920000241
mnist_mlp,scratch,1,50000,32,6634,0.003,0.0,586,3.00032,150016,0.15116044036865234,0.95556,0.1624928924560547,0.9532,159.00322884321213,0.0,0.15116044036865234,0.1624928924560547,0.9101050499994017
mnist_mlp,scratch,1,50000,32,6634,0.003,1e-06,586,3.00032,150016,0.15116044036865234,0.95556,0.1624928924560547,0.9532,159.00322884321213,7.950161442160606e-05,0.15123994198307394,0.1625723940704763,0.8956816650006658
mnist_mlp,scratch,1,50000,32,6634,0.003,3e-06,586,3.00032,150016,0.15116044036865234,0.95556,0.1624928924560547,0.9532,159.00322884321213,0.0002385048432648182,0.15139894521191716,0.1627313972993195,0.9529689680002775
mnist_mlp,scratch,1,50000,32,6634,0.003,1e-05,586,3.00032,150016,0.15110934341430665,0.95562,0.16223170471191406,0.9532,159.0712686777115,0.0007953563433885575,0.15190469975769522,0.16302706105530262,0.9746761179994792
mnist_mlp,scratch,1,50000,32,6634,0.003,3e-05,586,3.00032,150016,0.15110975479125976,0.95562,0.16223184814453126,0.9532,159.06948153674603,0.0023860422230511905,0.15349579701431096,0.16461789036758245,0.8674289940008748
mnist_mlp,scratch,1,50000,32,6634,0.003,0.0001,586,3.00032,150016,0.1510476318359375,0.95548,0.1623635284423828,0.9534,159.08907160162926,0.007954453580081464,0.15900208541601896,0.17031798202246426,0.8784079179986293
mnist_mlp,scratch,1,50000,32,6634,0.003,0.0003,586,3.00032,150016,0.15093091400146486,0.9555,0.16250819396972657,0.9532,159.18355821073055,0.02387753373160958,0.17480844773307444,0.18638572770133616,0.8793185289996472
mnist_mlp,scratch,1,50000,32,6634,0.003,0.001,586,3.00032,150016,0.1510722462463379,0.9555,0.16208592224121093,0.953,158.96266578137875,0.07948133289068937,0.23055357913702726,0.2415672551319003,0.9225951810003608
mnist_mlp,scratch,1,50000,32,6634,0.003,0.003,586,3.00032,150016,0.1509689451599121,0.95558,0.16283202209472655,0.9538,158.56607353687286,0.2378491103053093,0.3888180554652214,0.4006811324000359,0.9382927680017019
mnist_mlp,scratch,1,50000,32,6634,0.003,0.01,586,3.00032,150016,0.1513109883117676,0.9554,0.16287386779785157,0.9534,157.30280955135822,0.7865140477567911,0.9378250360685587,0.9493879155546427,0.9701646939993225
mnist_mlp,scratch,1,50000,32,6634,0.003,0.03,586,3.00032,150016,0.15208040237426756,0.95528,0.1626987823486328,0.9532,153.69162610173225,2.3053743915259837,2.457454793900251,2.4680731738746164,0.9456337160008843
mnist_mlp,scratch,1,50000,45,9325,0.003,0.0,586,3.00032,150016,0.12413574325561523,0.9636,0.13399452209472656,0.9594,182.06020046770573,0.0,0.12413574325561523,0.13399452209472656,0.9228219569995417
mnist_mlp,scratch,2,50000,91,18847,0.003,3e-05,586,3.00032,150016,0.09611715728759766,0.97206,0.13878106536865234,0.964,265.83034624159336,0.003987455193623901,0.10010461248122156,0.14276852056227624,1.0358149349995074
mnist_mlp,scratch,2,50000,91,18847,0.003,0.0001,586,3.00032,150016,0.0963882260131836,0.9719,0.13753497009277343,0.9638,265.700836583972,0.0132850418291986,0.1096732678423822,0.15082001192197203,1.0560558529996342
mnist_mlp,scratch,2,50000,91,18847,0.003,1e-06,586,3.00032,150016,0.0960103596496582,0.97194,0.13870086822509767,0.9636,265.73709686100483,0.00013286854843050242,0.09614322819808871,0.13883373677352817,1.0793324040005245
mnist_mlp,scratch,2,50000,64,13258,0.003,1e-06,586,3.00032,150016,0.10392649795532227,0.96896,0.12524483947753906,0.9666,217.91436798870564,0.00010895718399435281,0.10403545513931663,0.1253537966615334,0.9851849960014079
mnist_mlp,scratch,2,50000,64,13258,0.003,3e-06,586,3.00032,150016,0.10392649795532227,0.96896,0.12524483947753906,0.9666,217.91436798870564,0.00032687155198305844,0.10425336950730534,0.1255717110295221,0.9567008979993261
mnist_mlp,scratch,2,50000,64,13258,0.003,1e-05,586,3.00032,150016,0.10413403411865234,0.969,0.12474207611083984,0.9678,218.24098274111748,0.0010912049137055875,0.10522523903235792,0.12583328102454544,0.957335693999994
mnist_mlp,scratch,1,50000,45,9325,0.003,1e-06,586,3.00032,150016,0.12413574325561523,0.9636,0.13399452209472656,0.9594,182.06020046770573,9.103010023385286e-05,0.12422677335584908,0.1340855521949604,0.982836564999161
mnist_mlp,scratch,1,50000,45,9325,0.003,3e-06,586,3.00032,150016,0.12413574325561523,0.9636,0.13399452209472656,0.9594,182.06020046770573,0.00027309030070155857,0.1244088335563168,0.13426761239542812,0.9755051450010797
mnist_mlp,scratch,1,50000,45,9325,0.003,1e-05,586,3.00032,150016,0.12417904312133789,0.9634,0.13401124725341798,0.9594,182.07381854951382,0.0009103690927475691,0.12508941221408545,0.13492161634616556,0.9093266500003665
mnist_mlp,scratch,1,50000,45,9325,0.003,3e-05,586,3.00032,150016,0.12418221008300781,0.96348,0.13405728912353515,0.9592,182.05035553127527,0.0027307553329691293,0.12691296541597694,0.13678804445650428,0.9849915860013425
mnist_mlp,scratch,1,50000,45,9325,0.003,0.0001,586,3.00032,150016,0.12427418380737305,0.96332,0.13441958770751952,0.9594,182.23502195626497,0.009111751097813248,0.1333859349051863,0.14353133880533278,1.0641498029999639
mnist_mlp,scratch,1,50000,45,9325,0.003,0.0003,586,3.00032,150016,0.12414157043457032,0.96332,0.1341052520751953,0.9586,182.20962781459093,0.027331444172188638,0.15147301460675897,0.16143669624738394,1.0349119849997805
mnist_mlp,scratch,1,50000,45,9325,0.003,0.001,586,3.00032,150016,0.12414642715454102,0.96344,0.13440818634033203,0.9586,182.12549021095037,0.09106274510547518,0.2152091722600162,0.2254709314458072,1.1173108379989571
mnist_mlp,scratch,1,50000,45,9325,0.003,0.003,586,3.00032,150016,0.124307451171875,0.96362,0.13392621307373048,0.9588,181.5774261057377,0.2723661391586065,0.39667359033048155,0.406292352232337,1.082205566999619
mnist_mlp,scratch,1,50000,45,9325,0.003,0.01,586,3.00032,150016,0.12446038818359376,0.9634,0.13441018981933595,0.9588,179.8380032926798,0.8991900164633989,1.0236504046469928,1.0336002062827347,1.3703719509994698
mnist_mlp,scratch,1,50000,45,9325,0.003,0.03,586,3.00032,150016,0.12544780395507812,0.96326,0.13502490692138672,0.958,175.6416371241212,2.6346245568618176,2.7600723608168956,2.7696494637832045,1.0077046679998602
mnist_mlp,scratch,1,50000,64,13258,0.003,0.0,586,3.00032,150016,0.1049240934753418,0.96932,0.12900277099609375,0.963,220.6089643985033,0.0,0.1049240934753418,0.12900277099609375,1.0064799729989318
mnist_mlp,scratch,1,50000,64,13258,0.003,1e-06,586,3.00032,150016,0.1049240934753418,0.96932,0.12900277099609375,0.963,220.6089643985033,0.00011030448219925164,0.10503439795754106,0.129113075478293,1.1783338279983582
mnist_mlp,scratch,1,50000,64,13258,0.003,3e-06,586,3.00032,150016,0.1049240934753418,0.96932,0.12900277099609375,0.963,220.6089643985033,0.000330913446597755,0.10525500692193956,0.1293336844426915,1.0063849189991743
mnist_mlp,scratch,2,50000,91,18847,0.003,0.0003,586,3.00032,150016,0.0959289013671875,0.97186,0.13702185974121095,0.9634,265.5255411565304,0.03982883117347955,0.13575773254066706,0.1768506909146905,1.0821626460001426
mnist_mlp,scratch,2,50000,91,18847,0.003,0.001,586,3.00032,150016,0.09647259689331054,0.97196,0.1368467544555664,0.964,265.27047196030617,0.1326352359801531,0.22910783287346365,0.2694819904357195,1.1193606239994551
mnist_mlp,scratch,2,50000,91,18847,0.003,0.003,586,3.00032,150016,0.09652003860473633,0.97176,0.13877449035644532,0.9638,264.90937577188015,0.39736406365782023,0.4938841022625566,0.5361385540142656,1.0349559820006107
mnist_mlp,scratch,2,50000,91,18847,0.003,0.03,586,3.00032,150016,0.09733368087768554,0.97202,0.13798919830322265,0.9642,254.38158717751503,3.8157238076627253,3.913057488540411,3.953713005965948,1.1109281619992544
mnist_mlp,scratch,2,50000,128,26506,0.003,0.0,586,3.00032,150016,0.08226632598876953,0.97608,0.11353380584716796,0.9692,313.6365789473057,0.0,0.08226632598876953,0.11353380584716796,1.0690932859997702
mnist_mlp,scratch,0,50000,256,53002,0.003,0.0003,586,3.00032,150016,0.07596839874267577,0.97864,0.1485387924194336,0.9716,472.0348281636834,0.0708052242245525,0.1467736229672283,0.21934401664398612,1.2595168859988917
mnist_mlp,scratch,0,50000,256,53002,0.003,0.001,586,3.00032,150016,0.07676150680541992,0.97808,0.1488857177734375,0.9706,471.822242885828,0.235911121442914,0.3126726282483339,0.38479683921635155,1.201808052999695
mnist_mlp,scratch,0,50000,256,53002,0.003,0.003,586,3.00032,150016,0.07680182540893554,0.97822,0.14468699951171876,0.9698,469.56923097744584,0.7043538464661688,0.7811556718751044,0.8490408459778875,1.284450786999514
mnist_mlp,scratch,0,50000,256,53002,0.003,0.01,586,3.00032,150016,0.07619460327148438,0.97816,0.14732080841064454,0.97,465.14618825912476,2.3257309412956237,2.401925544567108,2.4730517497062685,1.2375276329985354
mnist_mlp,scratch,0,50000,256,53002,0.003,0.03,586,3.00032,150016,0.07750123947143554,0.978,0.151595166015625,0.968,449.28732220083475,6.739309833012521,6.816811072483956,6.8909049990281455,1.2640681510001741
mnist_mlp,scratch,2,50000,128,26506,0.003,1e-06,586,3.00032,150016,0.08226632598876953,0.97608,0.11353380584716796,0.9692,313.6365789473057,0.00015681828947365284,0.08242314427824318,0.11369062413664162,1.1195109010004671
mnist_mlp,scratch,2,50000,128,26506,0.003,3e-06,586,3.00032,150016,0.08226632598876953,0.97608,0.11353380584716796,0.9692,313.6365789473057,0.00047045486842095855,0.08273678085719048,0.11400426071558892,1.1113617379996867
mnist_mlp,scratch,0,50000,181,37477,0.003,3e-05,586,3.00032,150016,0.07952161415100098,0.97666,0.11495560455322265,0.9708,379.54125383496284,0.005693118807524443,0.08521473295852543,0.1206487233607471,1.2279352149998886
mnist_mlp,scratch,0,50000,181,37477,0.003,0.0001,586,3.00032,150016,0.07947674613952636,0.97656,0.11619525451660156,0.9708,378.97242473065853,0.018948621236532927,0.0984253673760593,0.1351438757531345,1.148433214999386
mnist_mlp,scratch,0,50000,181,37477,0.003,0.0003,586,3.00032,150016,0.07931575767517089,0.97656,0.11536786804199219,0.9706,379.44012174010277,0.05691601826101541,0.1362317759361863,0.1722838863030076,1.1505124930008606
mnist_mlp,scratch,0,50000,181,37477,0.003,0.001,586,3.00032,150016,0.07929577499389648,0.97662,0.11581338043212891,0.971,378.6492916420102,0.1893246458210051,0.26862042081490156,0.305138026253134,1.1372694839992619
mnist_mlp,scratch,0,50000,181,37477,0.003,0.003,586,3.00032,150016,0.07939092788696289,0.97678,0.11688334655761719,0.97,377.2736495286226,0.565910474292934,0.6453014021798968,0.6827938208505512,1.209964810999736
mnist_mlp,scratch,0,50000,181,37477,0.003,0.01,586,3.00032,150016,0.07971397712707519,0.97662,0.11573790893554688,0.9704,373.1387112736702,1.865693556368351,1.9454075334954262,1.9814314653038978,1.2557305570007884
mnist_mlp,scratch,0,50000,181,37477,0.003,0.03,586,3.00032,150016,0.08101557723999024,0.97608,0.11563995513916016,0.9704,361.2581968680024,5.418872953020036,5.4998885302600256,5.534512908159196,1.1424578199985262
mnist_mlp,scratch,0,50000,256,53002,0.003,0.0,586,3.00032,150016,0.07718048355102539,0.97816,0.1521467514038086,0.9704,472.48385832831264,0.0,0.07718048355102539,0.1521467514038086,1.2114191869986826
mnist_mlp,scratch,0,50000,256,53002,0.003,1e-06,586,3.00032,150016,0.07718048355102539,0.97816,0.1521467514038086,0.9704,472.48385832831264,0.0002362419291641563,0.07741672548018955,0.15238299333297275,1.2462478359993838
mnist_mlp,scratch,0,50000,256,53002,0.003,3e-06,586,3.00032,150016,0.07718048355102539,0.97816,0.1521467514038086,0.9704,472.48385832831264,0.000708725787492469,0.07788920933851785,0.15285547719130108,1.222368644999733
mnist_mlp,scratch,0,50000,256,53002,0.003,1e-05,586,3.00032,150016,0.07662796600341797,0.97832,0.1501581985473633,0.9702,472.72847332432866,0.0023636423666216436,0.07899160837003961,0.15252184091398494,1.234197817999302
mnist_mlp,scratch,0,50000,256,53002,0.003,3e-05,586,3.00032,150016,0.07705189971923829,0.9782,0.15262124481201172,0.9706,472.5072620883584,0.007087608931325377,0.08413950865056366,0.1597088537433371,1.2100528589999158
mnist_mlp,scratch,0,50000,256,53002,0.003,0.0001,586,3.00032,150016,0.0773015576171875,0.97788,0.14216883239746095,0.97,472.25001188740134,0.02361250059437007,0.10091405821155758,0.165781332991831,1.2324755589997949
mnist_mlp,scratch,2,50000,91,18847,0.003,0.01,586,3.00032,150016,0.09678602142333985,0.97186,0.13775147705078125,0.9634,261.98695780336857,1.309934789016843,1.4067208104401827,1.4476862660676242,1.0615501259999292
mnist_mlp,scratch,2,50000,128,26506,0.003,1e-05,586,3.00032,150016,0.08238034301757813,0.97604,0.11199192810058593,0.9706,313.77040912956,0.0015688520456478001,0.08394919506322593,0.11356078014623373,1.1010787929990329
mnist_mlp,scratch,2,50000,128,26506,0.003,3e-05,586,3.00032,150016,0.08254697067260743,0.97598,0.11245292205810548,0.9704,313.7782839089632,0.004706674258634448,0.08725364493124188,0.11715959631673992,1.1085305730011896
mnist_mlp,scratch,2,50000,128,26506,0.003,0.0001,586,3.00032,150016,0.0823214663696289,0.9761,0.11264240112304688,0.97,314.09650836884975,0.015704825418442488,0.0980262917880714,0.12834722654148936,1.1166381139992154
mnist_mlp,scratch,0,50000,128,26506,0.003,3e-06,586,3.00032,150016,0.08228839225769043,0.97526,0.11966963958740234,0.9694,314.3435276225209,0.0004715152914337814,0.08275990754912421,0.12014115487883613,1.0622568929993577
mnist_mlp,scratch,0,50000,128,26506,0.003,1e-05,586,3.00032,150016,0.08216695365905761,0.9753,0.1200568862915039,0.969,314.1230751797557,0.0015706153758987785,0.0837375690349564,0.12162750166740269,1.0590090670011705
mnist_mlp,scratch,0,50000,128,26506,0.003,3e-05,586,3.00032,150016,0.08215750198364258,0.9754,0.11981972961425781,0.9694,314.14739429950714,0.004712210914492607,0.08686971289813518,0.12453194052875041,1.0272244089992455
mnist_mlp,scratch,0,50000,128,26506,0.003,0.0001,586,3.00032,150016,0.08199721839904785,0.97538,0.11930272216796875,0.97,314.0225386098027,0.015701126930490136,0.09769834532953799,0.1350038490984589,1.0549851289997605
mnist_mlp,scratch,0,50000,128,26506,0.003,0.0003,586,3.00032,150016,0.0817835733795166,0.97566,0.11836169891357422,0.9692,313.9694027900696,0.04709541041851043,0.12887898379802704,0.16545710933208466,1.063172444999509
mnist_mlp,scratch,0,50000,128,26506,0.003,0.001,586,3.00032,150016,0.08143697082519531,0.9756,0.11366121215820313,0.9702,313.0663464665413,0.15653317323327065,0.23797014405846595,0.2701943853914738,1.1142322599989711
mnist_mlp,scratch,0,50000,128,26506,0.003,0.003,586,3.00032,150016,0.08154189750671387,0.97564,0.11515787353515625,0.969,312.0041397437453,0.468006209615618,0.5495481071223318,0.5831640831507743,1.05538426000021
mnist_mlp,scratch,0,50000,128,26506,0.003,0.01,586,3.00032,150016,0.08226140945434571,0.97534,0.11780424346923828,0.9682,308.90264035761356,1.5445132017880678,1.6267746112424135,1.6623174452573062,1.063594847000786
mnist_mlp,scratch,0,50000,128,26506,0.003,0.03,586,3.00032,150016,0.0830431064605713,0.97516,0.11813134460449219,0.9696,300.0297090187669,4.500445635281503,4.583488741742074,4.6185769798859955,1.058328896000603
mnist_mlp,scratch,0,50000,181,37477,0.003,0.0,586,3.00032,150016,0.07985025413513183,0.9766,0.11556429748535156,0.9712,379.2204097658396,0.0,0.07985025413513183,0.11556429748535156,1.1414381039994623
mnist_mlp,scratch,0,50000,181,37477,0.003,1e-06,586,3.00032,150016,0.07985025413513183,0.9766,0.11556429748535156,0.9712,379.2204097658396,0.0001896102048829198,0.08003986434001475,0.11575390769023448,1.1420164160008426
mnist_mlp,scratch,0,50000,181,37477,0.003,3e-06,586,3.00032,150016,0.07985025413513183,0.9766,0.11556429748535156,0.9712,379.2204097658396,0.0005688306146487594,0.08041908474978059,0.11613312810000032,1.1672811540011025
mnist_mlp,scratch,0,50000,181,37477,0.003,1e-05,586,3.00032,150016,0.07918516731262207,0.97694,0.11435035858154297,0.971,379.44823494553566,0.0018972411747276785,0.08108240848734975,0.11624759975627065,1.2513445700005832
mnist_mlp,scratch,2,50000,128,26506,0.003,0.001,586,3.00032,150016,0.0831097282409668,0.97598,0.11100847625732421,0.971,313.673176959157,0.1568365884795785,0.23994631672054528,0.2678450647369027,1.1102158409994445
mnist_mlp,scratch,2,50000,128,26506,0.003,0.003,586,3.00032,150016,0.08290746307373047,0.9761,0.1140661605834961,0.9696,312.17555679380894,0.4682633351907134,0.5511707982644438,0.5823294957742094,1.1413258699994913
mnist_mlp,scratch,0,50000,64,13258,0.003,0.03,586,3.00032,150016,0.11010219696044922,0.96784,0.12756982879638673,0.9628,203.40595315396786,3.0510892973095176,3.161191494269967,3.1786591261059045,0.9532458379999298
mnist_mlp,scratch,0,50000,91,18847,0.003,0.0,586,3.00032,150016,0.09499657981872558,0.97234,0.12453312072753907,0.9646,264.9919673874974,0.0,0.09499657981872558,0.12453312072753907,0.9486885229998734
mnist_mlp,scratch,0,50000,91,18847,0.003,1e-06,586,3.00032,150016,0.09499657981872558,0.97234,0.12453312072753907,0.9646,264.9919673874974,0.00013249598369374872,0.09512907580241933,0.12466561671123282,1.0011512540004333
mnist_mlp,scratch,0,50000,91,18847,0.003,3e-06,586,3.00032,150016,0.09499657981872558,0.97234,0.12453312072753907,0.9646,264.9919673874974,0.0003974879510812462,0.09539406776980683,0.12493060867862031,1.0181953419996717
mnist_mlp,scratch,0,50000,91,18847,0.003,1e-05,586,3.00032,150016,0.09451571495056152,0.97274,0.12409686126708984,0.9648,265.022368632257,0.001325111843161285,0.0958408267937228,0.12542197311025113,1.034924907999084
mnist_mlp,scratch,0,50000,91,18847,0.003,3e-05,586,3.00032,150016,0.09477764488220215,0.97224,0.12458619232177734,0.9642,264.74814223498106,0.003971222133524716,0.09874886701572687,0.12855741445530205,1.0582673580011033
mnist_mlp,scratch,0,50000,91,18847,0.003,0.0001,586,3.00032,150016,0.09499912017822265,0.97226,0.12443566284179687,0.964,264.8820336610079,0.013244101683050395,0.10824322186127305,0.13767976452484726,1.0498064910007088
mnist_mlp,scratch,0,50000,91,18847,0.003,0.0003,586,3.00032,150016,0.09489359245300293,0.97238,0.12386136932373047,0.9648,264.9480443969369,0.03974220665954053,0.13463579911254345,0.163603575983271,1.0378790030008531
mnist_mlp,scratch,0,50000,91,18847,0.003,0.001,586,3.00032,150016,0.09479791984558106,0.9726,0.1242675048828125,0.9644,264.4368087500334,0.1322184043750167,0.22701632422059775,0.2564859092578292,1.090053343999898
mnist_mlp,scratch,0,50000,91,18847,0.003,0.003,586,3.00032,150016,0.09460342208862305,0.9724,0.12443842010498046,0.9644,263.8313083052635,0.3957469624578953,0.49035038454651836,0.5201853825628757,1.024224728000263
mnist_mlp,scratch,0,50000,91,18847,0.003,0.01,586,3.00032,150016,0.0939375129699707,0.97246,0.12362371673583984,0.9648,261.2967659831047,1.3064838299155235,1.4004213428854941,1.4301075466513633,1.0046691240004293
mnist_mlp,scratch,0,50000,91,18847,0.003,0.03,586,3.00032,150016,0.09485891212463379,0.97226,0.12275057830810547,0.9644,254.11874954402447,3.811781243160367,3.9066401552850007,3.934531821468472,0.9930625110009714
mnist_mlp,scratch,0,50000,128,26506,0.003,0.0,586,3.00032,150016,0.08228839225769043,0.97526,0.11966963958740234,0.9694,314.3435276225209,0.0,0.08228839225769043,0.11966963958740234,1.021978446000503
mnist_mlp,scratch,0,50000,128,26506,0.003,1e-06,586,3.00032,150016,0.08228839225769043,0.97526,0.11966963958740234,0.9694,314.3435276225209,0.00015717176381126045,0.08244556402150169,0.1198268113512136,1.081842809000591
mnist_mlp,scratch,2,50000,128,26506,0.003,0.01,586,3.00032,150016,0.08265117095947265,0.97614,0.11212344818115234,0.97,308.97073036432266,1.5448536518216134,1.627504822781086,1.6569771000027658,1.1169713679992128
mnist_mlp,scratch,2,50000,128,26506,0.003,0.03,586,3.00032,150016,0.08395998382568359,0.9756,0.11447755126953126,0.9702,299.897618830204,4.49846428245306,4.5824242662787436,4.612941833722592,1.0877099159988575
mnist_mlp,scratch,0,50000,45,9325,0.003,0.003,586,3.00032,150016,0.12566054000854493,0.96312,0.1471518981933594,0.96,184.94371839612722,0.27741557759419083,0.40307611760273576,0.4245674757875502,0.9129933770000207
mnist_mlp,scratch,0,50000,45,9325,0.003,0.01,586,3.00032,150016,0.12577594512939452,0.96308,0.14750086669921875,0.9594,183.3321153447032,0.916660576723516,1.0424365218529106,1.0641614434227347,0.9728828350016556
mnist_mlp,scratch,0,50000,45,9325,0.003,0.03,586,3.00032,150016,0.12658934783935546,0.96292,0.1475213653564453,0.9594,178.67483031004667,2.6801224546507,2.8067118024900557,2.8276438200071454,0.9696942040009162
mnist_mlp,scratch,0,50000,64,13258,0.003,0.0,586,3.00032,150016,0.10867561279296875,0.96818,0.12679285583496094,0.9638,211.7868016064167,0.0,0.10867561279296875,0.12679285583496094,0.8713275690006412
mnist_mlp,scratch,0,50000,64,13258,0.003,1e-06,586,3.00032,150016,0.10867561279296875,0.96818,0.12679285583496094,0.9638,211.7868016064167,0.00010589340080320834,0.10878150619377196,0.12689874923576416,0.8747923520004406
mnist_mlp,scratch,0,50000,64,13258,0.003,3e-06,586,3.00032,150016,0.10867561279296875,0.96818,0.12679285583496094,0.9638,211.7868016064167,0.00031768020240962507,0.10899329299537838,0.12711053603737058,0.890554093000901
mnist_mlp,scratch,0,50000,64,13258,0.003,1e-05,586,3.00032,150016,0.10861345855712891,0.96832,0.12702069396972657,0.9638,211.84243394434452,0.0010592121697217227,0.10967267072685064,0.12807990613944828,0.908472126999186
mnist_mlp,scratch,0,50000,64,13258,0.003,3e-05,586,3.00032,150016,0.10865964553833007,0.96838,0.12725052032470704,0.964,211.87165597081184,0.003178074839562178,0.11183772037789225,0.13042859516426922,0.892931825001142
mnist_mlp,scratch,0,50000,64,13258,0.003,0.0001,586,3.00032,150016,0.1083922233581543,0.96812,0.12711760864257812,0.964,212.01505897939205,0.010600752948969602,0.1189929763071239,0.1377183615915477,0.9478568659997109
mnist_mlp,scratch,0,50000,64,13258,0.003,0.0003,586,3.00032,150016,0.10876748794555664,0.96812,0.1275224609375,0.9628,212.18804496526718,0.031828206744790075,0.14059569469034672,0.15935066768229006,0.9004104870000447
mnist_mlp,scratch,0,50000,64,13258,0.003,0.001,586,3.00032,150016,0.10852359680175781,0.9684,0.1270163833618164,0.9636,211.870033711195,0.1059350168555975,0.2144586136573553,0.2329514002174139,0.9201491460007674
mnist_mlp,scratch,0,50000,64,13258,0.003,0.003,586,3.00032,150016,0.10880540466308594,0.96808,0.1273343475341797,0.9636,211.0827424004674,0.3166241136007011,0.42542951826378705,0.4439584611348808,1.0059530610014917
mnist_mlp,scratch,0,50000,64,13258,0.003,0.01,586,3.00032,150016,0.108945927734375,0.96808,0.12850498962402343,0.9632,208.96572863310575,1.0448286431655287,1.1537745708999037,1.173333632789552,0.9372389679992921
mnist_mlp,scratch,2,50000,128,26506,0.003,0.0003,586,3.00032,150016,0.08253931121826172,0.97598,0.1130866973876953,0.9706,313.8908430710435,0.047083626460656516,0.12962293767891825,0.16017032384835184,1.0837377910011128
mnist_mlp,scratch,2,50000,181,37477,0.003,0.0,586,3.00032,150016,0.0729333821105957,0.9788,0.1126788833618164,0.9704,376.5598201081157,0.0,0.0729333821105957,0.1126788833618164,1.2074617969992687
mnist_mlp,scratch,2,50000,181,37477,0.003,1e-06,586,3.00032,150016,0.0729333821105957,0.9788,0.1126788833618164,0.9704,376.5598201081157,0.00018827991005405782,0.07312166202064976,0.11286716327187046,1.2525782359989535
mnist_mlp,scratch,2,50000,181,37477,0.003,3e-06,586,3.00032,150016,0.0729333821105957,0.9788,0.1126788833618164,0.9704,376.5598201081157,0.0005648397301621735,0.07349822184075788,0.11324372309197858,1.2306514339998103
mnist_mlp,scratch,0,50000,32,6634,0.003,0.0003,586,3.00032,150016,0.14888973831176758,0.95584,0.16576560974121093,0.951,156.1771047115326,0.023426565706729886,0.17231630401849746,0.1891921754479408,0.8626027330010402
mnist_mlp,scratch,0,50000,32,6634,0.003,0.001,586,3.00032,150016,0.14902324645996093,0.95598,0.16568283081054688,0.9516,156.28613667190075,0.07814306833595037,0.22716631479591132,0.24382589914649727,0.9433307859999331
mnist_mlp,scratch,0,50000,32,6634,0.003,0.003,586,3.00032,150016,0.14902053161621093,0.95594,0.16565816345214843,0.9504,155.68726554512978,0.23353089831769466,0.38255142993390556,0.3991890617698431,0.895722666000438
mnist_mlp,scratch,0,50000,32,6634,0.003,0.01,586,3.00032,150016,0.14915748641967774,0.95576,0.16564475708007811,0.9516,154.258377507329,0.7712918875366449,0.9204493739563226,0.936936644616723,0.8565176669999346
mnist_mlp,scratch,0,50000,32,6634,0.003,0.03,586,3.00032,150016,0.15022135147094726,0.95524,0.16585803527832033,0.9512,151.05766533315182,2.265864979997277,2.4160863314682244,2.4317230152755975,0.8771703319998778
mnist_mlp,scratch,0,50000,45,9325,0.003,0.0,586,3.00032,150016,0.12539424285888673,0.96304,0.14751263732910155,0.9594,185.74781312793493,0.0,0.12539424285888673,0.14751263732910155,0.9132150810000894
mnist_mlp,scratch,0,50000,45,9325,0.003,1e-06,586,3.00032,150016,0.12539424285888673,0.96304,0.14751263732910155,0.9594,185.74781312793493,9.287390656396747e-05,0.12548711676545068,0.1476055112356655,0.9206610339988401
mnist_mlp,scratch,0,50000,45,9325,0.003,3e-06,586,3.00032,150016,0.12539424285888673,0.96304,0.14751263732910155,0.9594,185.74781312793493,0.00027862171969190243,0.12567286457857862,0.14779125904879345,0.8904338690008444
mnist_mlp,scratch,0,50000,45,9325,0.003,1e-05,586,3.00032,150016,0.12544992248535156,0.96306,0.14736070251464845,0.9596,185.70386019349098,0.000928519300967455,0.12637844178631902,0.1482892218156159,0.9423802700002852
mnist_mlp,scratch,0,50000,45,9325,0.003,3e-05,586,3.00032,150016,0.12551697708129883,0.96324,0.14845547485351562,0.9596,185.6445933356881,0.0027846689000353216,0.12830164598133414,0.15124014375355094,0.8878555709998182
mnist_mlp,scratch,0,50000,45,9325,0.003,0.0001,586,3.00032,150016,0.12558250762939452,0.96322,0.14746810913085937,0.9602,185.4895696491003,0.009274478482455016,0.13485698611184954,0.1567425876133144,0.8530305759995827
mnist_mlp,scratch,0,50000,45,9325,0.003,0.0003,586,3.00032,150016,0.12554007934570313,0.96338,0.14765835876464845,0.9596,185.53142477571964,0.027829713716357944,0.15336979306206108,0.1754880724810064,0.8903128960009781
mnist_mlp,scratch,0,50000,45,9325,0.003,0.001,586,3.00032,150016,0.1255357632446289,0.9633,0.14731714477539062,0.9594,185.4471448585391,0.09272357242926955,0.21825933567389844,0.2400407172046602,0.8757299999997485
mnist_mlp,scratch,2,50000,45,9325,0.003,0.03,586,3.00032,150016,0.12248042343139648,0.96448,0.14489723205566407,0.9604,177.08414147794247,2.656262122169137,2.7787425456005335,2.801159354224801,0.9137582189996465
mnist_mlp,scratch,2,50000,64,13258,0.003,0.0,586,3.00032,150016,0.10392649795532227,0.96896,0.12524483947753906,0.9666,217.91436798870564,0.0,0.10392649795532227,0.12524483947753906,0.9160023820004426
mnist_mlp,scratch,1,50000,64,13258,0.003,1e-05,586,3.00032,150016,0.10503668930053711,0.96912,0.12978007202148437,0.9636,220.65012058615685,0.0011032506029307844,0.1061399399034679,0.13088332262441515,0.9866681679995963
mnist_mlp,scratch,1,50000,64,13258,0.003,3e-05,586,3.00032,150016,0.10483073074340821,0.96948,0.12893672790527344,0.9628,220.63340421766043,0.0033095010632649066,0.10814023180667312,0.13224622896853835,0.9970133639999403
mnist_mlp,scratch,1,50000,64,13258,0.003,0.0001,586,3.00032,150016,0.10517795761108398,0.96916,0.12951116943359375,0.9636,220.27821326255798,0.0110139106631279,0.11619186827421188,0.14052508009672166,1.037357515999247
mnist_mlp,scratch,1,50000,64,13258,0.003,0.0003,586,3.00032,150016,0.10504119293212891,0.96926,0.12874645233154297,0.9638,220.4577755406499,0.03306866633109748,0.1381098592632264,0.16181511866264045,1.0235442949997378
mnist_mlp,scratch,1,50000,64,13258,0.003,0.001,586,3.00032,150016,0.10481751510620117,0.96944,0.12986635437011718,0.9632,220.32152715325356,0.11016076357662678,0.21497827868282796,0.24002711794674397,1.0277179690001503
mnist_mlp,scratch,1,50000,64,13258,0.003,0.003,586,3.00032,150016,0.10496224166870118,0.96896,0.1288235870361328,0.963,219.71054977178574,0.3295658246576786,0.43452806632637975,0.4583894116938114,0.994151356000657
mnist_mlp,scratch,1,50000,64,13258,0.003,0.01,586,3.00032,150016,0.10528749816894531,0.96902,0.12862793884277343,0.9638,217.32597367465496,1.086629868373275,1.1919173665422202,1.2152578072160483,1.050382981000439
mnist_mlp,scratch,1,50000,64,13258,0.003,0.03,586,3.00032,150016,0.10665069473266602,0.96876,0.12893479919433593,0.9634,211.6757279485464,3.175135919228196,3.281786613960862,3.3040707184225315,1.0485261239991814
mnist_mlp,scratch,1,50000,91,18847,0.003,0.0,586,3.00032,150016,0.09183326057434082,0.97256,0.12191069641113281,0.9662,263.9359510615468,0.0,0.09183326057434082,0.12191069641113281,1.1200961419999658
mnist_mlp,scratch,1,50000,91,18847,0.003,1e-06,586,3.00032,150016,0.09183326057434082,0.97256,0.12191069641113281,0.9662,263.9359510615468,0.00013196797553077338,0.0919652285498716,0.12204266438666359,1.1222982679992128
mnist_mlp,scratch,1,50000,91,18847,0.003,3e-06,586,3.00032,150016,0.09183326057434082,0.97256,0.12191069641113281,0.9662,263.9359510615468,0.0003959039265923202,0.09222916450093314,0.12230660033772513,1.1005460240012326
mnist_mlp,scratch,1,50000,91,18847,0.003,1e-05,586,3.00032,150016,0.09156700065612793,0.97262,0.12194906463623047,0.9666,263.8783524185419,0.0013193917620927097,0.09288639241822064,0.12326845639832318,1.1521284280006512
mnist_mlp,scratch,1,50000,91,18847,0.003,3e-05,586,3.00032,150016,0.09205515075683594,0.97248,0.12051846923828125,0.9662,263.98445343226194,0.0039597668014839296,0.09601491755831987,0.12447823603976517,1.1412525619998632
mnist_mlp,scratch,2,50000,45,9325,0.003,0.001,586,3.00032,150016,0.12122526321411133,0.96474,0.14615104064941406,0.9596,183.8614961206913,0.09193074806034565,0.213156011274457,0.2380817887097597,0.9636446880012954
mnist_mlp,scratch,2,50000,181,37477,0.003,3e-05,586,3.00032,150016,0.0727523518371582,0.97874,0.11180499114990235,0.9698,377.08251966536045,0.005656237794980407,0.0784085896321386,0.11746122894488276,1.233331518000341
mnist_mlp,scratch,2,50000,181,37477,0.003,0.0001,586,3.00032,150016,0.07225551933288574,0.97894,0.11133360595703125,0.9702,376.67894097045064,0.018833947048522533,0.09108946638140827,0.13016755300555377,1.246525021000707
mnist_mlp,scratch,0,50000,32,6634,0.003,0.0,586,3.00032,150016,0.1488927442932129,0.95574,0.1659370880126953,0.9508,156.2811544984579,0.0,0.1488927442932129,0.1659370880126953,0.8247527310013538
mnist_mlp,scratch,0,50000,32,6634,0.003,1e-06,586,3.00032,150016,0.1488927442932129,0.95574,0.1659370880126953,0.9508,156.2811544984579,7.814057724922895e-05,0.14897088487046212,0.16601522858994452,0.8465066999997362
mnist_mlp,scratch,0,50000,32,6634,0.003,3e-06,586,3.00032,150016,0.1488927442932129,0.95574,0.1659370880126953,0.9508,156.2811544984579,0.00023442173174768687,0.14912716602496057,0.16617150974444297,0.8345761739983573
mnist_mlp,scratch,0,50000,32,6634,0.003,1e-05,586,3.00032,150016,0.14890379425048827,0.95572,0.16595235290527344,0.9506,156.27134512364864,0.0007813567256182433,0.14968515097610652,0.16673370963089168,0.8815345349994459
mnist_mlp,scratch,0,50000,32,6634,0.003,3e-05,586,3.00032,150016,0.14887686904907227,0.9557,0.16585772705078125,0.9514,156.29385368525982,0.0023444078052788976,0.15122127685435116,0.16820213485606014,0.8647386399989045
mnist_mlp,scratch,0,50000,32,6634,0.003,0.0001,586,3.00032,150016,0.14898413040161132,0.95566,0.16584874572753905,0.9512,156.3241183757782,0.007816205918788911,0.15680033632040022,0.17366495164632795,0.8419437779994041
mnist_mlp,scratch,2,50000,45,9325,0.003,0.003,586,3.00032,150016,0.12135611862182617,0.96476,0.14510543518066407,0.9596,183.25621719658375,0.27488432579487565,0.3962404444167018,0.41998976097553975,0.9392149430004793
mnist_mlp,scratch,2,50000,45,9325,0.003,0.01,586,3.00032,150016,0.12177711044311523,0.96474,0.1454546844482422,0.96,181.7180112451315,0.9085900562256575,1.0303671666687726,1.0540447406738997,0.9203017229992838
mnist_mlp,scratch,1,50000,91,18847,0.003,0.0001,586,3.00032,150016,0.09101019973754883,0.97294,0.12024828796386719,0.9672,263.9217044264078,0.01319608522132039,0.10420628495886922,0.1334443731851876,1.0546231270000135
mnist_mlp,scratch,1,50000,91,18847,0.003,0.0003,586,3.00032,150016,0.09187110206604004,0.97274,0.12182091674804688,0.9656,263.6847034394741,0.03955270551592111,0.13142380758196115,0.16137362226396798,1.0883190129989089
mnist_mlp,scratch,1,50000,91,18847,0.003,0.001,586,3.00032,150016,0.09295258331298828,0.97248,0.12214816741943359,0.966,263.18593641370535,0.13159296820685268,0.22454555151984096,0.25374113562628625,1.0389517250005156
mnist_mlp,scratch,1,50000,91,18847,0.003,0.003,586,3.00032,150016,0.0929005918121338,0.97266,0.12165894012451171,0.966,262.6026561334729,0.3939039842002094,0.48680457601234317,0.5155629243247211,1.0561350749994745
mnist_mlp,scratch,1,50000,91,18847,0.003,0.01,586,3.00032,150016,0.09230470748901368,0.97254,0.12117664489746094,0.9658,260.1049822643399,1.3005249113216997,1.3928296188107134,1.4217015562191606,1.118931650000377
mnist_mlp,scratch,1,50000,91,18847,0.003,0.03,586,3.00032,150016,0.09345684722900391,0.97236,0.12178342742919922,0.9656,252.3406526595354,3.785109789893031,3.878566637122035,3.90689321732223,1.2185961459999817
mnist_mlp,scratch,1,50000,128,26506,0.003,0.0,586,3.00032,150016,0.08370737258911133,0.97534,0.1267589889526367,0.9664,315.4086424931884,0.0,0.08370737258911133,0.1267589889526367,1.2308043069988344
mnist_mlp,scratch,1,50000,128,26506,0.003,1e-06,586,3.00032,150016,0.08370737258911133,0.97534,0.1267589889526367,0.9664,315.4086424931884,0.00015770432124659418,0.08386507691035792,0.1269166932738833,1.2669820579994848
mnist_mlp,scratch,1,50000,128,26506,0.003,3e-06,586,3.00032,150016,0.08370737258911133,0.97534,0.1267589889526367,0.9664,315.4086424931884,0.00047311296373978256,0.08418048555285111,0.1272321019163765,1.099068872999851
mnist_mlp,scratch,1,50000,128,26506,0.003,1e-05,586,3.00032,150016,0.08325841430664062,0.97564,0.12625469512939452,0.9664,315.49989815056324,0.0015774994907528164,0.08483591379739344,0.12783219462014733,1.1080265989985492
mnist_mlp,scratch,1,50000,128,26506,0.003,3e-05,586,3.00032,150016,0.08346442573547364,0.97548,0.12657952575683593,0.9662,315.531172811985,0.004732967592179775,0.08819739332765342,0.1313124933490157,1.157953533998807
mnist_mlp,scratch,1,50000,128,26506,0.003,0.0001,586,3.00032,150016,0.08390171188354492,0.97532,0.1267657043457031,0.9658,315.0408281609416,0.01575204140804708,0.099653753291592,0.1425177457537502,1.1066507860014099
mnist_mlp,scratch,1,50000,128,26506,0.003,0.0003,586,3.00032,150016,0.08444621543884277,0.97522,0.12626694030761718,0.9668,315.1076964586973,0.0472661544688046,0.13171236990764737,0.17353309477642176,1.1407941059987934
mnist_mlp,scratch,1,50000,128,26506,0.003,0.001,586,3.00032,150016,0.08374777473449707,0.9753,0.12745962524414062,0.9672,314.8594109117985,0.15742970545589924,0.2411774801903963,0.28488933070003986,1.1595358329996088
mnist_mlp,scratch,2,50000,181,37477,0.003,0.0003,586,3.00032,150016,0.07260372207641602,0.97906,0.1110213623046875,0.9712,375.4848261810839,0.05632272392716258,0.1289264460035786,0.16734408623185007,1.264706476998981
mnist_mlp,scratch,2,50000,181,37477,0.003,0.001,586,3.00032,150016,0.07254756645202637,0.97884,0.106849462890625,0.9698,374.55176511593163,0.18727588255796582,0.2598234490099922,0.2941253454485908,1.2406272280004487
mnist_mlp,scratch,2,50000,181,37477,0.003,1e-05,586,3.00032,150016,0.07288662269592285,0.97858,0.11220509490966797,0.9702,376.28197341412306,0.0018814098670706155,0.07476803256299346,0.11408650477673858,1.2123640819991124
mnist_mlp,scratch,2,50000,181,37477,0.003,0.003,586,3.00032,150016,0.0729922338104248,0.97886,0.10805352478027344,0.9698,374.01784290745854,0.5610267643611878,0.6340189981716127,0.6690802891414612,1.276969401000315
mnist_mlp,scratch,2,50000,181,37477,0.003,0.01,586,3.00032,150016,0.07234461433410644,0.97882,0.11095018920898438,0.9704,369.87617450393736,1.8493808725196867,1.9217254868537932,1.960331061728671,1.2343522549999761
mnist_mlp,scratch,2,50000,181,37477,0.003,0.03,586,3.00032,150016,0.07343735290527344,0.97876,0.11101655578613281,0.9694,358.2189420517534,5.373284130776301,5.446721483681574,5.484300686562434,1.3365941809988726
mnist_mlp,scratch,2,50000,45,9325,0.003,3e-05,586,3.00032,150016,0.12139141571044922,0.9649,0.1464431213378906,0.9598,183.80916166305542,0.0027571374249458313,0.12414855313539505,0.14920025876283644,0.9434542090002651
mnist_mlp,scratch,2,50000,45,9325,0.003,0.0001,586,3.00032,150016,0.12119122329711914,0.96504,0.1456439697265625,0.96,183.7986226528883,0.009189931132644415,0.13038115442976356,0.1548339008592069,0.9138973280005303
mnist_mlp,scratch,2,50000,45,9325,0.003,0.0003,586,3.00032,150016,0.12101521835327149,0.96486,0.1460146026611328,0.9596,183.70907753705978,0.027556361630558964,0.14857157998383044,0.17357096429169178,0.985262423999302
mnist_mlp,scratch,1,50000,128,26506,0.003,0.003,586,3.00032,150016,0.0832714859008789,0.9757,0.12574892730712892,0.967,314.0922112837434,0.4711383169256151,0.554409802826494,0.596887244232744,1.3645378250002977
mnist_mlp,scratch,1,50000,128,26506,0.003,0.01,586,3.00032,150016,0.0841352262878418,0.97526,0.12459170227050781,0.9672,310.490210480988,1.5524510524049402,1.636586278692782,1.677042754675448,1.1916177220009558
mnist_mlp,scratch,1,50000,128,26506,0.003,0.03,586,3.00032,150016,0.08483725143432617,0.97494,0.1251736770629883,0.967,301.1238087192178,4.516857130788266,4.601694382222592,4.642030807851254,1.1477074639988132
mnist_mlp,scratch,1,50000,181,37477,0.003,0.0,586,3.00032,150016,0.07638090293884277,0.97786,0.11440057678222657,0.9692,384.8921196721494,0.0,0.07638090293884277,0.11440057678222657,1.2586232160010695
mnist_mlp,scratch,1,50000,181,37477,0.003,1e-06,586,3.00032,150016,0.07638090293884277,0.97786,0.11440057678222657,0.9692,384.8921196721494,0.00019244605983607471,0.07657334899867885,0.11459302284206264,1.2694355730000098
mnist_mlp,scratch,1,50000,181,37477,0.003,3e-06,586,3.00032,150016,0.07638090293884277,0.97786,0.11440057678222657,0.9692,384.8921196721494,0.0005773381795082242,0.07695824111835099,0.11497791496173479,1.2596704690004117
mnist_mlp,scratch,1,50000,181,37477,0.003,1e-05,586,3.00032,150016,0.07638356575012208,0.9777,0.11499783325195312,0.9692,384.64127069339156,0.001923206353466958,0.07830677210358904,0.11692103960542008,1.2893182809984864
mnist_mlp,scratch,1,50000,181,37477,0.003,3e-05,586,3.00032,150016,0.0759767529296875,0.97794,0.11386042633056641,0.9688,384.89331079274416,0.005773399661891163,0.08175015259157867,0.11963382599245757,1.2913234560001001
mnist_mlp,scratch,1,50000,181,37477,0.003,0.0001,586,3.00032,150016,0.07467961807250977,0.9784,0.11235690155029297,0.9688,384.6452512666583,0.019232262563332915,0.09391188063584269,0.1315891641136259,1.203484383999239
mnist_mlp,scratch,1,50000,181,37477,0.003,0.0003,586,3.00032,150016,0.07447669090270996,0.97838,0.10940714416503906,0.97,384.6655304543674,0.05769982956815511,0.13217652047086506,0.16710697373319416,1.24048090100041
mnist_mlp,scratch,1,50000,181,37477,0.003,0.001,586,3.00032,150016,0.07591245086669922,0.97806,0.11287743530273438,0.9688,384.48672922328115,0.19224336461164057,0.2681558154783398,0.30512079991437496,1.2631888359992445
mnist_mlp,scratch,1,50000,181,37477,0.003,0.003,586,3.00032,150016,0.07626690307617187,0.97772,0.11202014770507812,0.969,383.38954374939203,0.575084315624088,0.6513512187002599,0.6871044633291661,1.256840846999694
mnist_mlp,scratch,1,50000,181,37477,0.003,0.01,586,3.00032,150016,0.07532017539978027,0.97772,0.11198782958984375,0.9698,378.3388263322413,1.8916941316612066,1.967014307060987,2.00368196125105,1.2921804299985524
mnist_mlp,scratch,2,50000,256,53002,0.003,1e-06,586,3.00032,150016,0.07243879066467285,0.97788,0.10856200256347656,0.969,477.88187323883176,0.00023894093661941588,0.07267773160129226,0.10880094350009598,1.3351980360002926
mnist_mlp,scratch,2,50000,256,53002,0.003,3e-06,586,3.00032,150016,0.07243879066467285,0.97788,0.10856200256347656,0.969,477.88187323883176,0.0007168228098582476,0.07315561347453109,0.1092788253733348,1.422013657998832
mnist_mlp,scratch,2,50000,45,9325,0.003,3e-06,586,3.00032,150016,0.12137657394409179,0.96486,0.1464116455078125,0.9602,183.86650010943413,0.0002757997501641512,0.12165237369425594,0.14668744525797664,0.9632479470001272
mnist_mlp,scratch,2,50000,45,9325,0.003,1e-05,586,3.00032,150016,0.12123255294799805,0.96508,0.14592433166503907,0.96,183.91213311254978,0.0009195606655627489,0.12215211361356079,0.14684389233060183,0.932650251999803
mnist_mlp,scratch,1,50000,181,37477,0.003,0.03,586,3.00032,150016,0.07420875282287598,0.97812,0.11091668701171875,0.97,366.2757961526513,5.494136942289769,5.568345695112645,5.605053629301488,1.226987766000093
mnist_mlp,scratch,1,50000,256,53002,0.003,0.0,586,3.00032,150016,0.07061486763000488,0.97998,0.11037254791259765,0.9726,471.79129038378596,0.0,0.07061486763000488,0.11037254791259765,1.2755770439998741
mnist_mlp,scratch,1,50000,256,53002,0.003,1e-06,586,3.00032,150016,0.07061486763000488,0.97998,0.11037254791259765,0.9726,471.79129038378596,0.00023589564519189296,0.07085076327519678,0.11060844355778955,1.3083374650013866
mnist_mlp,scratch,1,50000,256,53002,0.003,3e-06,586,3.00032,150016,0.07061486763000488,0.97998,0.11037254791259765,0.9726,471.79129038378596,0.000707686935575679,0.07132255456558056,0.11108023484817334,1.33625383800063
mnist_mlp,scratch,1,50000,256,53002,0.003,1e-05,586,3.00032,150016,0.07076008941650391,0.98012,0.10939105224609375,0.9738,470.5076728090644,0.002352538364045322,0.07311262778054924,0.11174359061013907,1.3497947110008681
mnist_mlp,scratch,1,50000,256,53002,0.003,3e-05,586,3.00032,150016,0.07027735145568847,0.98032,0.11066938629150391,0.974,470.73727087303996,0.0070610590630956,0.07733841051878407,0.1177304453545995,1.2877955439998914
mnist_mlp,scratch,1,50000,256,53002,0.003,0.0001,586,3.00032,150016,0.07113881523132325,0.98028,0.11329664764404297,0.973,469.900134280324,0.0234950067140162,0.09463382194533945,0.13679165435805918,1.4028248340000573
mnist_mlp,scratch,1,50000,256,53002,0.003,0.0003,586,3.00032,150016,0.07069077461242676,0.98006,0.11098467559814452,0.973,470.30912690609694,0.07054636903591453,0.14123714364834128,0.18153104463405906,1.3599981040006242
mnist_mlp,scratch,1,50000,256,53002,0.003,0.001,586,3.00032,150016,0.07121722900390624,0.97994,0.11424908599853516,0.9712,470.13546850532293,0.23506773425266148,0.30628496325656773,0.34931682025119665,1.4431075760003296
mnist_mlp,scratch,1,50000,256,53002,0.003,0.003,586,3.00032,150016,0.0711998828125,0.97956,0.11081565551757812,0.9706,469.24751407280564,0.7038712711092084,0.7750711539217084,0.8146869266267865,1.4391406979993917
mnist_mlp,scratch,1,50000,256,53002,0.003,0.01,586,3.00032,150016,0.0715305224609375,0.98008,0.10708405303955078,0.9736,463.62668032571673,2.3181334016285837,2.389663924089521,2.4252174546681347,1.3907866139998077
mnist_mlp,scratch,1,50000,256,53002,0.003,0.03,586,3.00032,150016,0.07181601036071777,0.97932,0.10829835815429688,0.9718,448.933376211673,6.734000643175095,6.805816653535813,6.842299001329392,1.4240042049987096
mnist_mlp,scratch,2,50000,32,6634,0.003,0.03,586,3.00032,150016,0.14824810424804688,0.9561,0.1618230438232422,0.955,161.29158474504948,2.419373771175742,2.567621875423789,2.581196814998984,0.9122622159993625
mnist_mlp,scratch,2,50000,45,9325,0.003,0.0,586,3.00032,150016,0.12137657394409179,0.96486,0.1464116455078125,0.9602,183.86650010943413,0.0,0.12137657394409179,0.1464116455078125,0.8873149179999018
mnist_mlp,scratch,2,50000,45,9325,0.003,1e-06,586,3.00032,150016,0.12137657394409179,0.96486,0.1464116455078125,0.9602,183.86650010943413,9.193325005471706e-05,0.12146850719414651,0.1465035787578672,0.9824109849996603
mnist_mlp,scratch,2,50000,32,6634,0.003,0.001,586,3.00032,150016,0.1471383073425293,0.95604,0.1615769500732422,0.9554,167.01459203660488,0.08350729601830244,0.23064560336083173,0.2450842460915446,0.8817146210003557
mnist_mlp,scratch,2,50000,32,6634,0.003,0.003,586,3.00032,150016,0.1471976252746582,0.95596,0.161637841796875,0.955,166.56552822887897,0.24984829234331846,0.3970459176179767,0.4114861341401934,0.9027424270007032
mnist_mlp,scratch,2,50000,32,6634,0.003,0.01,586,3.00032,150016,0.14723706344604492,0.9563,0.1616387451171875,0.9554,165.09280712902546,0.8254640356451273,0.9727010990911722,0.9871027807623147,0.8912353159994382
mnist_mlp,scratch,2,50000,32,6634,0.003,0.0001,586,3.00032,150016,0.14703732513427734,0.9561,0.16163966369628907,0.9558,167.0902415215969,0.008354512076079845,0.15539183721035718,0.16999417577236892,0.920656398000574
mnist_mlp,scratch,2,50000,32,6634,0.003,0.0003,586,3.00032,150016,0.14704800720214845,0.95612,0.1616478973388672,0.9552,167.3313857614994,0.02509970786422491,0.17214771506637336,0.1867476052030921,0.8787213340001472
mnist_mlp,scratch,2,50000,256,53002,0.003,1e-05,586,3.00032,150016,0.07372390586853027,0.97818,0.11140859680175781,0.9684,478.79961166903377,0.002393998058345169,0.07611790392687544,0.11380259486010298,1.4999466379995283
mnist_mlp,scratch,2,50000,256,53002,0.003,3e-05,586,3.00032,150016,0.07294416374206543,0.97896,0.10865151062011719,0.9698,478.1786672063172,0.007172680008094758,0.08011684375016019,0.11582419062821195,1.4993570289989293
mnist_mlp,scratch,2,50000,256,53002,0.003,0.0,586,3.00032,150016,0.07243879066467285,0.97788,0.10856200256347656,0.969,477.88187323883176,0.0,0.07243879066467285,0.10856200256347656,1.379204935999951
mnist_mlp,scratch,2,50000,32,6634,0.003,3e-06,586,3.00032,150016,0.14687185256958007,0.95602,0.1617242919921875,0.9556,167.18504051864147,0.0002507775607779622,0.14712263013035803,0.16197506955296545,1.039446302000215
mnist_mlp,scratch,2,50000,32,6634,0.003,1e-05,586,3.00032,150016,0.14687302795410156,0.95602,0.16172456970214844,0.9556,167.17922657728195,0.0008358961328864098,0.14770892408698796,0.16256046583503483,0.9127656090004166
mnist_mlp,scratch,2,50000,32,6634,0.003,3e-05,586,3.00032,150016,0.14697196243286134,0.956,0.1617224334716797,0.9558,167.21765837073326,0.0025082648755609988,0.14948022730842234,0.1642306983472407,0.8966073780011357
mnist_mlp,scratch,2,50000,256,53002,0.003,0.003,586,3.00032,150016,0.07320528747558594,0.9785,0.10572271881103516,0.9714,474.4394620228559,0.7116591930342838,0.7848644805098698,0.8173819118453189,1.3401180590008153
mnist_mlp,scratch,2,50000,256,53002,0.003,0.01,586,3.00032,150016,0.0744454874420166,0.97804,0.1076556884765625,0.9704,470.2065569497645,2.3510327847488224,2.425478272190839,2.458688473225385,1.3190749519999372
mnist_mlp,scratch,2,50000,256,53002,0.003,0.03,586,3.00032,150016,0.06930885017395019,0.97878,0.10748155517578124,0.9698,449.58500694297254,6.7437751041445875,6.813083954318538,6.851256659320368,1.3530213730009564
