family,strategy,n_train,width,params,lr,weight_decay,step,epochs,examples_seen,train_loss,train_acc,val_loss,val_acc,l2_norm_sq,regularizer_loss,train_total_loss_reported,val_total_loss_reported,train_loss_std,train_acc_std,val_loss_std,val_acc_std,l2_norm_sq_std,regularizer_loss_std,train_total_loss_reported_std,val_total_loss_reported_std,seed_count
mnist_mlp,scratch,8192,32,6634,0.003,0.0,96,3.0,24576,0.29549740254879,0.9123128255208334,0.33518935546875,0.8994666666666666,83.28203814228375,0.0,0.29549740254879,0.33518935546875,0.0035355254529253876,0.0007458619295175491,0.006673223793897503,0.003817503547258811,2.9752342630058806,0.0,0.0035355254529253876,0.006673223793897503,3
mnist_mlp,scratch,8192,32,6634,0.003,1e-06,96,3.0,24576,0.29549740254879,0.9123128255208334,0.33518935546875,0.8994666666666666,83.28203814228375,4.164101907114188e-05,0.2955390435678611,0.3352309964878211,0.0035355254529253876,0.0007458619295175491,0.006673223793897503,0.003817503547258811,2.9752342630058806,1.4876171315029427e-06,0.0035341477420946553,0.006671873325570204,3
mnist_mlp,scratch,8192,32,6634,0.003,3e-06,96,3.0,24576,0.29549740254879,0.9123128255208334,0.33518935546875,0.8994666666666666,83.28203814228375,0.00012492305721342563,0.2956223256060034,0.33531427852596346,0.0035355254529253876,0.0007458619295175672,0.006673223793897516,0.003817503547258806,2.9752342630058806,4.46285139450882e-06,0.0035313925879630185,0.0066691725640078275,3
mnist_mlp,scratch,8192,32,6634,0.003,1e-05,96,3.0,24576,0.2954983611901601,0.9123128255208334,0.3351898518880208,0.8994666666666666,83.2814448227485,0.0004164072241137425,0.29591476841427383,0.33560625911213454,0.0035355225157791947,0.00074586192951754,0.006673220246041761,0.0038175035472588323,2.975220758605298,1.4876103793026485e-05,0.0035217496036871834,0.006659718348200528,3
mnist_mlp,scratch,8192,32,6634,0.003,3e-05,96,3.0,24576,0.29549867908159894,0.9123128255208334,0.3351900085449219,0.8994666666666666,83.28126409401496,0.0012492189614102245,0.29674789804300916,0.3364392275063321,0.0035355168756625592,0.00074586192951754,0.006673220153827175,0.0038175035472588323,2.9752026351557515,4.4628039527336245e-05,0.00349422569810758,0.006632732382102423,3
mnist_mlp,scratch,8192,32,6634,0.003,0.0001,96,3.0,24576,0.2954995930194855,0.9123128255208334,0.3351920064290364,0.8994,83.2795551692446,0.004163977758462231,0.29966357077794775,0.3393559841874987,0.0035373417231526504,0.0007458619295175672,0.006672063700785624,0.003704051835490407,2.974674365636703,0.000148733718281835,0.0034000405862684093,0.0065373434516396035,3
mnist_mlp,scratch,8192,32,6634,0.003,0.0003,96,3.0,24576,0.2955065642793973,0.9123128255208334,0.33519598592122396,0.8994,83.27551530053218,0.012491327295079827,0.30799789157447716,0.3476873132163038,0.0035378351015864003,0.0007458619295175672,0.006672686722684224,0.003704051835490407,2.9744882344461856,0.00044617323516692837,0.0031291427752678817,0.0062704829680148445,3
mnist_mlp,scratch,8192,32,6634,0.003,0.001,96,3.0,24576,0.2955298547943433,0.9122721354166666,0.3352103210449218,0.8994,83.26144178460042,0.04163072089230021,0.33716057568664354,0.37684104193722207,0.003539191131041414,0.0008127841941503283,0.006674061079910721,0.0037040518354904176,2.973902308718759,0.0014869511543593795,0.0022343247953481053,0.005360980849331259,3
mnist_mlp,scratch,8192,32,6634,0.003,0.003,96,3.0,24576,0.29561155537764233,0.9123128255208334,0.3352377034505209,0.8992,83.22051272789638,0.12483076909184458,0.42044232446948687,0.4600684725423654,0.003512828697239642,0.0009243014885742535,0.006648462067460441,0.003994996871087661,2.97380891086031,0.004460713366290471,0.001805175825088173,0.003205519353476746,3
mnist_mlp,scratch,8192,32,6634,0.003,0.01,96,3.0,24576,0.29579684138298035,0.9124755859375,0.3352861063639323,0.8988,83.06549743562937,0.4153274871781469,0.7111243285611272,0.7506135935420791,0.003552399671242179,0.0008544921875,0.006684501359087472,0.0035156791662493856,2.9579254219997315,0.01478962710999867,0.011588212264448335,0.00920340114779422,3
mnist_mlp,scratch,8192,32,6634,0.003,0.03,96,3.0,24576,0.29649222642183304,0.9124755859375,0.33567026367187497,0.8986666666666666,82.6604507441322,1.239906761161983,1.536398987583816,1.5755770248338579,0.003568121884238554,0.0007425247229367944,0.006731151509319875,0.0034195516275285598,2.9342014747139236,0.04401302212070886,0.04078696560276081,0.038044912357916336,3
mnist_mlp,scratch,8192,45,9325,0.003,0.0,96,3.0,24576,0.25751272837320965,0.9224853515625,0.3005252624511719,0.9094666666666668,94.07332842051983,0.0,0.25751272837320965,0.3005252624511719,0.004141692462126013,0.0010849846700824693,0.00464992619551308,0.0020428737928059604,3.3650693227004185,0.0,0.004141692462126013,0.00464992619551308,3
mnist_mlp,scratch,8192,45,9325,0.003,1e-06,96,3.0,24576,0.25751272837320965,0.9224853515625,0.3005252624511719,0.9094666666666668,94.07332842051983,4.703666421025991e-05,0.2575597650374199,0.30057229911538214,0.004141692462126013,0.0010849846700824693,0.00464992619551308,0.0020428737928059604,3.3650693227004185,1.682534661350206e-06,0.00414170078609102,0.0046511258112355985,3
mnist_mlp,scratch,8192,45,9325,0.003,3e-06,96,3.0,24576,0.25751272837320965,0.9224853515625,0.3005252624511719,0.9094666666666668,94.07332842051983,0.00014110999263077973,0.25765383836584044,0.3006663724438026,0.004141692462126013,0.0010849846700824693,0.00464992619551308,0.0020428737928059604,3.3650693227004185,5.047603984050632e-06,0.004141719484513093,0.004653525939964845,3
mnist_mlp,scratch,8192,45,9325,0.003,1e-05,96,3.0,24576,0.25751352806886035,0.9224853515625,0.3005256184895833,0.9094666666666668,94.07260237137477,0.0004703630118568739,0.25798389108071723,0.3009959815014402,0.004141629139391071,0.0010849846700824693,0.0046498283191039064,0.002042873792805986,3.3650471117611143,1.682523555880558e-05,0.004141742985317716,0.004661837755316311,3
mnist_mlp,scratch,8192,45,9325,0.003,3e-05,96,3.0,24576,0.2575138087073962,0.9224853515625,0.30052575480143234,0.9094666666666668,94.0723912641406,0.0014110858689621092,0.2589248945763583,0.30193684067039445,0.004141625007882773,0.0010849846700824693,0.004649817741079976,0.0020428737928059604,3.365040575578415,5.0475608633676214e-05,0.0041421716088245,0.004685934784871435,3
mnist_mlp,scratch,8192,45,9325,0.003,0.0001,96,3.0,24576,0.25751562789082527,0.9224853515625,0.3005264811197917,0.9094666666666668,94.07084184885025,0.004703542092442513,0.2622191699832678,0.3052300232122342,0.004141443163737374,0.0010849846700824693,0.0046497011281011235,0.0020428737928059604,3.3649448594579168,0.00016824724297289623,0.004145648837707689,0.004771097404655703,3
mnist_mlp,scratch,8192,45,9325,0.003,0.0003,96,3.0,24576,0.2575213313102722,0.9224853515625,0.3005290466308594,0.9094666666666668,94.06575120737155,0.01410986268110573,0.271631193991378,0.3146389093119651,0.0041415606715365875,0.0010849846700824693,0.004649828677344458,0.0020428737928059604,3.3648932174214017,0.0005047339826132105,0.004174288662017578,0.005022044815833584,3
mnist_mlp,scratch,8192,45,9325,0.003,0.001,96,3.0,24576,0.25753236934542656,0.9224446614583334,0.3005406534830729,0.9096666666666667,94.04846425602834,0.047024232128014175,0.3045566014734407,0.34756488561108706,0.004149502098123405,0.001107638150131511,0.0046601418494009806,0.0018903262505010673,3.365759110100745,0.001682879555050376,0.004490046337598319,0.005975988953652031,3
mnist_mlp,scratch,8192,45,9325,0.003,0.003,96,3.0,24576,0.2575889478127162,0.9224446614583334,0.30055393676757813,0.9097333333333334,93.99945415804784,0.14099918123707175,0.3985881290497879,0.4415531180046499,0.004144857949089747,0.001107638150131511,0.004639788577356665,0.0018147543451755227,3.3564996185647913,0.0050347494278471985,0.006546051042145012,0.008938761469153783,3
mnist_mlp,scratch,8192,45,9325,0.003,0.01,96,3.0,24576,0.25778700908025104,0.9225667317708334,0.30065511067708334,0.9096000000000001,93.8156985193491,0.4690784925967455,0.7268655016769966,0.7697336032738288,0.0041566103762792515,0.0010164384763018336,0.004619281832072376,0.002271563338320129,3.3428318302184024,0.01671415915109202,0.017228651852255403,0.020252719258048914,3
mnist_mlp,scratch,8192,45,9325,0.003,0.03,96,3.0,24576,0.2583317831158638,0.92236328125,0.3009417175292969,0.9096000000000001,93.32883778214455,1.3999325667321683,1.658264349848032,1.700874284261465,0.004092660163987621,0.0010641843123878599,0.0045374199959577755,0.0023065125189341376,3.3373432674971055,0.050060149012456534,0.05018013452392206,0.05339014936011178,3
mnist_mlp,scratch,8192,64,13258,0.003,0.0,96,3.0,24576,0.22446023176113764,0.9315999348958334,0.27953824462890625,0.9156,112.72926241780321,0.0,0.22446023176113764,0.27953824462890625,0.0034365836226854067,0.0011076381501315322,0.006828013954045288,0.0011135528725659666,1.210302695638113,0.0,0.0034365836226854067,0.006828013954045288,3
mnist_mlp,scratch,8192,64,13258,0.003,1e-06,96,3.0,24576,0.22446023176113764,0.9315999348958334,0.27953824462890625,0.9156,112.72926241780321,5.63646312089016e-05,0.22451659639234656,0.27959460926011515,0.0034365836226854136,0.0011076381501315367,0.006828013954045288,0.0011135528725659963,1.2103026956381162,6.051513478190555e-07,0.003436004376524315,0.006827933895851194,3
mnist_mlp,scratch,8192,64,13258,0.003,3e-06,96,3.0,24576,0.22446023176113764,0.9315999348958334,0.27953824462890625,0.9156,112.72926241780321,0.00016909389362670482,0.22462932565476434,0.279707338522533,0.0034365836226854067,0.0011076381501315322,0.006828013954045288,0.0011135528725659666,1.210302695638113,1.81545404345717e-06,0.0034348459109998916,0.006827773937552123,3
mnist_mlp,scratch,8192,64,13258,0.003,1e-05,96,3.0,24576,0.22446094453334808,0.9315999348958334,0.27953843485514324,0.9156,112.7283440803488,0.000563641720401744,0.2250245862537498,0.280102076575545,0.0034365901113163487,0.0011076381501315322,0.006827965712717782,0.0011135528725659666,1.2102966321904283,6.051483160952048e-06,0.0034307980820681367,0.006827167455744436,3
mnist_mlp,scratch,8192,64,13258,0.003,3e-05,96,3.0,24576,0.22446509078145027,0.9315999348958334,0.27954181620279944,0.9156,112.72573449959357,0.0016908860174939036,0.22615597679894417,0.2812327022202934,0.003435760051149385,0.0011076381501315322,0.00683281110860442,0.0011135528725659666,1.2086463056132335,1.8129694584198336e-05,0.0034184044586440137,0.006830388242185096,3
mnist_mlp,scratch,8192,64,13258,0.003,0.0001,96,3.0,24576,0.2244664654135704,0.9315999348958334,0.2795423675537109,0.9156,112.72459040706356,0.005636229520353179,0.23010269493392357,0.2851785970740641,0.0034361005860467932,0.0011076381501315322,0.006834013608614166,0.0011135528725659666,1.2093394174169059,6.046697087084518e-05,0.0033782590522860303,0.00682615415141743,3
mnist_mlp,scratch,8192,64,13258,0.003,0.0003,96,3.0,24576,0.22447041918834051,0.9316813151041666,0.27954340413411455,0.9155333333333333,112.71876507128279,0.016907814760692415,0.2413782339490329,0.29645121889480697,0.0034347298570300655,0.001023742319776126,0.00683207023634999,0.0012055427546683163,1.2084072621552655,0.00018126108932328943,0.003261618986310585,0.006809988880203337,3
mnist_mlp,scratch,8192,64,13258,0.003,0.001,96,3.0,24576,0.2244902439415455,0.9315999348958334,0.2795452158610026,0.9156666666666666,112.70083272829652,0.05635041636414826,0.2808406603056937,0.3358956322251509,0.003424995781425097,0.0011076381501315367,0.006848766189095578,0.0013012814197295532,1.2089374271713609,0.0006044687135856789,0.00285172318675372,0.0067947396454888604,3
mnist_mlp,scratch,8192,64,13258,0.003,0.003,96,3.0,24576,0.22455408175786337,0.9315592447916666,0.27958853963216146,0.9157333333333333,112.64263280729453,0.1689639492109418,0.3935180309688051,0.4485524888431032,0.0034256944915231997,0.0010381958676898557,0.006852936732277386,0.0012055427546683647,1.2178122279581622,0.0018267183419372454,0.0017638367893254069,0.006858417334797924,3
mnist_mlp,scratch,8192,64,13258,0.003,0.01,96,3.0,24576,0.22473609820008278,0.9315185546875,0.27962981363932293,0.9154666666666667,112.40959827477734,0.5620479913738866,0.7867840895739695,0.8416778050132095,0.0034278497879990442,0.0011772034620352728,0.006802654797261031,0.0011015141094571814,1.2007618358816774,0.006003809179408355,0.0029157729307736123,0.00850447667264423,3
mnist_mlp,scratch,8192,64,13258,0.003,0.03,96,3.0,24576,0.22530209769805273,0.9315999348958334,0.27985989074707035,0.9154666666666667,111.80765812719862,1.6771148719079791,1.9024169696060318,1.9569747626550493,0.003478189825687627,0.0009942050555721592,0.006792647516281146,0.0013012814197295086,1.202832801410933,0.018042492021164036,0.014774621787090351,0.018543364890677278,3
mnist_mlp,scratch,8192,91,18847,0.003,0.0,96,3.0,24576,0.2055328612526258,0.9376220703125,0.2658309173583984,0.9187333333333333,137.46816980590424,0.0,0.2055328612526258,0.2658309173583984,0.00437286304643992,0.00146484375,0.003545290331217761,0.0016653327995729296,1.4214888148586902,0.0,0.00437286304643992,0.003545290331217761,3
mnist_mlp,scratch,8192,91,18847,0.003,1e-06,96,3.0,24576,0.2055328612526258,0.9376220703125,0.2658309173583984,0.9187333333333333,137.46816980590424,6.873408490295211e-05,0.20560159533752875,0.2658996514433014,0.00437286304643992,0.00146484375,0.003545290331217761,0.0016653327995729296,1.4214888148586902,7.107444074293403e-07,0.004373573210609877,0.0035459994949864687,3
mnist_mlp,scratch,8192,91,18847,0.003,3e-06,96,3.0,24576,0.2055328612526258,0.9376220703125,0.2658309173583984,0.9187333333333333,137.46816980590424,0.00020620225470885636,0.20573906350733462,0.26603711961310733,0.00437286304643992,0.00146484375,0.003545290331217761,0.0016653327995729296,1.4214888148586902,2.132233222288036e-06,0.004374993539515166,0.0035474178244219554,3
mnist_mlp,scratch,8192,91,18847,0.003,1e-05,96,3.0,24576,0.20553353180487952,0.9376220703125,0.2658311075846354,0.9187333333333333,137.46702624981603,0.0006873351312490801,0.2062208669361286,0.2665184427158845,0.004372839615240703,0.00146484375,0.0035451340194207607,0.0016653327995728782,1.4214882481934326,7.107441240967158e-06,0.004379941266489254,0.003552225689773097,3
mnist_mlp,scratch,8192,91,18847,0.003,3e-05,96,3.0,24576,0.20553373048702875,0.9376220703125,0.26583112589518226,0.9187333333333333,137.46665739516416,0.0020619998609274627,0.20759573034795623,0.26789312575610974,0.004372828919846618,0.00146484375,0.0035451307736739054,0.0016653327995728782,1.4214854662004828,2.1322281993007436e-05,0.004394133889685181,0.003566405925142975,3
mnist_mlp,scratch,8192,91,18847,0.003,0.0001,96,3.0,24576,0.20553518955906233,0.9376220703125,0.26583218383789065,0.9187333333333333,137.4644949734211,0.0068732247486710555,0.21240841430773338,0.27270540858656167,0.004372847678430093,0.00146484375,0.00354737794671306,0.0016653327995728782,1.4211082045497134,7.105541022748575e-05,0.004443847143319037,0.0036182766927786627,3
mnist_mlp,scratch,8192,91,18847,0.003,0.0003,96,3.0,24576,0.2055322229862213,0.9376220703125,0.26583350931803384,0.9188000000000001,137.45178963119784,0.020617768444679677,0.226149991430901,0.2864512777627135,0.004368266600743787,0.0013427734375,0.003541706813494572,0.0015874507866387368,1.4180256398716151,0.0002127038459807422,0.004580814691093645,0.003753846539764324,3
mnist_mlp,scratch,8192,91,18847,0.003,0.001,96,3.0,24576,0.20554944376150766,0.9375406901041666,0.2658319081624349,0.9187333333333333,137.42307517925897,0.06871153758962949,0.27426098135113713,0.33454344575206435,0.004370859022630385,0.0014042508078399715,0.0035419095502625315,0.0016289055630494373,1.419768641038156,0.0007098843205190745,0.005080262383877571,0.004250232889897345,3
mnist_mlp,scratch,8192,91,18847,0.003,0.003,96,3.0,24576,0.20559426521261534,0.9375813802083334,0.2658547231038411,0.9186666666666666,137.33784582590064,0.20600676873885096,0.41160103395146624,0.47186149184269216,0.0043697642886955995,0.001350151369062259,0.0035252831813896773,0.0016772994167212557,1.4182566343848129,0.0021273849515772254,0.006495796409611442,0.005648297905414338,3
mnist_mlp,scratch,8192,91,18847,0.003,0.01,96,3.0,24576,0.20574661468466124,0.9377034505208334,0.2658343404134115,0.9189333333333334,137.0621841351191,0.6853109206755956,0.8910575353602569,0.9511452610890071,0.004338116952622321,0.001414822481340636,0.0035688008550778306,0.0014468356276140226,1.4233009298400314,0.007116504649200165,0.011451866524476726,0.010679761244299894,3
mnist_mlp,scratch,8192,91,18847,0.003,0.03,96,3.0,24576,0.20620412627855936,0.9375406901041666,0.2660117055257161,0.919,136.26847628007332,2.0440271442010998,2.250231270479659,2.310038849726816,0.004298231654555219,0.0012937917558255756,0.0034669760162078463,0.0013999999999999785,1.4144450215415605,0.021216675323123536,0.02551019431622293,0.02465753125415287,3
mnist_mlp,scratch,8192,128,26506,0.003,0.0,96,3.0,24576,0.1846799117823442,0.944580078125,0.24872291768391927,0.9244,161.05625943591198,0.0,0.1846799117823442,0.24872291768391927,0.002303535757941305,0.000559396447138164,0.007058303585515566,0.00039999999999995595,2.074158860604936,0.0,0.002303535757941305,0.007058303585515566,3
mnist_mlp,scratch,8192,128,26506,0.003,1e-06,96,3.0,24576,0.1846799117823442,0.944580078125,0.24872291768391927,0.9244,161.05625943591198,8.0528129717956e-05,0.18476043991206215,0.24880344581363723,0.002303535757941305,0.000559396447138164,0.007058303585515561,0.00039999999999995595,2.074158860604936,1.0370794303024678e-06,0.0023040428163913895,0.007059088749763828,3
mnist_mlp,scratch,8192,128,26506,0.003,3e-06,96,3.0,24576,0.1846799117823442,0.944580078125,0.24872291768391927,0.9244,161.05625943591198,0.00024158438915386797,0.18492149617149803,0.24896450207307316,0.002303535757941307,0.000559396447138164,0.007058303585515552,0.00039999999999995595,2.074158860604931,3.11123829090739e-06,0.002305057998460841,0.0070606592733062565,3
mnist_mlp,scratch,8192,128,26506,0.003,1e-05,96,3.0,24576,0.18468026320139566,0.944580078125,0.24872639770507812,0.9244,161.05666258620718,0.000805283312931036,0.18548554651432672,0.24953168101800915,0.002303170155271144,0.000559396447138164,0.007058840120081214,0.00039999999999995595,2.076495054303574,1.0382475271517881e-05,0.0023082717036075682,0.007066702110183895,3
mnist_mlp,scratch,8192,128,26506,0.003,3e-05,96,3.0,24576,0.18468042214711508,0.944580078125,0.24872637532552086,0.9244,161.05617467872798,0.0024158426201809197,0.187096264767296,0.25114221794570174,0.0023031767785807312,0.000559396447138164,0.0070588199337452305,0.00039999999999995595,2.076486128296939,3.1147291924454064e-05,0.0023185873629665305,0.007082425157505531,3
mnist_mlp,scratch,8192,128,26506,0.003,0.0001,96,3.0,24576,0.1846814105908076,0.944580078125,0.2487260569254557,0.9244,161.0528520575414,0.008052642602877072,0.19273405319368467,0.25677869952833277,0.0023032541406548404,0.000559396447138164,0.007059093066557581,0.00039999999999995595,2.0766109773532175,0.00010383054886766102,0.0023558515609832793,0.007138009701644767,3
mnist_mlp,scratch,8192,128,26506,0.003,0.0003,96,3.0,24576,0.18468440075715384,0.944580078125,0.24871788533528646,0.9244,161.0443617782245,0.024156654266733673,0.2088410550238875,0.2728745396020202,0.0023035758842414283,0.00048828125,0.007056546798014415,0.00039999999999995595,2.077631858014178,0.00031164477870212787,0.002471046449029267,0.007295701369373357,3
mnist_mlp,scratch,8192,128,26506,0.003,0.001,96,3.0,24576,0.184702234963576,0.9445393880208334,0.24872935078938804,0.9244,161.01189367783567,0.08050594683891783,0.26520818180249384,0.3292352976283059,0.002304102947589962,0.0004933412944735423,0.0070521543072738,0.00039999999999995595,2.0762133994954604,0.0010381066997477274,0.002953159869590396,0.00786753485200808,3
mnist_mlp,scratch,8192,128,26506,0.003,0.003,96,3.0,24576,0.18474427858988443,0.9444580078125,0.248746977742513,0.9244666666666667,160.89955888750652,0.2413493383312598,0.4260936169211442,0.4900963160737728,0.002301037530586434,0.0005320921561939299,0.007054510686382702,0.0003055050463303557,2.068582509732312,0.0031028737645984747,0.004686097247740408,0.00962227747139713,3
mnist_mlp,scratch,8192,128,26506,0.003,0.01,96,3.0,24576,0.18491519118348757,0.9444580078125,0.2487354970296224,0.9244666666666667,160.55718917710087,0.8027859458855042,0.9877011370689918,1.0515214429151267,0.002294642430288186,0.0004228639666916204,0.007040675463221496,0.0005033222956847752,2.06631440105735,0.010331572005286763,0.011612292192383198,0.01633085251020249,3
mnist_mlp,scratch,8192,128,26506,0.003,0.03,96,3.0,24576,0.18532491972049078,0.9445393880208334,0.248751860555013,0.9242666666666667,159.5626003264139,2.3934390048962086,2.5787639246166996,2.6421908654512216,0.002334598005045871,0.0003523866389096917,0.006928608347679209,0.0005033222956847457,2.037791794427316,0.03056687691640953,0.031778250826817116,0.03611160193276719,3
mnist_mlp,scratch,8192,181,37477,0.003,0.0,96,3.0,24576,0.16868599876761436,0.9497884114583334,0.24268660990397137,0.9278,192.66222389942655,0.0,0.16868599876761436,0.24268660990397137,0.0030867139578210877,0.0019733651778942205,0.005759096122595388,0.0009999999999999731,0.4063960736980822,0.0,0.0030867139578210877,0.005759096122595388,3
mnist_mlp,scratch,8192,181,37477,0.003,1e-06,96,3.0,24576,0.16868599876761436,0.9497884114583334,0.24268660990397137,0.9278,192.66222389942655,9.633111194971328e-05,0.1687823298795641,0.2427829410159211,0.0030867139578210877,0.0019733651778942205,0.005759096122595388,0.0010000000000000009,0.4063960736980822,2.0319803684904406e-07,0.0030868208608965135,0.005759231638114429,3
mnist_mlp,scratch,8192,181,37477,0.003,3e-06,96,3.0,24576,0.16868599876761436,0.9497884114583334,0.24268660990397137,0.9278,192.66222389942655,0.00028899333584913987,0.16897499210346348,0.24297560323982048,0.0030867139578210877,0.0019733651778942205,0.005759096122595388,0.0009999999999999731,0.4063960736980822,6.095941105471351e-07,0.0030870346960666342,0.005759502681093617,3
mnist_mlp,scratch,8192,181,37477,0.003,1e-05,96,3.0,24576,0.1686865451435248,0.9497884114583334,0.24268612467447914,0.9278,192.6602266508465,0.0009633011332542326,0.16964984627677904,0.24364942580773338,0.0030867253355324523,0.0019733651778942205,0.005758935896115423,0.0009999999999999731,0.4062783666555857,2.0313918332779243e-06,0.00308779488028751,0.005760290374250101,3
mnist_mlp,scratch,8192,181,37477,0.003,3e-05,96,3.0,24576,0.16868671774864197,0.9497884114583334,0.2426860850016276,0.9278,192.65958937474838,0.002889893840621225,0.17157661158926318,0.24557597884224883,0.003086707812237952,0.0019733651778942205,0.005758931379835393,0.0009999999999999731,0.40628634918790946,6.0942952378186495e-06,0.0030899193605511102,0.005762996126345881,3
mnist_mlp,scratch,8192,181,37477,0.003,0.0001,96,3.0,24576,0.16868756214777628,0.9497884114583334,0.2426829060872396,0.9278,192.65578499250114,0.009632789249625058,0.17832035139740135,0.25231569533686465,0.0030865486201337115,0.0019733651778942205,0.005764877820045384,0.0009999999999999731,0.4054138738968262,2.02706936948422e-05,0.0030973021090052104,0.005778390309494676,3
mnist_mlp,scratch,8192,181,37477,0.003,0.0003,96,3.0,24576,0.1686923677722613,0.9497884114583334,0.24268094787597658,0.9278,192.64018382597715,0.02889602757389657,0.19758839534615788,0.27157697544987314,0.0030951104247225127,0.0019733651778942205,0.005766998288668345,0.0009999999999999731,0.40805003494848185,6.120750524227263e-05,0.003127775847603946,0.005808136547689665,3
mnist_mlp,scratch,8192,181,37477,0.003,0.001,96,3.0,24576,0.16870231305559477,0.9498291015625,0.24267222696940105,0.9278,192.60131278137365,0.09630065639068681,0.2650029694462816,0.33897288336008785,0.0031041957990205027,0.0020095309610784094,0.005792632167969673,0.0012000000000000205,0.4028531138250283,0.0002014265569125142,0.003216386700450904,0.005929159416444851,3
mnist_mlp,scratch,8192,181,37477,0.003,0.003,96,3.0,24576,0.16871138537923494,0.9497884114583334,0.2426606689453125,0.9279333333333334,192.45651902568838,0.2886847785385325,0.4573961639177675,0.531345447483845,0.0031300076228736864,0.001977137144084682,0.00577341135523768,0.0010066445913694529,0.4176610628319936,0.0006264915942479699,0.0035141677651837114,0.006198316487634966,3
mnist_mlp,scratch,8192,181,37477,0.003,0.01,96,3.0,24576,0.16882940381765366,0.9498291015625,0.2426690694173177,0.9279333333333333,191.99334752808014,0.9599667376404007,1.1287961414580543,1.2026358070577186,0.0031418040335249695,0.0020169325734690313,0.005811438677679071,0.0008082903768654385,0.4235635878315803,0.0021178179391579057,0.0046350892308419,0.007413736455552299,3
mnist_mlp,scratch,8192,181,37477,0.003,0.03,96,3.0,24576,0.16918726513783136,0.94970703125,0.24256175333658855,0.9279333333333333,190.72166130815944,2.8608249196223916,3.030012184760223,3.1033866729589796,0.003074109447302283,0.002117840768175961,0.005691927481495092,0.0006110100926607659,0.45107178337661324,0.0067660767506492955,0.008750740639488825,0.011447889039729259,3
mnist_mlp,scratch,8192,256,53002,0.003,0.0,96,3.0,24576,0.14973417793711027,0.9559326171875,0.23923594970703124,0.9300666666666667,239.95145230802396,0.0,0.14973417793711027,0.23923594970703124,0.003954776087617612,0.001760523083722651,0.006138726435118304,0.003494757979221657,1.6186155417401515,0.0,0.003954776087617612,0.006138726435118304,3
mnist_mlp,scratch,8192,256,53002,0.003,1e-06,96,3.0,24576,0.14973417793711027,0.9559326171875,0.23923594970703124,0.9300666666666667,239.95145230802396,0.00011997572615401199,0.14985415366326427,0.23935592543318526,0.003954776087617618,0.001760523083722651,0.006138726435118311,0.0034947579792216337,1.6186155417401575,8.093077708700766e-07,0.003954113809368178,0.006137978952031478,3
mnist_mlp,scratch,8192,256,53002,0.003,3e-06,96,3.0,24576,0.14973417793711027,0.9559326171875,0.23923594970703124,0.9300666666666667,239.95145230802396,0.000359927178462036,0.1500941051155723,0.23959587688549325,0.003954776087617618,0.001760523083722651,0.006138726435118311,0.0034947579792216337,1.6186155417401575,2.4279233126102516e-06,0.003952789417082425,0.006136484032911541,3
mnist_mlp,scratch,8192,256,53002,0.003,1e-05,96,3.0,24576,0.14973468333482742,0.9559326171875,0.23923577067057292,0.9300666666666667,239.94901888134578,0.001199745094406729,0.15093442842923416,0.24043551576497965,0.003954789166413953,0.001760523083722651,0.006138763007797235,0.0034947579792216337,1.6186499803218815,8.093249901609397e-06,0.003948168609308894,0.006131288706561731,3
mnist_mlp,scratch,8192,256,53002,0.003,3e-05,96,3.0,24576,0.1497343679269155,0.9559326171875,0.2392364573160807,0.9300666666666667,239.94562422018498,0.003599184363302775,0.15333355229021825,0.2428356416793835,0.003954477485730417,0.001760523083722651,0.0061370132398062055,0.0034947579792216337,1.6164613714348979,2.424692057152343e-05,0.003934626234994861,0.006114645339356298,3
mnist_mlp,scratch,8192,256,53002,0.003,0.0001,96,3.0,24576,0.1497359685599804,0.9559326171875,0.2392375559488932,0.9300666666666667,239.9411793909967,0.011997058969549834,0.16173302752953023,0.25123461491844307,0.003952344390374016,0.001760523083722651,0.006135260492764046,0.0034947579792216337,1.6189707188213607,8.09485359410675e-05,0.003886093217249605,0.006060770537244153,3
mnist_mlp,scratch,8192,256,53002,0.003,0.0003,96,3.0,24576,0.14973858123024306,0.9558919270833334,0.2392319061279297,0.9300666666666667,239.9269443669667,0.035989041655045,0.18572762288528807,0.27522094778297473,0.003950609010703739,0.0017104369756659802,0.006138877467415413,0.0034947579792216337,1.6192422484679352,0.00024288633727019261,0.0037532419410943566,0.005915844308108586,3
mnist_mlp,scratch,8192,256,53002,0.003,0.001,96,3.0,24576,0.14974684889117876,0.9558919270833334,0.23922223002115883,0.93,239.87096307395646,0.11993548153697824,0.269682330428157,0.3591577115581371,0.003951079739975435,0.0018283400015186224,0.00614888694735195,0.003605551275463969,1.6198516685447348,0.0008099258342723614,0.003315363443180743,0.0054115442294494906,3
mnist_mlp,scratch,8192,256,53002,0.003,0.003,96,3.0,24576,0.14978636801242828,0.9559326171875,0.23923140360514325,0.9299333333333334,239.6993511132896,0.3595490266699344,0.5093353946823628,0.5987804302750775,0.003939766139050366,0.0017306453709421174,0.006102967191899459,0.0037166292972710766,1.5991901969107574,0.0023987852953661543,0.0023971100574466508,0.003992197749598148,3
mnist_mlp,scratch,8192,256,53002,0.003,0.01,96,3.0,24576,0.14989358186721802,0.9560139973958334,0.2391608144124349,0.9299333333333334,239.10542500546822,1.1955271250273414,1.3454207068945594,1.434687939439776,0.003951965537081777,0.0017787673335281798,0.006087765039117842,0.0035232560697929793,1.6482441514548258,0.008241220757274115,0.005553601307908665,0.0033546056915609835,3
mnist_mlp,scratch,8192,256,53002,0.003,0.03,96,3.0,24576,0.1502750056485335,0.955810546875,0.23894167785644535,0.9298000000000001,237.39325987081975,3.560898898062296,3.7111739037108293,3.7998405759187412,0.003957014627300119,0.002082363538724607,0.006151703052223734,0.0037040518354904493,1.6541247442155602,0.02481187116323346,0.021740112020055442,0.019165455371487783,3
mnist_mlp,scratch,11585,32,6634,0.003,0.0,136,3.0052654294346137,34816,0.2549029828146917,0.9247590274780606,0.28865908711751304,0.9136666666666667,94.82254512608051,0.0,0.2549029828146917,0.28865908711751304,0.0021237409848682658,0.0027747520532277435,0.003293114536841157,0.0020526405757787963,3.351151182363809,0.0,0.0021237409848682658,0.003293114536841157,3
mnist_mlp,scratch,11585,32,6634,0.003,1e-06,136,3.0052654294346137,34816,0.2549029828146917,0.9247590274780606,0.28865908711751304,0.9136666666666667,94.82254512608051,4.741127256304025e-05,0.2549503940872548,0.28870649839007606,0.0021237409848682658,0.0027747520532277435,0.003293114536841157,0.0020526405757787963,3.351151182363809,1.6755755911819045e-06,0.002122068308924009,0.003291714569432441,3
mnist_mlp,scratch,11585,32,6634,0.003,3e-06,136,3.0052654294346137,34816,0.2549029828146917,0.9247590274780606,0.28865908711751304,0.9136666666666667,94.82254512608051,0.00014223381768912078,0.25504521663238083,0.2888013209352021,0.0021237409848682658,0.0027747520532277435,0.003293114536841157,0.0020526405757787963,3.351151182363809,5.026726773545717e-06,0.002118722970782604,0.003288915407798421,3
mnist_mlp,scratch,11585,32,6634,0.003,1e-05,136,3.0052654294346137,34816,0.2549039337724563,0.9247590274780606,0.28865960998535156,0.9136666666666667,94.82162781556447,0.0004741081390778224,0.2553780419115341,0.2891337181244294,0.0021237148113480184,0.0027747520532277435,0.003292958797447426,0.0020526405757787963,3.3510585214708253,1.6755292607354116e-05,0.0021069887124129127,0.0032789714671625936,3
mnist_mlp,scratch,11585,32,6634,0.003,3e-05,136,3.0052654294346137,34816,0.25490423758721764,0.9247590274780606,0.28865974731445315,0.9136666666666667,94.82132677237193,0.001422319901585579,0.25632655748880323,0.2900820672160387,0.0021237079519746244,0.0027747520532277435,0.0032929693528001586,0.0020526405757787963,3.3510463718106407,5.026569557715961e-05,0.002073531229059663,0.0032510862119177297,3
mnist_mlp,scratch,11585,32,6634,0.003,0.0001,136,3.0052654294346137,34816,0.25490634936323237,0.9247590274780606,0.28866075744628905,0.9136666666666667,94.81935036927462,0.004740967518463732,0.2596473168816961,0.29340172496475275,0.0021236381192223926,0.0027747520532277435,0.0032928698121044175,0.0020526405757787963,3.3509630171493767,0.00016754815085746883,0.001956404266095653,0.003154217667636398,3
mnist_mlp,scratch,11585,32,6634,0.003,0.0003,136,3.0052654294346137,34816,0.25491268381319904,0.9247878003165012,0.2886593963623047,0.9136000000000001,94.81325854361057,0.014221988781541586,0.26913467259474066,0.30288138514384627,0.0021143338318648326,0.0027436979747930135,0.003292995485722471,0.0021633307652783322,3.349601649477031,0.0005024402474215552,0.0016129417256226834,0.0028873218986119726,3
mnist_mlp,scratch,11585,32,6634,0.003,0.001,136,3.0052654294346137,34816,0.2549423584370729,0.9248741188318227,0.2886982737223307,0.9135333333333334,94.7889943048358,0.0473944971524179,0.3023368555894908,0.3360927708747486,0.0021115608250389865,0.0026637806185605853,0.0032788922424245833,0.0022744962812309157,3.3485379885166267,0.0016742689942583098,0.0004530385673140534,0.002080259632836601,3
mnist_mlp,scratch,11585,32,6634,0.003,0.003,136,3.0052654294346137,34816,0.2550123095906839,0.9246727089627392,0.28879646606445314,0.9137333333333334,94.74140020708244,0.14211210031062363,0.39712440990130754,0.43090856637507685,0.0020963373473021304,0.0027081646070010778,0.0031690016631302042,0.0020132891827388177,3.3419282411888482,0.005012892361783292,0.0029250243714615304,0.0029995412453800844,3
mnist_mlp,scratch,11585,32,6634,0.003,0.01,136,3.0052654294346137,34816,0.255210470573591,0.9249028916702633,0.28888724365234375,0.9136666666666667,94.51728408038616,0.4725864204019308,0.7277968909755218,0.7614736640542746,0.002066589645801198,0.0025474932349372373,0.0031004799985974822,0.0025794056162869736,3.3291973522645484,0.01664598676132272,0.014585190344978998,0.014131504299827501,3
mnist_mlp,scratch,11585,32,6634,0.003,0.03,136,3.0052654294346137,34816,0.25597418712516634,0.9246151632858582,0.2892687744140625,0.9132666666666666,93.88674185921748,1.4083011278882622,1.6642753150134286,1.6975699023023247,0.001993121550128827,0.002420512361737671,0.003063179242099726,0.0022479620400116186,3.2868183686166574,0.04930227552924985,0.0473124356759103,0.04680508876247624,3
mnist_mlp,scratch,11585,45,9325,0.003,0.0,136,3.0052654294346137,34816,0.22365815644640832,0.9335922888792979,0.25661461486816406,0.9229333333333333,106.48834247887135,0.0,0.22365815644640832,0.25661461486816406,0.0047774182829006355,0.002564013486256807,0.004997961428014551,0.003585154575933064,3.364102356017501,0.0,0.0047774182829006355,0.004997961428014551,3
mnist_mlp,scratch,11585,45,9325,0.003,1e-06,136,3.0052654294346137,34816,0.22365815644640832,0.9335922888792979,0.25661461486816406,0.9229333333333333,106.48834247887135,5.324417123943567e-05,0.2237114006176478,0.25666785903940353,0.0047774182829006355,0.002564013486256807,0.004997961428014551,0.003585154575933064,3.364102356017501,1.6820511780087523e-06,0.004776600393710004,0.0049984428127378576,3
mnist_mlp,scratch,11585,45,9325,0.003,3e-06,136,3.0052654294346137,34816,0.22365815644640832,0.9335922888792979,0.25661461486816406,0.9229333333333333,106.48834247887135,0.000159732513718307,0.22381788896012667,0.2567743473818824,0.004777418282900623,0.0025640134862568316,0.0049979614280145504,0.0035851545759330744,3.364102356017501,5.046153534026248e-06,0.0047749659726287605,0.004999407140908474,3
mnist_mlp,scratch,11585,45,9325,0.003,1e-05,136,3.0052654294346137,34816,0.22365900642527828,0.9335922888792979,0.2566149566650391,0.9229333333333333,106.48725647727649,0.0005324362823863825,0.22419144270766467,0.25714739294742545,0.004777378475444452,0.002564013486256807,0.004997903534512509,0.003585154575933064,3.36406920910329,1.682034604551649e-05,0.004769220046317038,0.005002740640122296,3
mnist_mlp,scratch,11585,45,9325,0.003,3e-05,136,3.0052654294346137,34816,0.2236592988250342,0.9335922888792979,0.2566150838216146,0.9229333333333333,106.48691997925441,0.0015973037996888163,0.225256602624723,0.25821238762130344,0.00477737595311644,0.0025640134862568316,0.004997877122644317,0.0035851545759330744,3.3640513448297074,5.046077017244575e-05,0.004753037183623212,0.005012543390770399,3
mnist_mlp,scratch,11585,45,9325,0.003,0.0001,136,3.0052654294346137,34816,0.22369676287303533,0.9335059703639764,0.25662491658528647,0.9228,106.4922145108382,0.005324610725541909,0.22902137359857724,0.2619495273108284,0.004740213117781545,0.0024189727586802993,0.004982257347248801,0.0034871191548326258,3.357066455922555,0.00016785332279612773,0.004660107938270124,0.00503312341617974,3
mnist_mlp,scratch,11585,45,9325,0.003,0.0003,136,3.0052654294346137,34816,0.22369517706535033,0.9334484246870954,0.25663367513020835,0.9227333333333334,106.48186521977186,0.015972279782965778,0.2396674568483161,0.27260595491317413,0.004735560742395069,0.002447552331248626,0.004973509845715608,0.0034195516275286695,3.3555959980023924,0.0005033393997003586,0.004507694435865919,0.005140185219736297,3
mnist_mlp,scratch,11585,45,9325,0.003,0.001,136,3.0052654294346137,34816,0.2237254795145258,0.9335922888792979,0.2566401977539063,0.9226666666666666,106.45248749107122,0.05322624374553561,0.2769517232600614,0.30986644149944187,0.004745995885710817,0.002398868001392,0.004972051869092117,0.003534590971149831,3.35326670356992,0.0016766333517849597,0.00417734968455744,0.005674089612861932,3
mnist_mlp,scratch,11585,45,9325,0.003,0.003,136,3.0052654294346137,34816,0.223809862747379,0.9335635160408574,0.25665125427246094,0.9228666666666667,106.37428010006745,0.1595614201501012,0.3833712828974802,0.4162126744225621,0.004770548075608303,0.0024962821150043253,0.004945216912221326,0.0033545988334424525,3.36425271725165,0.0050463790758774815,0.00491247904289727,0.008008742212025181,3
mnist_mlp,scratch,11585,45,9325,0.003,0.01,136,3.0052654294346137,34816,0.22399395517506474,0.9335635160408575,0.25675960083007815,0.923,106.1164117231965,0.5305820586159825,0.7545760137910472,0.7873416594460606,0.004740706357121765,0.0024143480587884565,0.004941110404932575,0.003487119154832546,3.381914633574085,0.01690957316787041,0.015067055575152144,0.018882642821717123,3
mnist_mlp,scratch,11585,45,9325,0.003,0.03,136,3.0052654294346137,34816,0.22464305716887634,0.9335347432024169,0.2569905202229818,0.923,105.38611897081137,1.5807917845621704,1.8054348417310466,1.8377823047851523,0.004716112828776143,0.0025121505758921386,0.0049136620802269024,0.003124099870362707,3.3545780269446337,0.05031867040416951,0.048208599697299126,0.05196048345018179,3
mnist_mlp,scratch,11585,64,13258,0.003,0.0,136,3.0052654294346137,34816,0.19682934436844746,0.9415911379657603,0.2404844492594401,0.9268000000000001,124.81664446989696,0.0,0.19682934436844746,0.2404844492594401,0.002067266005573434,0.0006478682347402265,0.003269666325569222,0.0007211102550928185,1.0151938489483125,0.0,0.002067266005573434,0.003269666325569222,3
mnist_mlp,scratch,11585,64,13258,0.003,1e-06,136,3.0052654294346137,34816,0.19682934436844746,0.9415911379657603,0.2404844492594401,0.9268000000000001,124.81664446989696,6.240832223494847e-05,0.19689175269068238,0.24054685758167504,0.002067266005573434,0.0006478682347402265,0.003269666325569222,0.0007211102550928185,1.0151938489483125,5.075969244741576e-07,0.002066834943883425,0.0032692515472953513,3
mnist_mlp,scratch,11585,64,13258,0.003,3e-06,136,3.0052654294346137,34816,0.19682934436844746,0.9415911379657603,0.2404844492594401,0.9268000000000001,124.81664446989696,0.00018722496670484545,0.1970165693351523,0.2406716742261449,0.002067266005573434,0.0006478682347402265,0.003269666325569222,0.0007211102550928185,1.0151938489483125,1.5227907734224557e-06,0.002065972924822963,0.0032684220693301454,3
mnist_mlp,scratch,11585,64,13258,0.003,1e-05,136,3.0052654294346137,34816,0.19683122433204306,0.9415911379657603,0.24048549194335936,0.9267333333333333,124.81687668710947,0.0006240843834355474,0.1974553087154786,0.24110957632679494,0.0020668557624090983,0.0006478682347402265,0.0032704157824722654,0.0007571877794400093,1.014373085333613,5.071865426668e-06,0.0020625430957798073,0.003266278175918795,3
mnist_mlp,scratch,11585,64,13258,0.003,3e-05,136,3.0052654294346137,34816,0.19683135779979946,0.9415911379657603,0.24048524881998698,0.9267333333333333,124.8162079838415,0.0018722431197576224,0.1987036009195571,0.24235749193974462,0.002066592368819377,0.0006478682347402265,0.0032702684956997133,0.0007571877794400093,1.0147256044764432,1.5220884067146651e-05,0.002053657758875851,0.003257863396663825,3
mnist_mlp,scratch,11585,64,13258,0.003,0.0001,136,3.0052654294346137,34816,0.19684155315585214,0.9415911379657603,0.24049845784505208,0.9268000000000001,124.81425400202473,0.006240712700101236,0.20308226585595338,0.2467391705451533,0.0020765687564903703,0.0006478682347402265,0.0032682252527135355,0.0006928203230275388,1.015317638310116,5.0765881915505894e-05,0.0020336274249923877,0.003226800174513803,3
mnist_mlp,scratch,11585,64,13258,0.003,0.0003,136,3.0052654294346137,34816,0.1968433997525086,0.9415335922888793,0.24049094645182292,0.9268000000000001,124.80696594094236,0.01872104489114135,0.21556444464365,0.25921199134296424,0.00208029178671411,0.000606281326592046,0.0032842207966180814,0.0006928203230275868,1.0167888674884913,0.0001525183301232733,0.0019521893089329892,0.0031605345151565624,3
mnist_mlp,scratch,11585,64,13258,0.003,0.001,136,3.0052654294346137,34816,0.19687730583110793,0.9415911379657603,0.2405044250488281,0.9268666666666666,124.79127762218316,0.062395638811091586,0.2592729446421995,0.3029000638599197,0.002074542864096213,0.0006592685505619172,0.003218741994054739,0.0006429100507328475,1.0326003544705964,0.0005163001772353039,0.0016607027034467846,0.002809084146037347,3
mnist_mlp,scratch,11585,64,13258,0.003,0.003,136,3.0052654294346137,34816,0.19694093746206706,0.9414472737735577,0.2405112091064453,0.9268666666666666,124.67714781314135,0.187015721719712,0.38395665918177907,0.42752693082615734,0.0020539262345280252,0.0006704750509411727,0.003220274885403053,0.000503322295684742,1.002371415110149,0.0015035571226652198,0.001110983090562859,0.0021617824465808484,3
mnist_mlp,scratch,11585,64,13258,0.003,0.01,136,3.0052654294346137,34816,0.19713667846381142,0.9414472737735577,0.24054630432128907,0.9267333333333333,124.3387120788296,0.621693560394148,0.8188302388579595,0.8622398647154371,0.0020346902842412564,0.0005274148404495367,0.003250900339433052,0.0007571877794400093,1.0261314719407957,0.005130657359703945,0.003523626619961107,0.0031915248462563396,3
mnist_mlp,scratch,11585,64,13258,0.003,0.03,136,3.0052654294346137,34816,0.19771098143899035,0.9415048194504387,0.24051571044921874,0.9268666666666666,123.41664770369728,1.8512497155554593,2.0489606969944494,2.091765426004678,0.0020243521477782264,0.00047540531267033123,0.0033497829373160407,0.0007023769168568852,1.0443888939950738,0.015665833409926215,0.013979904973869332,0.013041509267259558,3
mnist_mlp,scratch,11585,91,18847,0.003,0.0,136,3.0052654294346137,34816,0.1808085518832722,0.9474895698460654,0.23128319498697916,0.9312,150.1361354291439,0.0,0.1808085518832722,0.23128319498697916,0.00016514940255939298,0.000815850777082877,0.002238401974261586,0.0015620499351813684,0.995098262026839,0.0,0.00016514940255939298,0.002238401974261586,3
mnist_mlp,scratch,11585,91,18847,0.003,1e-06,136,3.0052654294346137,34816,0.1808085518832722,0.9474895698460654,0.23128319498697916,0.9312,150.1361354291439,7.506806771457194e-05,0.18088361995098676,0.23135826305469373,0.00016514940255939298,0.000815850777082877,0.002238401974261586,0.0015620499351813187,0.995098262026839,4.97549131013417e-07,0.00016469351232104306,0.0022385774230238124,3
mnist_mlp,scratch,11585,91,18847,0.003,3e-06,136,3.0052654294346137,34816,0.1808085518832722,0.9474895698460654,0.23128319498697916,0.9312,150.1361354291439,0.00022520420314371586,0.18103375608641592,0.23150839919012287,0.00016514940255939298,0.000815850777082877,0.002238401974261586,0.0015620499351813187,0.995098262026839,1.4926473930402635e-06,0.00016378245938229833,0.0022389286110079815,3
mnist_mlp,scratch,11585,91,18847,0.003,1e-05,136,3.0052654294346137,34816,0.18080923766167864,0.9474895698460654,0.23128329671223957,0.9312,150.13442919030786,0.0007506721459515393,0.18155990980763015,0.23203396885819114,0.00016519948371814701,0.000815850777082877,0.0022384008940670766,0.0015620499351813187,0.9951234111618321,4.975617055809146e-06,0.00016065150038630782,0.0022401599173324563,3
mnist_mlp,scratch,11585,91,18847,0.003,3e-05,136,3.0052654294346137,34816,0.18080948791372195,0.9474895698460654,0.23128333841959636,0.9312,150.13390869647264,0.0022520086304470897,0.18306149654416903,0.23353534705004345,0.00016520478527435746,0.000815850777082877,0.0022384087002364638,0.0015620499351813187,0.9951164938325937,1.4926747407488985e-05,0.00015164120179369988,0.0022437148444244322,3
mnist_mlp,scratch,11585,91,18847,0.003,0.0001,136,3.0052654294346137,34816,0.1808104608234202,0.9475471155229463,0.23128745320638022,0.9312,150.12934220706424,0.007506467110353212,0.18831692793377341,0.23879392031673344,0.00016890072270665856,0.0008020348073523935,0.0022316042533574512,0.0015620499351813187,0.9924545231700743,4.962272615850347e-05,0.00012514533015741433,0.002249517213937091,3
mnist_mlp,scratch,11585,91,18847,0.003,0.0003,136,3.0052654294346137,34816,0.1808130976896872,0.9475471155229463,0.23127335408528646,0.9312666666666667,150.11589774737755,0.02251738466210663,0.20333048235179382,0.25379073874739305,0.00017131530000614453,0.0007187452738769784,0.002230330547790616,0.0016289055630493952,0.9932682333214902,0.00014899023499822365,6.808811391726e-05,0.002286391991739599,3
mnist_mlp,scratch,11585,91,18847,0.003,0.001,136,3.0052654294346137,34816,0.1808177260353726,0.9475183426845059,0.23124779256184894,0.9312,150.0720348569254,0.0750360174284627,0.2558537434638353,0.30628380999031163,0.00016473071030906352,0.0009135093003244254,0.002234978969373243,0.0013856406460551094,0.9916164122146094,0.0004958082061073086,0.0003475896384234826,0.0024603544761307755,3
mnist_mlp,scratch,11585,91,18847,0.003,0.003,136,3.0052654294346137,34816,0.1808502912898661,0.9476622068767084,0.2311949473063151,0.9312,149.929269036899,0.22489390355534852,0.4057441948452147,0.4560888508616636,0.00016661336931253848,0.0008731975776431563,0.002207708891875489,0.0015620499351813187,1.008063438832729,0.0015120951582490874,0.0013611738693377299,0.003079362314249247,3
mnist_mlp,scratch,11585,91,18847,0.003,0.01,136,3.0052654294346137,34816,0.18103807164240082,0.9476334340382678,0.23128630065917968,0.9312666666666667,149.53974387298027,0.7476987193649015,0.9287367910073022,0.9789850200240812,0.00020721979486936325,0.0007736630504818795,0.002224918817241825,0.0016165807537309343,0.9715465347333464,0.004857732673666754,0.004661675570023695,0.0060182077937001,3
mnist_mlp,scratch,11585,91,18847,0.003,0.03,136,3.0052654294346137,34816,0.18157463485329225,0.9475471155229463,0.2313204335530599,0.9314,148.3461986730496,2.225192980095744,2.406767614949036,2.456513413648804,0.00018400170778194814,0.0008646225982631227,0.0023062234687666865,0.0012165525060596446,0.9794348080459009,0.014691522120688501,0.01451820212374332,0.015691773592987558,3
mnist_mlp,scratch,11585,128,26506,0.003,0.0,136,3.0052654294346137,34816,0.16071214144940926,0.9534455474032514,0.2218592549641927,0.9348666666666666,175.93167692857483,0.0,0.16071214144940926,0.2218592549641927,0.0023076725037522515,0.0010298103966722635,0.00428628429612896,0.0016165807537309102,1.8652717533378922,0.0,0.0023076725037522515,0.00428628429612896,3
mnist_mlp,scratch,11585,128,26506,0.003,1e-06,136,3.0052654294346137,34816,0.16071214144940926,0.9534455474032514,0.2218592549641927,0.9348666666666666,175.93167692857483,8.796583846428742e-05,0.16080010728787356,0.22194722080265702,0.0023076725037522515,0.0010298103966722635,0.00428628429612896,0.0016165807537309102,1.8652717533378922,9.326358766689392e-07,0.0023073060836296504,0.004285576855200518,3
mnist_mlp,scratch,11585,128,26506,0.003,3e-06,136,3.0052654294346137,34816,0.16071214144940926,0.9534455474032514,0.2218592549641927,0.9348666666666666,175.93167692857483,0.00026389751539286226,0.16097603896480214,0.22212315247958558,0.0023076725037522593,0.0010298103966723156,0.004286284296128959,0.0016165807537309102,1.865271753337885,2.797907630006825e-06,0.0023065742000578883,0.004284162231973168,3
mnist_mlp,scratch,11585,128,26506,0.003,1e-05,136,3.0052654294346137,34816,0.16071293742652248,0.9534455474032514,0.22185944112141928,0.9348666666666666,175.92944171652198,0.00087964720858261,0.1615925846351051,0.2227390883300019,0.002307608807884135,0.0010298103966723156,0.004286347285178864,0.0016165807537309102,1.8653538380446968,9.326769190223482e-06,0.0023039584450577077,0.004279276160072466,3
mnist_mlp,scratch,11585,128,26506,0.003,3e-05,136,3.0052654294346137,34816,0.1607133602207641,0.9534455474032514,0.22185997823079426,0.9348666666666666,175.9289449925224,0.002638934174887836,0.16335229439565194,0.2244989124056821,0.0023073536921778995,0.0010298103966722776,0.004285466143289237,0.0016165807537309102,1.8656768795975298,2.7985153193962745e-05,0.0022964981992467867,0.00426427536595728,3
mnist_mlp,scratch,11585,128,26506,0.003,0.0001,136,3.0052654294346137,34816,0.16072700466462783,0.9534167745648108,0.22188673095703124,0.9348666666666666,175.9231515036275,0.008796157575181375,0.16952316223980923,0.23068288853221264,0.002317227246782851,0.0010653723827693247,0.00429542523510562,0.0016165807537309102,1.858740290888679,9.293701454443371e-05,0.0022829118763260303,0.004225944643836305,3
mnist_mlp,scratch,11585,128,26506,0.003,0.0003,136,3.0052654294346137,34816,0.16073142622309852,0.9534167745648109,0.22189200134277343,0.9348,175.91341370902956,0.026387012056354433,0.18711843827945296,0.24827901339912786,0.002328508341942848,0.0011494739954215575,0.004307818587442713,0.0017320508075688629,1.8548612192164928,0.0002782291828824728,0.0022359746913535572,0.004103191972578388,3
mnist_mlp,scratch,11585,128,26506,0.003,0.001,136,3.0052654294346137,34816,0.1607673422207405,0.9535030930801324,0.22185165506998697,0.935,175.85207948771617,0.08792603974385808,0.24869338196459856,0.30977769481384504,0.0023209979591875844,0.0011494739954215774,0.004271068961741306,0.001562049935181276,1.8587292388496972,0.0009293646194248541,0.0021474517756739277,0.0036259170548693744,3
mnist_mlp,scratch,11585,128,26506,0.003,0.003,136,3.0052654294346137,34816,0.1608029561597758,0.9533880017263704,0.22185838623046875,0.9348000000000001,175.70725201567015,0.2635608780235052,0.424363834183281,0.4854192642539739,0.0022926765691815704,0.0010465563791956668,0.0043360803724830435,0.0013856406460550615,1.8607293962850584,0.002791094094427581,0.0028324277646417525,0.002893119546095628,3
mnist_mlp,scratch,11585,128,26506,0.003,0.01,136,3.0052654294346137,34816,0.1609863680775192,0.9533016832110488,0.22183237406412762,0.9349333333333334,175.19672345990935,0.8759836172995468,1.036969985377066,1.0978159913636745,0.0022869493654157458,0.0011991751393569242,0.004155675061588605,0.0014189197769195183,1.8341349182233317,0.00917067459111664,0.008549489529754317,0.006595597855251283,3
mnist_mlp,scratch,11585,128,26506,0.003,0.03,136,3.0052654294346137,34816,0.16149175603035423,0.9534743202416918,0.22195940348307294,0.9349333333333334,173.70968985371292,2.6056453478056936,2.7671371038360477,2.8276047512887668,0.00236939171483669,0.0012237761656244115,0.004220019923849557,0.0015534906930308222,1.862792396769807,0.02794188595154694,0.027125229524102124,0.02499779213598555,3
mnist_mlp,scratch,11585,181,37477,0.003,0.0,136,3.0052654294346137,34816,0.14605428788700028,0.9568407423392317,0.21134094848632812,0.9388666666666666,210.2527090230336,0.0,0.14605428788700028,0.21134094848632812,0.003880508743668634,0.0005250550306687972,0.0035685049684123986,0.0008082903768655015,0.9050106168804725,0.0,0.003880508743668634,0.0035685049684123986,3
mnist_mlp,scratch,11585,181,37477,0.003,1e-06,136,3.0052654294346137,34816,0.14605428788700028,0.9568407423392317,0.21134094848632812,0.9388666666666666,210.2527090230336,0.00010512635451151679,0.14615941424151183,0.21144607484083963,0.003880508743668639,0.0005250550306687858,0.003568504968412398,0.0008082903768654923,0.9050106168804657,4.525053084402363e-07,0.003880120935434943,0.003568262479014029,3
mnist_mlp,scratch,11585,181,37477,0.003,3e-06,136,3.0052654294346137,34816,0.14605428788700028,0.9568407423392317,0.21134094848632812,0.9388666666666666,210.2527090230336,0.00031537906353455036,0.14636966695053485,0.21165632754986266,0.003880508743668639,0.0005250550306687858,0.003568504968412398,0.0008082903768655267,0.9050106168804657,1.3575159253207424e-06,0.0038793453610101417,0.003567777622949076,3
mnist_mlp,scratch,11585,181,37477,0.003,1e-05,136,3.0052654294346137,34816,0.14605513040221282,0.9568407423392317,0.21134118143717448,0.9388666666666666,210.24984873303524,0.0010512492436651761,0.147106379645878,0.21239243068083966,0.0038806278801841385,0.0005250550306687858,0.003568884554244823,0.0008082903768655267,0.9043592688534808,4.521796344267449e-06,0.0038767530851580036,0.003566462950167157,3
mnist_mlp,scratch,11585,181,37477,0.003,3e-05,136,3.0052654294346137,34816,0.1460553284086541,0.9568407423392317,0.2113411387125651,0.9388666666666666,210.24891695442298,0.0031537337543163448,0.14920906216297045,0.21449487246688145,0.003880631455149029,0.0005250550306687858,0.0035688841641309237,0.0008082903768654923,0.9043517007426535,1.3565275511139835e-05,0.0038690113713662133,0.0035616317000389764,3
mnist_mlp,scratch,11585,181,37477,0.003,0.0001,136,3.0052654294346137,34816,0.14605872920221122,0.9568407423392317,0.21134144592285156,0.9389333333333333,210.2421272918582,0.01051210636459291,0.15657083556680415,0.2218535522874445,0.00388322789324153,0.0005250550306687858,0.0035695051393130122,0.0007023769168568377,0.9053057594524434,4.5265287972621275e-05,0.0038444855840575774,0.0035454414334894512,3
mnist_mlp,scratch,11585,181,37477,0.003,0.0003,136,3.0052654294346137,34816,0.14604790777701163,0.9568695151776723,0.21132231140136717,0.9389333333333333,210.22609189835688,0.03153391378475353,0.17758182156176516,0.2428562251861207,0.0038855391488153363,0.0006478682347401674,0.003559389872704105,0.0007023769168568377,0.9075636058010719,0.0001361345408701622,0.003768936085081118,0.0034877486979221083,3
mnist_mlp,scratch,11585,181,37477,0.003,0.001,136,3.0052654294346137,34816,0.14608502674061621,0.9569558336929939,0.2113526835123698,0.9388666666666666,210.1581264877071,0.10507906324385356,0.25116408998446976,0.3164317467562234,0.0038792632918772476,0.0007239099770052782,0.0036275140356005647,0.0008082903768655267,0.9001035985036396,0.00045005179925181824,0.0034998776043162396,0.003405651717678942,3
mnist_mlp,scratch,11585,181,37477,0.003,0.003,136,3.0052654294346137,34816,0.1461401186303567,0.9569846065314342,0.21137120259602862,0.9386666666666666,209.9462294426436,0.31491934416396544,0.46105946279432214,0.5262905467599941,0.003863927386732332,0.0005549504106455777,0.0037470497015073974,0.0006110100926608507,0.8961201357597727,0.0013441802036396372,0.002789309437759106,0.003223564731498636,3
mnist_mlp,scratch,11585,181,37477,0.003,0.01,136,3.0052654294346137,34816,0.1462510882890614,0.9570133793698749,0.2113599548339844,0.9385333333333333,209.35606309833625,1.0467803154916815,1.1930314037807428,1.2581402703256657,0.0038960164526164317,0.0006224516660274537,0.003656991361141966,0.0004618802153517619,0.9222166807568657,0.004611083403784266,0.0023438760083279806,0.004026998945143399,3
mnist_mlp,scratch,11585,181,37477,0.003,0.03,136,3.0052654294346137,34816,0.1466922567381548,0.9568119695007913,0.2112344248453776,0.9386000000000001,207.42384359209487,3.111357653881423,3.2580499106195777,3.322592078726801,0.003816642861489288,0.00047540531267036066,0.0038073986359474575,0.0005291502622129385,0.9465089653662427,0.014197634480493606,0.011216378486590066,0.012324422858185248,3
mnist_mlp,scratch,11585,256,53002,0.003,0.0,136,3.0052654294346137,34816,0.1315728975772652,0.9606963026902604,0.2042728983561198,0.9409333333333333,259.7178470150878,0.0,0.1315728975772652,0.2042728983561198,0.0007738498275908678,0.001109900821291072,0.0044211527672018336,0.0010263202878893901,1.318002900983665,0.0,0.0007738498275908678,0.0044211527672018336,3
mnist_mlp,scratch,11585,256,53002,0.003,1e-06,136,3.0052654294346137,34816,0.1315728975772652,0.9606963026902604,0.2042728983561198,0.9409333333333333,259.7178470150878,0.0001298589235075439,0.13170275650077273,0.20440275727962734,0.0007738498275908678,0.001109900821291072,0.0044211527672018336,0.0010263202878893901,1.318002900983665,6.59001450491838e-07,0.0007740196518016753,0.004421351290388571,3
mnist_mlp,scratch,11585,256,53002,0.003,3e-06,136,3.0052654294346137,34816,0.1315728975772652,0.9606963026902604,0.2042728983561198,0.9409333333333333,259.7178470150878,0.00038957677052263174,0.13196247434778782,0.2046624751266424,0.0007738498275908678,0.001109900821291072,0.0044211527672018336,0.0010263202878893901,1.318002900983665,1.9770043514755075e-06,0.0007743608709757261,0.004421748604668411,3
mnist_mlp,scratch,11585,256,53002,0.003,1e-05,136,3.0052654294346137,34816,0.13157431259890662,0.9606963026902604,0.20427105000813803,0.9409333333333333,259.71506520950544,0.0012985753260475275,0.13287288792495414,0.20556962533418555,0.000775458594076523,0.0011099008212910404,0.0044186147464953815,0.001026320287889371,1.3180362335248812,6.590181167624454e-06,0.0007771852546443603,0.004420612403048753,3
mnist_mlp,scratch,11585,256,53002,0.003,3e-05,136,3.0052654294346137,34816,0.13157118357028777,0.9606963026902604,0.20426355692545572,0.9409333333333333,259.7165075878923,0.0038957476138183848,0.13546693118410616,0.20815930453927411,0.0007696349859599662,0.001109900821291072,0.004406192302087597,0.0010263202878893901,1.3179798999230308,1.9769698498845244e-05,0.0007750724186704251,0.0044122928799590795,3
mnist_mlp,scratch,11585,256,53002,0.003,0.0001,136,3.0052654294346137,34816,0.13158021327866495,0.9606963026902604,0.20426571146647135,0.9408666666666666,259.71075485801947,0.012985537742900973,0.1445657510215659,0.21725124920937233,0.0007626841483015661,0.0011099008212910805,0.004398689123798646,0.0009451631252505478,1.3167388532564923,6.583694266282517e-05,0.0007826404291654717,0.004418710305514418,3
mnist_mlp,scratch,11585,256,53002,0.003,0.0003,136,3.0052654294346137,34816,0.13158632820929542,0.9606675298518198,0.20427116495768227,0.9409333333333333,259.6790867599969,0.038951863013999534,0.17053819122329497,0.24322302797168183,0.0007622386774362166,0.0010792691315500258,0.0043922871417104905,0.0010263202878893901,1.3249965358083453,0.00019874948037124996,0.0008371773922902704,0.004455721041702093,3
mnist_mlp,scratch,11585,256,53002,0.003,0.001,136,3.0052654294346137,34816,0.13160271313255287,0.9606675298518198,0.20417223307291665,0.9410666666666666,259.58339125849307,0.12979169562924653,0.2613944087617994,0.3339639287021632,0.000763430983577469,0.0012578042292845783,0.00458345922574572,0.0008082903768654695,1.3495720883691371,0.0006747860441845638,0.0011451677482696894,0.004848520121661036,3
mnist_mlp,scratch,11585,256,53002,0.003,0.003,136,3.0052654294346137,34816,0.13165728432242774,0.9607826212055818,0.20410579427083334,0.9410666666666666,259.3387456492831,0.3890081184739247,0.5206654027963524,0.593113912744758,0.0007495960389794971,0.001099785058473103,0.0045205125794705175,0.0007023769168568615,1.3165595456558152,0.0019748393184837163,0.002242408470429357,0.005502994735563304,3
mnist_mlp,scratch,11585,256,53002,0.003,0.01,136,3.0052654294346137,34816,0.13176840544947446,0.9605812113364983,0.20415697326660154,0.9409333333333333,258.50074436236173,1.2925037218118087,1.4242721272612833,1.4966606950784103,0.0007529671884921633,0.0010298103966722635,0.004446041219818785,0.000986576572463275,1.374654106148671,0.006873270530743285,0.007118636389245648,0.00929191799074092,3
mnist_mlp,scratch,11585,256,53002,0.003,0.03,136,3.0052654294346137,34816,0.13222054284076143,0.9604085743058551,0.20390685221354166,0.941,256.03266750214,3.8404900125321,3.9727105553728617,4.044396864745642,0.000715635349620119,0.0012812800505373114,0.004305307031065158,0.0008000000000000229,1.4176740634111882,0.021265110951167794,0.021542734700895117,0.023159352047179345,3
mnist_mlp,scratch,16384,32,6634,0.003,0.0,192,3.0,49152,0.21956430934369564,0.935546875,0.251187201944987,0.9259333333333334,106.94601552188396,0.0,0.21956430934369564,0.251187201944987,0.0018628545096463975,0.0019184855524294081,0.002834526543526972,0.0023692474191889024,2.632241803203188,0.0,0.0018628545096463975,0.002834526543526972,3
mnist_mlp,scratch,16384,32,6634,0.003,1e-06,192,3.0,49152,0.21956430934369564,0.935546875,0.251187201944987,0.9259333333333334,106.94601552188396,5.347300776094198e-05,0.21961778235145657,0.25124067495274793,0.0018628545096463975,0.0019184855524294081,0.002834526543526972,0.0023692474191889024,2.632241803203188,1.3161209016015985e-06,0.00186170311025564,0.0028333499669472312,3
mnist_mlp,scratch,16384,32,6634,0.003,3e-06,192,3.0,49152,0.21956430934369564,0.935546875,0.251187201944987,0.9259333333333334,106.94601552188396,0.00016041902328282594,0.21972472836697846,0.25134762096826985,0.0018628545096463975,0.0019184855524294081,0.0028345265435269816,0.0023692474191889016,2.632241803203188,3.948362704804777e-06,0.0018594009672558691,0.0028309971823947586,3
mnist_mlp,scratch,16384,32,6634,0.003,1e-05,192,3.0,49152,0.2195652953038613,0.935546875,0.2511875244140625,0.9259333333333334,106.9446692019701,0.0005347233460098506,0.22010001864987117,0.25172224776007235,0.0018627986089899515,0.0019184855524294081,0.0028344290214600523,0.0023692474191889024,2.632204692742214,1.3161023463711032e-05,0.0018512947177488487,0.002822669055819491,3
mnist_mlp,scratch,16384,32,6634,0.003,3e-05,192,3.0,49152,0.2195663321763277,0.935546875,0.2511907287597656,0.9259333333333334,106.94410799443722,0.0016041616199165582,0.2211704937962443,0.2527948903796822,0.0018615672468764411,0.0019184855524294081,0.002830231458113241,0.0023692474191889024,2.632070629707136,3.94810594456071e-05,0.0018271283539732339,0.002795012008422723,3
mnist_mlp,scratch,16384,32,6634,0.003,0.0001,192,3.0,49152,0.21956855803728104,0.935546875,0.2511914082845052,0.9259333333333334,106.94118074327707,0.005347059037163854,0.22491561707444488,0.2565384673216691,0.001861303590748436,0.0019184855524294081,0.00282998989792596,0.0023692474191889016,2.6320759343602815,0.00013160379671801407,0.001747338581150251,0.002713051264052984,3
mnist_mlp,scratch,16384,32,6634,0.003,0.0003,192,3.0,49152,0.21958237886428833,0.9354248046875,0.2511849599202474,0.9257333333333334,106.93077289313078,0.016039615933969617,0.23562199479825793,0.26722457585421705,0.0018662757892764263,0.0020178558660664723,0.0028548722630534398,0.002042873792805895,2.6321589893575172,0.0003948238484036278,0.0015321563725812326,0.002511787118503395,3
mnist_mlp,scratch,16384,32,6634,0.003,0.001,192,3.0,49152,0.21961174408594766,0.9355061848958334,0.25115060323079424,0.9257333333333334,106.89786884685357,0.05344893442342679,0.2730606785093745,0.30459953765422104,0.001885587331554957,0.0019129759111192264,0.0028455117640177885,0.0022030282189144717,2.6420122034760274,0.001321006101738014,0.0009679723666339346,0.0017941093204349842,3
mnist_mlp,scratch,16384,32,6634,0.003,0.003,192,3.0,49152,0.2196200036754211,0.9355061848958334,0.2512182820638021,0.9258000000000001,106.81925554573536,0.16022888331860305,0.37984888699402414,0.41144716538240517,0.0018370829063664076,0.0019129759111192264,0.0028062508464062994,0.001928730152198652,2.6467813567893157,0.003970172035183972,0.002525311906687044,0.0018899724954400256,3
mnist_mlp,scratch,16384,32,6634,0.003,0.01,192,3.0,49152,0.21986650923887888,0.9354654947916666,0.25136810201009113,0.9256000000000001,106.47353002429008,0.5323676501214504,0.7522341593603293,0.7837357521315416,0.0018427485987149537,0.002114613468600612,0.0027959789850054984,0.001969771560359289,2.6202224667746004,0.013101112333873002,0.011523359319916712,0.010615336391191567,3
mnist_mlp,scratch,16384,32,6634,0.003,0.03,192,3.0,49152,0.22055943123996258,0.9353434244791666,0.25162111918131513,0.9256666666666667,105.56593440224727,1.583489016033709,1.8040484472736715,1.835110135215024,0.0017866793156056798,0.0020190862660991356,0.002837986213970984,0.001858314648635594,2.5858795387304796,0.038788193080957226,0.03727321693659926,0.036220801013074524,3
mnist_mlp,scratch,16384,45,9325,0.003,0.0,192,3.0,49152,0.19450206185380617,0.943603515625,0.23074712931315103,0.9324666666666667,119.47228100150824,0.0,0.19450206185380617,0.23074712931315103,0.006552866571798399,0.0032771957418600583,0.008790052561301581,0.00514328040586293,3.4925904709713533,0.0,0.006552866571798399,0.008790052561301581,3
mnist_mlp,scratch,16384,45,9325,0.003,1e-06,192,3.0,49152,0.19450206185380617,0.943603515625,0.23074712931315103,0.9324666666666667,119.47228100150824,5.973614050075411e-05,0.19456179799430692,0.23080686545365178,0.006552866571798399,0.0032771957418600583,0.008790052561301581,0.00514328040586293,3.4925904709713533,1.7462952354856765e-06,0.006552572277703993,0.008788920923149956,3
mnist_mlp,scratch,16384,45,9325,0.003,3e-06,192,3.0,49152,0.19450206185380617,0.943603515625,0.23074712931315103,0.9324666666666667,119.47228100150824,0.00017920842150226236,0.19468127027530846,0.23092633773465332,0.006552866571798402,0.0032771957418600583,0.008790052561301576,0.00514328040586293,3.4925904709713533,5.2388857064570424e-06,0.006551985046175032,0.008786658250810882,3
mnist_mlp,scratch,16384,45,9325,0.003,1e-05,192,3.0,49152,0.19450314653416476,0.9436442057291666,0.23074754130045574,0.9324666666666667,119.47001009682815,0.0005973500504841408,0.1951004965846489,0.23134489135093986,0.006552569658798234,0.003329820669593991,0.00878981438336882,0.00514328040586293,3.4929363180776063,1.746468159038804e-05,0.006549651475775431,0.008778509396145827,3
mnist_mlp,scratch,16384,45,9325,0.003,3e-05,192,3.0,49152,0.1945034352441629,0.9436442057291666,0.2307476033528646,0.9324666666666667,119.46947870403528,0.0017920421805605292,0.19629547742472342,0.23253964553342513,0.006552567493682409,0.003329820669593991,0.008789819360518095,0.00514328040586293,3.4929189774138902,5.239378466120839e-05,0.006543948623812419,0.008755965195810648,3
mnist_mlp,scratch,16384,45,9325,0.003,0.0001,192,3.0,49152,0.19449781440198421,0.9436442057291666,0.23074634704589844,0.9324666666666667,119.4611523176233,0.005973057615881165,0.2004708720178654,0.23671940466177963,0.006553677029237628,0.0033107470186511793,0.008791175029639916,0.00514328040586293,3.485350145020669,0.00017426750725103358,0.006526255011025165,0.008679261459415184,3
mnist_mlp,scratch,16384,45,9325,0.003,0.0003,192,3.0,49152,0.19451505256195864,0.9436442057291666,0.23072036743164062,0.9324666666666667,119.44879898428917,0.017917319847643373,0.212432372409602,0.248637687279284,0.006582835186734572,0.0034301178589044965,0.00878854254799704,0.00514328040586293,3.4862214184081304,0.00052293321276122,0.0065138589915360355,0.008460532077255455,3
mnist_mlp,scratch,16384,45,9325,0.003,0.001,192,3.0,49152,0.19452273348967233,0.9436238606770834,0.23073402709960936,0.9326,119.40840268383424,0.05970420134191712,0.2542269348315895,0.2904382284415265,0.006552091022672021,0.003344333003666888,0.00876099970102478,0.005071488933242415,3.47936202680021,0.0017396810134001023,0.006479407586293662,0.007741451962701932,3
mnist_mlp,scratch,16384,45,9325,0.003,0.003,192,3.0,49152,0.1945754506935676,0.9435017903645834,0.23076502888997397,0.9324,119.30482660979033,0.17895723991468548,0.37353269060825306,0.4097222688046595,0.006587145453238289,0.003363216185374246,0.008845426117648547,0.004995998398718755,3.490515715084449,0.005235773572626651,0.007681994283690837,0.0067242391993351,3
mnist_mlp,scratch,16384,45,9325,0.003,0.01,192,3.0,49152,0.19483043191333613,0.9435628255208334,0.23077598673502606,0.9325333333333333,118.90780764818192,0.5945390382409096,0.7893694701542456,0.8253150249759357,0.006456743088926432,0.003267139187198229,0.008809830478525372,0.005216640042530581,3.4626480085054987,0.017313240042527513,0.017469828042874776,0.01355805583304646,3
mnist_mlp,scratch,16384,45,9325,0.003,0.03,192,3.0,49152,0.1955064566185077,0.9436238606770834,0.23080640360514323,0.9321999999999999,117.7492841159304,1.7662392617389557,1.9617457183574638,1.997045665344099,0.006466105532615401,0.0034431258317317907,0.008881535454607193,0.00480416485978579,3.4407829190077877,0.05161174378511682,0.05084873259990641,0.04637100187075745,3
mnist_mlp,scratch,16384,64,13258,0.003,0.0,192,3.0,49152,0.16997183486819267,0.95037841796875,0.20717880249023438,0.9397333333333333,139.41375696659088,0.0,0.16997183486819267,0.20717880249023438,0.005027935708067513,0.002401405709583252,0.004218293271313812,0.0030088757590391525,1.2457806898258963,0.0,0.005027935708067513,0.004218293271313812,3
mnist_mlp,scratch,16384,64,13258,0.003,1e-06,192,3.0,49152,0.16997183486819267,0.95037841796875,0.20717880249023438,0.9397333333333333,139.41375696659088,6.970687848329544e-05,0.17004154174667596,0.20724850936871766,0.005027935708067513,0.002401405709583252,0.004218293271313812,0.0030088757590391525,1.2457806898258963,6.228903449129493e-07,0.00502731282254305,0.004217828948999073,3
mnist_mlp,scratch,16384,64,13258,0.003,3e-06,192,3.0,49152,0.16997183486819267,0.95037841796875,0.20717880249023438,0.9397333333333333,139.41375696659088,0.00020912063544988632,0.17018095550364257,0.20738792312568424,0.005027935708067513,0.002401405709583252,0.004218293271313812,0.0030088757590391525,1.2457806898258963,1.8686710347388376e-06,0.005026067051497683,0.004216900427016869,3
mnist_mlp,scratch,16384,64,13258,0.003,1e-05,192,3.0,49152,0.16998398676514626,0.9502766927083334,0.20717226257324217,0.9396666666666667,139.40177995463213,0.0006970088997731606,0.17068099566491943,0.20786927147301534,0.005047323043752839,0.0025651714232223445,0.004210602055156509,0.003074627348693399,1.2628529510164226,6.31426475508217e-06,0.005041008804745987,0.0042059120283805245,3
mnist_mlp,scratch,16384,64,13258,0.003,3e-05,192,3.0,49152,0.16998429782688618,0.9502766927083334,0.20717230224609376,0.9396666666666667,139.40117311726013,0.002091017596758902,0.17207531542364507,0.20926331984285265,0.0050473244458078895,0.0025651714232223445,0.004210612595710857,0.003074627348693399,1.2628327519087184,1.8942491278630864e-05,0.005028382031990554,0.004196555443210954,3
mnist_mlp,scratch,16384,64,13258,0.003,0.0001,192,3.0,49152,0.1700021754950285,0.9503377278645834,0.20723213297526044,0.9395333333333333,139.39741406589746,0.006969870703294873,0.17697204619832338,0.21420200367855532,0.005036218457090935,0.002583981806878012,0.004244286711896039,0.0031770006819850623,1.2633360606342317,6.316680303171138e-05,0.0049730520015904,0.004198607456362418,3
mnist_mlp,scratch,16384,64,13258,0.003,0.0003,192,3.0,49152,0.1699989295254151,0.9503580729166666,0.2071880116780599,0.9395333333333333,139.39745424936214,0.02090961813740432,0.19090854766281942,0.22809762981546422,0.005050491464834245,0.002471986620698092,0.004226381614054048,0.0031770006819850623,1.2654379342470012,0.00018981569013705045,0.004860691213287199,0.004088581310386904,3
mnist_mlp,scratch,16384,64,13258,0.003,0.001,192,3.0,49152,0.17003999960919222,0.9503987630208334,0.2072383371988932,0.9394,139.33789441982904,0.06966894720991453,0.23970894681910673,0.27690728440880774,0.005014050191830476,0.0024840133851663795,0.004211592026109326,0.0032924155266308873,1.2540108815849007,0.0006270054407924492,0.004387150107281794,0.003787941619027158,3
mnist_mlp,scratch,16384,64,13258,0.003,0.003,192,3.0,49152,0.17011898135145506,0.950439453125,0.20727218322753904,0.9394,139.19884751240411,0.20879827126860617,0.37891725262006126,0.41607045449614527,0.004999350025697092,0.0024391163577500105,0.004147346563494611,0.003487119154832537,1.2650913363366814,0.0018976370045050194,0.003102936698614752,0.003105256538318247,3
mnist_mlp,scratch,16384,64,13258,0.003,0.01,192,3.0,49152,0.1703066515425841,0.9504191080729166,0.20722301228841145,0.9392666666666667,138.70275616149107,0.6935137808074554,0.8638204323500395,0.9007367930958669,0.005007789810140041,0.0023712243301324035,0.004107908251179777,0.003754108860080261,1.209312462593433,0.00604656231296713,0.0010737245389682351,0.0044621449687746425,3
mnist_mlp,scratch,16384,64,13258,0.003,0.03,192,3.0,49152,0.17100878867010275,0.9504191080729166,0.20747962544759116,0.9398666666666666,137.26323494315147,2.0589485241472723,2.229957312817375,2.2664281495948635,0.005024086165774512,0.002204318559697572,0.004246705936237876,0.0034078341117685577,1.2098439118193427,0.01814765867729023,0.013126257822909743,0.015389168951030147,3
mnist_mlp,scratch,16384,91,18847,0.003,0.0,192,3.0,49152,0.15436703152954578,0.9555257161458334,0.20057186584472655,0.9408666666666666,167.56655272096395,0.0,0.15436703152954578,0.20057186584472655,0.00015181964277028568,0.0009501378929716631,0.0017850941048626193,0.0007023769168568536,1.3612261646472215,0.0,0.00015181964277028568,0.0017850941048626193,3
mnist_mlp,scratch,16384,91,18847,0.003,1e-06,192,3.0,49152,0.15436703152954578,0.9555257161458334,0.20057186584472655,0.9408666666666666,167.56655272096395,8.378327636048199e-05,0.15445081480590628,0.20065564912108705,0.00015181964277028568,0.0009501378929716631,0.0017850941048626193,0.0007023769168568852,1.3612261646472215,6.806130823236103e-07,0.0001522048809331972,0.0017845933468926987,3
mnist_mlp,scratch,16384,91,18847,0.003,3e-06,192,3.0,49152,0.15436703152954578,0.9555257161458334,0.20057186584472655,0.9408666666666666,167.56655272096395,0.00025134982908144596,0.15461838135862724,0.200823215673808,0.00015181964277028568,0.0009501378929716631,0.0017850941048626193,0.0007023769168568852,1.3612261646472215,2.0418392469708297e-06,0.00015298153118227363,0.001783592188336678,3
mnist_mlp,scratch,16384,91,18847,0.003,1e-05,192,3.0,49152,0.15436785171429315,0.95550537109375,0.20057184448242185,0.9408666666666666,167.56400339429578,0.0008378200169714789,0.15520567173126465,0.20140966449939335,0.00015184668898617423,0.0009216106488367615,0.0017852074520058423,0.0007023769168568852,1.3612474468211166,6.806237234105618e-06,0.00015578933768899068,0.0017802047842872687,3
mnist_mlp,scratch,16384,91,18847,0.003,3e-05,192,3.0,49152,0.15436816215515137,0.9554850260416666,0.20057209472656248,0.9408666666666666,167.56316632777452,0.002513447494916618,0.156881609650068,0.20308554222147912,0.0001518164501387261,0.0008935624697264561,0.0017848430772684314,0.0007023769168568852,1.3612284644151265,2.041842696622671e-05,0.00016420859637301743,0.0017698704434806216,3
mnist_mlp,scratch,16384,91,18847,0.003,0.0001,192,3.0,49152,0.15437135845422745,0.9554036458333334,0.20053458862304688,0.9408,167.5563681560258,0.00837781840780129,0.16274917686202875,0.20891240703084815,0.00015073852169310756,0.0010255601530866493,0.0017744702040855815,0.0008000000000000507,1.3607924691977322,6.803962345988687e-05,0.0001957389371835973,0.0017259644082051055,3
mnist_mlp,scratch,16384,91,18847,0.003,0.0003,192,3.0,49152,0.15439886040985584,0.9552815755208334,0.20053153991699216,0.9410666666666666,167.54369724169374,0.02513155458625406,0.1795304149961099,0.22566309450324626,0.00018272339442073927,0.0009791023287366641,0.0017665482229459201,0.0010263202878893981,1.3481236269567332,0.0002022185440435102,0.00034605560417817733,0.0016284793100779967,3
mnist_mlp,scratch,16384,91,18847,0.003,0.001,192,3.0,49152,0.15440646124382815,0.95538330078125,0.20054110819498697,0.9408666666666666,167.51430929700533,0.08375715464850268,0.23816361589233082,0.28429826284348964,0.00018245581328398105,0.0008991039955234518,0.001750166500119425,0.000901849950564619,1.358896532073276,0.0006794482660366371,0.0008070535274098077,0.001351080663622671,3
mnist_mlp,scratch,16384,91,18847,0.003,0.003,192,3.0,49152,0.15446197427809238,0.95526123046875,0.2005500233968099,0.9409333333333333,167.32380123560628,0.2509857018534094,0.4054476761315018,0.4515357252502193,0.00010798794048587048,0.0008802615418613255,0.0017595647540232069,0.0006110100926608083,1.3294776342904775,0.0019942164514357183,0.0020332659801515327,0.0014438776700363655,3
mnist_mlp,scratch,16384,91,18847,0.003,0.01,192,3.0,49152,0.1546413234124581,0.955322265625,0.20058094482421876,0.9407333333333333,166.6909115600089,0.8334545578000446,0.9880958812125028,1.0340355026242634,9.1457829232814e-05,0.0008653226854710587,0.0018255470302648055,0.0009018499505645904,1.3470491388551569,0.006735245694275732,0.006793281753033007,0.005438302226853408,3
mnist_mlp,scratch,16384,91,18847,0.003,0.03,192,3.0,49152,0.1552710079898437,0.9551595052083334,0.2006340555826823,0.9409333333333333,164.95934907719493,2.4743902361579235,2.6296612441477674,2.675024291740606,3.2603131279549995e-05,0.0009771980760516765,0.0017965790287579205,0.001270170592217173,1.2756356574734848,0.019134534862102346,0.019165961253821532,0.017852994353287636,3
mnist_mlp,scratch,16384,128,26506,0.003,0.0,192,3.0,49152,0.13930947178353867,0.95965576171875,0.19052981974283853,0.9471999999999999,196.98436127603054,0.0,0.13930947178353867,0.19052981974283853,0.0032962120897635345,0.0017445808017524966,0.005018289365881331,0.0029461839725312467,1.3408679935383834,0.0,0.0032962120897635345,0.005018289365881331,3
mnist_mlp,scratch,16384,128,26506,0.003,1e-06,192,3.0,49152,0.13930947178353867,0.95965576171875,0.19052981974283853,0.9471999999999999,196.98436127603054,9.849218063801527e-05,0.13940796396417668,0.19062831192347654,0.0032962120897635405,0.0017445808017524966,0.005018289365881339,0.0029461839725312645,1.3408679935383832,6.704339967691818e-07,0.0032964621884804903,0.005018937857793371,3
mnist_mlp,scratch,16384,128,26506,0.003,3e-06,192,3.0,49152,0.13930947178353867,0.95965576171875,0.19052981974283853,0.9471999999999999,196.98436127603054,0.0002954765419140458,0.1396049483254527,0.19082529628475256,0.0032962120897635405,0.0017445808017524966,0.005018289365881341,0.0029461839725312736,1.3408679935383832,2.011301990307595e-06,0.003296962737995159,0.00502023485891142,3
mnist_mlp,scratch,16384,128,26506,0.003,1e-05,192,3.0,49152,0.13931369657317796,0.9596964518229166,0.1905274190266927,0.9472666666666667,196.99593644713363,0.0009849796822356683,0.14029867625541362,0.19151239870892836,0.003293136441035521,0.0017798141805046607,0.005017096561990136,0.0029687258770949914,1.3575494890235071,6.787747445117513e-06,0.0032955938215139626,0.0050236361429269434,3
mnist_mlp,scratch,16384,128,26506,0.003,3e-05,192,3.0,49152,0.13930942552785078,0.9596761067708334,0.19055787150065104,0.9470666666666666,197.01900488510728,0.002955285073276609,0.14226471060112741,0.19351315657392765,0.0032971404756892675,0.0017629900375073111,0.0050500142025370915,0.0027736858750286664,1.3511459019333134,2.0267188528999985e-05,0.0033040734844539915,0.005069504896223364,3
mnist_mlp,scratch,16384,128,26506,0.003,0.0001,192,3.0,49152,0.13930089958012104,0.9596150716145834,0.19053969116210936,0.9471333333333334,197.01017228762308,0.009850508614381154,0.1491514081945022,0.20039019977649053,0.0032822730689353445,0.0017629900375073111,0.005050063138072443,0.0028023799409311943,1.3519597743088894,6.759798871544451e-05,0.0033059192480201,0.005115172563354524,3
mnist_mlp,scratch,16384,128,26506,0.003,0.0003,192,3.0,49152,0.1393080564836661,0.9596150716145834,0.19055860087076823,0.9470000000000001,196.98892014473677,0.029548338021710512,0.16885639450537662,0.22010693889247876,0.003298140467187779,0.0017629900375073103,0.004981839846775519,0.0026907248094147954,1.3470576822524618,0.0002020586523378679,0.003373606457427271,0.005176798194840292,3
mnist_mlp,scratch,16384,128,26506,0.003,0.001,192,3.0,49152,0.13931706734001637,0.9596150716145834,0.1905357432047526,0.9472666666666667,196.8821446162959,0.09844107230814796,0.2377581396481643,0.28897681551290055,0.0033299305402715697,0.0018716342174653108,0.00502169938135189,0.003360555509634288,1.3355074734562633,0.0006677537367281228,0.003614083662320642,0.005663915752724439,3
mnist_mlp,scratch,16384,128,26506,0.003,0.003,192,3.0,49152,0.13935822155326605,0.9596964518229166,0.190452104695638,0.9469333333333333,196.67202174539366,0.29500803261809055,0.4343662541713566,0.48546013731372856,0.0032830508781835606,0.001727772928512553,0.004892235519204453,0.0026633312473918146,1.2891662645265543,0.0019337493967898117,0.004303450768179589,0.006761316766955002,3
mnist_mlp,scratch,16384,128,26506,0.003,0.01,192,3.0,49152,0.13953689392656088,0.95965576171875,0.19034218749999998,0.9470000000000001,195.87401864677668,0.9793700932338835,1.1189069871604442,1.1697122807338836,0.0033302517184969505,0.0017445808017524966,0.004846062066399361,0.0025534290669607922,1.3180139249352076,0.006590069624675985,0.008114037898199427,0.01128457854995025,3
mnist_mlp,scratch,16384,128,26506,0.003,0.03,192,3.0,49152,0.14001329243183136,0.9595133463541666,0.1901124216715495,0.9468666666666667,193.5530424900353,2.903295637350529,3.0433089297823606,3.0934080590220785,0.0032160399904073017,0.0017819060294309566,0.004635925301037929,0.0027736858750286746,1.1983407720792165,0.017975111581188318,0.019356032697867016,0.0224970849439185,3
mnist_mlp,scratch,16384,181,37477,0.003,0.0,192,3.0,49152,0.12599449884146452,0.9637858072916666,0.1882924102783203,0.9470000000000001,232.60523147694767,0.0,0.12599449884146452,0.1882924102783203,0.0035047188388116417,0.0007074112406703078,0.005280369621654515,0.0009165151389911731,1.257672847423779,0.0,0.0035047188388116417,0.005280369621654515,3
mnist_mlp,scratch,16384,181,37477,0.003,1e-06,192,3.0,49152,0.12599449884146452,0.9637858072916666,0.1882924102783203,0.9470000000000001,232.60523147694767,0.00011630261573847382,0.126110801457203,0.18840871289405878,0.0035047188388116417,0.0007074112406703102,0.005280369621654521,0.0009165151389912003,1.2576728474237793,6.288364237118908e-07,0.003504493970106556,0.005280097168426707,3
mnist_mlp,scratch,16384,181,37477,0.003,3e-06,192,3.0,49152,0.12599449884146452,0.9637858072916666,0.1882924102783203,0.9470000000000001,232.60523147694767,0.00034890784721542154,0.12634340668867994,0.18864131812553572,0.0035047188388116417,0.0007074112406703078,0.005280369621654515,0.0009165151389911731,1.257672847423779,1.8865092711356503e-06,0.0035040445279574776,0.0052795524444891,3
mnist_mlp,scratch,16384,181,37477,0.003,1e-05,192,3.0,49152,0.125991927459836,0.9637858072916666,0.18830445048014322,0.9470000000000001,232.58939636374512,0.0011629469818187257,0.12715487444165474,0.18946739746196195,0.0035077895658442316,0.0007074112406703078,0.005269673189304864,0.0009165151389911731,1.2444551383290683,6.2222756916453245e-06,0.00350556966820913,0.005266983784737178,3
mnist_mlp,scratch,16384,181,37477,0.003,3e-05,192,3.0,49152,0.12600197736173868,0.9638875325520834,0.18834505310058594,0.9470666666666667,232.61241210003695,0.003489186181500554,0.12949116354323922,0.1918342392820865,0.00352278125293217,0.0006234356057147097,0.0053343258755853456,0.0008082903768654615,1.2128668126250648,1.819300218937583e-05,0.0035166680811249905,0.005326768179601487,3
mnist_mlp,scratch,16384,181,37477,0.003,0.0001,192,3.0,49152,0.12600404055168232,0.9638468424479166,0.18834294840494792,0.9470666666666667,232.60497089413306,0.011630248544706652,0.13763428909638897,0.19997319694965457,0.003527632731761382,0.0006526291883278508,0.005332701801803637,0.0008082903768654615,1.2192592624802152,6.0962963124010534e-05,0.0035073556999597995,0.005307574485221722,3
mnist_mlp,scratch,16384,181,37477,0.003,0.0003,192,3.0,49152,0.12602189679940543,0.96380615234375,0.18832678527832034,0.9470666666666666,232.54625728353858,0.03488193859253078,0.1609038353919362,0.2232087238708511,0.003501021236587201,0.0006878312786611721,0.0052875668596635,0.0009451631252505272,1.2207623572205657,0.00018311435358308516,0.0034429924412821304,0.005213116611009036,3
mnist_mlp,scratch,16384,181,37477,0.003,0.001,192,3.0,49152,0.1260504691551129,0.9637044270833334,0.1882813283284505,0.9471333333333334,232.46051537493864,0.11623025768746932,0.2422807268425822,0.3045115860159198,0.0034786727099290387,0.0007776495301764574,0.005357661502207258,0.000986576572463275,1.2362943950975853,0.0006181471975487852,0.003314888688560504,0.0051317902128080505,3
mnist_mlp,scratch,16384,181,37477,0.003,0.003,192,3.0,49152,0.12606591824442148,0.9637247721354166,0.18823853861490883,0.9472666666666667,232.18226244300604,0.3482733936645091,0.4743393119089306,0.536511932279418,0.003481389954316313,0.0004933412944735492,0.005303033397373825,0.0011015141094572359,1.2681778958961425,0.0019022668438442084,0.0033891306941521053,0.0049146233855481974,3
mnist_mlp,scratch,16384,181,37477,0.003,0.01,192,3.0,49152,0.1262743923192223,0.9637044270833334,0.1880428456624349,0.9474,231.21125069943568,1.1560562534971783,1.2823306458164005,1.3440990991596131,0.003447172534490486,0.0007230369321255319,0.005245126516356896,0.0008717797887081183,1.231757935238835,0.006158789676194132,0.005907645140339802,0.006117093521264451,3
mnist_mlp,scratch,16384,181,37477,0.003,0.03,192,3.0,49152,0.12675625986109176,0.9635009765625,0.18796249694824219,0.9474,228.45862130851796,3.426879319627769,3.5536355794888608,3.614841816576012,0.003531615039675053,0.0007425247229367944,0.005350624660424751,0.00091651513899117,1.2821362901449156,0.01923204435217374,0.018200693164575475,0.01751114790355813,3
mnist_mlp,scratch,16384,256,53002,0.003,0.0,192,3.0,49152,0.11279505087683599,0.9680379231770834,0.1776510447184245,0.9498666666666667,286.6046207354714,0.0,0.11279505087683599,0.1776510447184245,0.005036131472216366,0.0015066331853494119,0.006989874406666358,0.002335237318418255,1.2108370980454861,0.0,0.005036131472216366,0.006989874406666358,3
mnist_mlp,scratch,16384,256,53002,0.003,1e-06,192,3.0,49152,0.11279505087683599,0.9680379231770834,0.1776510447184245,0.9498666666666667,286.6046207354714,0.00014330231036773573,0.11293835318720373,0.17779434702879224,0.005036131472216366,0.0015066331853494119,0.006989874406666358,0.002335237318418255,1.2108370980454861,6.054185490227321e-07,0.005036500223472882,0.006990411479485387,3
mnist_mlp,scratch,16384,256,53002,0.003,3e-06,192,3.0,49152,0.11279505087683599,0.9680379231770834,0.1776510447184245,0.9498666666666667,286.6046207354714,0.0004299069311032072,0.11322495780793919,0.17808095164952767,0.005036131472216364,0.001506633185349431,0.006989874406666353,0.002335237318418342,1.2108370980454821,1.8162556470682143e-06,0.0050372378632957664,0.006991485658628917,3
mnist_mlp,scratch,16384,256,53002,0.003,1e-05,192,3.0,49152,0.11282145045697689,0.968017578125,0.17764527384440107,0.9499333333333334,286.60926386124146,0.0014330463193062074,0.11425449677628309,0.17907832016370726,0.005068438356686859,0.0014812818724989742,0.006988676416529523,0.0022479620400116455,1.2137159311639765,6.0685796558200425e-06,0.0050721905547693995,0.00699401046804823,3
mnist_mlp,scratch,16384,256,53002,0.003,3e-05,192,3.0,49152,0.11281062010675669,0.9681396484375,0.1776317850748698,0.9499333333333334,286.6050356275712,0.004299075534413568,0.11710969564117026,0.18193086060928335,0.005071459369964665,0.001524657714452734,0.006996099468666529,0.0021197484127446335,1.197687099226492,1.7965306488397068e-05,0.005082587652823489,0.00701186073079851,3
mnist_mlp,scratch,16384,256,53002,0.003,0.0001,192,3.0,49152,0.11276617615173261,0.9680379231770834,0.17764171040852864,0.9500000000000001,286.63207760049653,0.014331603880024827,0.12709778003175745,0.1919733142885535,0.0050103442970154234,0.0015250648870369567,0.006981342556567364,0.0019697715603592394,1.2229137307125892,6.114568653562932e-05,0.0050510254989301895,0.007033850350682276,3
mnist_mlp,scratch,16384,256,53002,0.003,0.0003,192,3.0,49152,0.1127875354140997,0.9679972330729166,0.1777071268717448,0.9501333333333334,286.59900698034716,0.04298985104705207,0.15577738646115177,0.22069697791879683,0.005040271551841104,0.001515262547311644,0.006968149345739879,0.002193931022920572,1.239416579461636,0.00018591248691925035,0.005160605106590775,0.007131482023453522,3
mnist_mlp,scratch,16384,256,53002,0.003,0.001,192,3.0,49152,0.11281355873992045,0.96807861328125,0.17770883280436198,0.9498666666666665,286.4481112184003,0.14322405560920015,0.2560376143491206,0.3209328884135621,0.005023617842328115,0.0014987828561778167,0.006945740573244216,0.0020132891827388654,1.2342580181098073,0.0006171290090549082,0.005421391212910995,0.00750026126251101,3
mnist_mlp,scratch,16384,256,53002,0.003,0.003,192,3.0,49152,0.11284601657340924,0.9681396484375,0.17771688232421876,0.9499333333333334,286.140468981117,0.4292107034716755,0.5420567200450848,0.6069275857958942,0.005074526030674881,0.0015185370244903233,0.006859959726485157,0.0023180451534284873,1.2685977571749794,0.0019028966357625082,0.006410072620413378,0.008585309961893352,3
mnist_mlp,scratch,16384,256,53002,0.003,0.01,192,3.0,49152,0.11295061837881804,0.968017578125,0.17749937133789062,0.9501333333333334,284.78088681958616,1.423904434097931,1.536855052476749,1.6014038054358215,0.004929552544668711,0.0017013378741169865,0.0069730389963373164,0.00215715862498179,1.1856622227985032,0.005928311113992503,0.009703375112088096,0.012498055457159114,3
mnist_mlp,scratch,16384,256,53002,0.003,0.03,192,3.0,49152,0.11337178355703752,0.9678548177083334,0.17744891967773438,0.9500000000000001,281.0444563214357,4.215666844821535,4.329038628378572,4.39311576449927,0.005003852392796911,0.0017881668936408376,0.006810898109914563,0.00216333076527839,1.195111468754775,0.017926672031322376,0.02119447660440495,0.02421439808742847,3
mnist_mlp,scratch,23170,32,6634,0.003,0.0,272,3.0052654294346137,69632,0.19825649577033655,0.9411595453891527,0.22059650878906248,0.9348000000000001,120.88697205483913,0.0,0.19825649577033655,0.22059650878906248,0.002658522951983017,0.0018282076789398049,0.0034593897828464216,0.0014422205101855714,3.626949725615946,0.0,0.002658522951983017,0.0034593897828464216,3
mnist_mlp,scratch,23170,32,6634,0.003,1e-06,272,3.0052654294346137,69632,0.19825649577033655,0.9411595453891527,0.22059650878906248,0.9348000000000001,120.88697205483913,6.044348602741957e-05,0.19831693925636396,0.22065695227508994,0.002658522951983017,0.0018282076789398049,0.0034593897828464216,0.0014422205101855714,3.626949725615946,1.8134748628079732e-06,0.0026571799644209667,0.0034581419138043647,3
mnist_mlp,scratch,23170,32,6634,0.003,3e-06,272,3.0052654294346137,69632,0.19825649577033655,0.9411595453891527,0.22059650878906248,0.9348000000000001,120.88697205483913,0.0001813304580822587,0.1984378262284188,0.22077783924714475,0.002658522951983017,0.0018282076789398049,0.0034593897828464216,0.0014422205101855714,3.626949725615946,5.440424588423904e-06,0.0026544956676676163,0.0034556476789240815,3
mnist_mlp,scratch,23170,32,6634,0.003,1e-05,272,3.0052654294346137,69632,0.1982574737289795,0.9411595453891527,0.22059676818847654,0.9348000000000001,120.88493940482537,0.0006044246970241269,0.19886189842600366,0.2212011928855007,0.00265834846870748,0.0018282076789398049,0.0034591214321765106,0.0014422205101855714,3.6269292918546836,1.8134646459273373e-05,0.002644944041820697,0.003446665616246214,3
mnist_mlp,scratch,23170,32,6634,0.003,3e-05,272,3.0052654294346137,69632,0.19829439446662347,0.9410732268738311,0.2206155578613281,0.9348666666666667,120.89056684076786,0.0018133585026115179,0.200107752969235,0.2224289163639396,0.0027167510171360043,0.0019741920704023346,0.0034897149938636365,0.0014742229591663682,3.6223023023824377,5.433453453573668e-05,0.002677196563991345,0.003452773314112805,3
mnist_mlp,scratch,23170,32,6634,0.003,0.0001,272,3.0052654294346137,69632,0.19829307537493202,0.9409869083585095,0.22057344970703122,0.9349333333333334,120.89859355489413,0.006044929677744708,0.2043380050526767,0.22661837938477594,0.0027437467577650755,0.0018774690480733878,0.0035666339683650683,0.0015534906930307687,3.63850130116532,0.00018192506505826562,0.0026106165006363874,0.003440501556200581,3
mnist_mlp,scratch,23170,32,6634,0.003,0.0003,272,3.0052654294346137,69632,0.19826755076410993,0.9411451589699323,0.22053238728841149,0.9348000000000001,120.90316963444154,0.01813547544516623,0.21640302620927618,0.23866786273357768,0.002681491679477379,0.001680626887285246,0.0035720175339441097,0.0014422205101855714,3.687269569253611,0.0005530904353880425,0.002292290244574993,0.00319788969613801,3
mnist_mlp,scratch,23170,32,6634,0.003,0.001,272,3.0052654294346137,69632,0.19825488252273446,0.9412602503236944,0.22052481791178383,0.9346,120.8333364923795,0.06041666824618976,0.25867155076892423,0.2809414861579736,0.002654271194949147,0.001582244521348601,0.0035283724327871977,0.0018000000000000238,3.682763865732311,0.0018413819328661574,0.0017498829924285655,0.002569240833939465,3
mnist_mlp,scratch,23170,32,6634,0.003,0.003,272,3.0052654294346137,69632,0.19839595772177002,0.9409293626816285,0.22063368835449218,0.9348000000000001,120.67250988880794,0.1810087648332119,0.3794047225549819,0.4016424531877041,0.002833949527151791,0.002084343420858975,0.003835790448355249,0.0017088007490635275,3.6226654308047883,0.005433998146207167,0.0038259993305712653,0.0037470521829071684,3
mnist_mlp,scratch,23170,32,6634,0.003,0.01,272,3.0052654294346137,69632,0.19855634908575992,0.9410876132930515,0.22060974833170574,0.9348000000000001,120.16909538954496,0.6008454769477248,0.7994018260334848,0.8214552252794306,0.002684447025372176,0.001598641275567734,0.003654900943103531,0.0017999999999999822,3.657782520158563,0.018288912600792816,0.0163436046955935,0.01579879655491538,3
mnist_mlp,scratch,23170,32,6634,0.003,0.03,272,3.0052654294346137,69632,0.1994169465450396,0.9410444540353907,0.22086632080078125,0.9350666666666667,118.79776871204376,1.7819665306806562,1.9813834772256957,2.0028328514814375,0.0026583287996927046,0.001772684745611775,0.003359802782593412,0.0015011106998930005,3.4954584051059476,0.05243187607658913,0.050401071009696465,0.05000990430297079,3
mnist_mlp,scratch,23170,45,9325,0.003,0.0,272,3.0052654294346137,69632,0.17123828504329416,0.9496187598906632,0.1938292978922526,0.9437333333333333,135.57630160202584,0.0,0.17123828504329416,0.1938292978922526,0.0021944497691143146,0.0006909975519219058,0.007114462893831206,0.0019218047073866179,2.4721743408902825,0.0,0.0021944497691143146,0.007114462893831206,3
mnist_mlp,scratch,23170,45,9325,0.003,1e-06,272,3.0052654294346137,69632,0.17123828504329416,0.9496187598906632,0.1938292978922526,0.9437333333333333,135.57630160202584,6.778815080101291e-05,0.17130607319409516,0.19389708604305364,0.0021944497691143146,0.0006909975519219058,0.007114462893831206,0.0019218047073866179,2.4721743408902825,1.2360871704451386e-06,0.0021935658058606176,0.007114943110537865,3
mnist_mlp,scratch,23170,45,9325,0.003,3e-06,272,3.0052654294346137,69632,0.17123828504329416,0.9496187598906632,0.1938292978922526,0.9437333333333333,135.57630160202584,0.00020336445240303876,0.17144164949569718,0.19403266234465563,0.002194449769114315,0.000690997551921907,0.007114462893831201,0.0019218047073866176,2.4721743408902794,3.708261511335407e-06,0.0021917989011448953,0.007115904090882473,3
mnist_mlp,scratch,23170,45,9325,0.003,1e-05,272,3.0052654294346137,69632,0.17124566177106937,0.949661919148324,0.19381788431803385,0.9437333333333333,135.56025298684835,0.000677801264934242,0.1719234630360036,0.19449568558296812,0.0021749248045133283,0.0006977042527971402,0.007102157528300472,0.002100793500878488,2.4771450223099474,1.2385725111549734e-05,0.002166059538652102,0.007106931140062963,3
mnist_mlp,scratch,23170,45,9325,0.003,3e-05,272,3.0052654294346137,69632,0.17124133131312322,0.9496763055675442,0.1938159250895182,0.9437333333333333,135.55882204075655,0.002033382330611348,0.17327471364373456,0.19584930742012954,0.002179646217223923,0.0006945825178865397,0.007104957476179047,0.002100793500878488,2.4771494749309344,3.7157242123963914e-05,0.002153239192023439,0.007119346298598459,3
mnist_mlp,scratch,23170,45,9325,0.003,0.0001,272,3.0052654294346137,69632,0.17125223132624523,0.949777010502086,0.1938207061767578,0.9437333333333333,135.55288639416298,0.006777644319708149,0.17802987564595338,0.20059835049646593,0.0021752416843306313,0.0006977042527971402,0.007103602846851472,0.002100793500878488,2.4757186964583084,0.00012378593482291546,0.0020882713844549133,0.007152266505997096,3
mnist_mlp,scratch,23170,45,9325,0.003,0.0003,272,3.0052654294346137,69632,0.17123776335559157,0.9497338512444253,0.19380530802408855,0.9436666666666667,135.54127797236046,0.020331191695854067,0.19156895505144558,0.2141364997199426,0.0021914398830657033,0.0006289021146423691,0.007153779930654824,0.002212088003071585,2.434909330614733,0.00036523639959220845,0.0019409492312267155,0.007300043484481713,3
mnist_mlp,scratch,23170,45,9325,0.003,0.001,272,3.0052654294346137,69632,0.17134509481057694,0.9496331463098834,0.19378922424316405,0.9440666666666666,135.51676326741776,0.06775838163370888,0.23910347644428584,0.2615476058768729,0.0021469203987528936,0.0007780645825342633,0.007209661686797631,0.0020033305601755425,2.4376486009272385,0.0012188243004636191,0.0014630928471036952,0.007718427654042653,3
mnist_mlp,scratch,23170,45,9325,0.003,0.003,272,3.0052654294346137,69632,0.17138451378802708,0.9497338512444253,0.19380500895182293,0.9440666666666667,135.29490353912115,0.20294235530868174,0.3743268690967088,0.39674736426050466,0.0021844264782272618,0.0005566261580248012,0.007296253729661973,0.0022030282189144652,2.433581017095374,0.00365037152564306,0.0024810305028673285,0.009167459178740761,3
mnist_mlp,scratch,23170,45,9325,0.003,0.01,272,3.0052654294346137,69632,0.17156465530669907,0.9495468277945619,0.1938801015218099,0.9439333333333333,134.72663440306982,0.6736331720153491,0.8451978273220483,0.8675132735371589,0.002310171584493378,0.0008855539287304148,0.007132082724610279,0.0018036999011290964,2.35817415758121,0.01179087078790603,0.010145980577455183,0.01542685336297241,3
mnist_mlp,scratch,23170,45,9325,0.003,0.03,272,3.0052654294346137,69632,0.17227879176978808,0.9492590994101567,0.19404181620279948,0.9445333333333332,133.0280987545848,1.9954214813187718,2.1677002730885597,2.1894632975215713,0.002269902979652946,0.0011994340006959898,0.007176082005626631,0.0017473789896107863,2.291150499779811,0.03436725749669713,0.03277240700460713,0.037362415677319426,3
mnist_mlp,scratch,23170,64,13258,0.003,0.0,272,3.0052654294346137,69632,0.14817508823184586,0.9573442670119406,0.17680169372558593,0.9479333333333333,157.58488014588752,0.0,0.14817508823184586,0.17680169372558593,0.0023566094290706154,8.984315923464924e-05,0.006635994863142205,0.002100793500878488,0.85345293217314,0.0,0.0023566094290706154,0.006635994863142205,3
mnist_mlp,scratch,23170,64,13258,0.003,1e-06,272,3.0052654294346137,69632,0.14817508823184586,0.9573442670119406,0.17680169372558593,0.9479333333333333,157.58488014588752,7.879244007294376e-05,0.1482538806719188,0.17688048616565888,0.0023566094290706154,8.984315923459147e-05,0.0066359948631422114,0.002100793500878488,0.853452932173135,4.267264660865734e-07,0.002356785152473978,0.006636363830075695,3
mnist_mlp,scratch,23170,64,13258,0.003,3e-06,272,3.0052654294346137,69632,0.14817508823184586,0.9573442670119406,0.17680169372558593,0.9479333333333333,157.58488014588752,0.0002363773202188313,0.1484114655520647,0.17703807104580474,0.0023566094290706154,8.984315923464924e-05,0.006635994863142205,0.002100793500878488,0.85345293217314,1.2801793982597154e-06,0.0023571367917388855,0.006637101784716272,3
mnist_mlp,scratch,23170,64,13258,0.003,1e-05,272,3.0052654294346137,69632,0.14817628790501844,0.9573442670119409,0.1767966135660807,0.9479333333333333,157.58054720858732,0.0007879027360429367,0.1489641906410614,0.17758451630212368,0.002357200919403633,4.983601805690637e-05,0.00662716089404807,0.002100793500878488,0.8514395524430008,4.257197762214994e-06,0.0023589410166750917,0.006630835747878764,3
mnist_mlp,scratch,23170,64,13258,0.003,3e-05,272,3.0052654294346137,69632,0.1481763124911841,0.9573298805927205,0.17680271301269532,0.9479333333333333,157.58147083222866,0.00236372206248343,0.15054003455366752,0.17916643507517874,0.0023566851734418896,6.592685505620988e-05,0.006634504725632117,0.002100793500878488,0.8522033706703775,1.2783050560055663e-05,0.002361973168376754,0.006645557858765046,3
mnist_mlp,scratch,23170,64,13258,0.003,0.0001,272,3.0052654294346137,69632,0.14817479067338557,0.957416199108042,0.17672449137369792,0.9480666666666666,157.52824328343073,0.007876412164171537,0.1560512028375571,0.18460090353786943,0.0023667546295420318,2.491800902846921e-05,0.00655422086117833,0.00211974841274467,0.8218210887886843,4.109105443943558e-05,0.002382105443100042,0.006588915958520157,3
mnist_mlp,scratch,23170,64,13258,0.003,0.0003,272,3.0052654294346137,69632,0.14818479559641404,0.9574881312041432,0.17678968302408857,0.9481333333333333,157.5188360090057,0.02362782540135085,0.17181262099776487,0.20041750842543937,0.0023377946208327036,0.00014950805417079122,0.006678982651873399,0.0019425069712445328,0.8434489352622808,0.00012651734028934242,0.0023869648320311784,0.006783880977939222,3
mnist_mlp,scratch,23170,64,13258,0.003,0.001,272,3.0052654294346137,69632,0.1482075800571214,0.9573442670119406,0.1767616943359375,0.9478,157.40148059775433,0.07870074029887716,0.2269083203559986,0.25546243463481466,0.0024235371313785204,8.984315923462036e-05,0.006673232668829443,0.002306512518934124,0.782509680600772,0.0003912548403003848,0.002594181627446434,0.007003965718494033,3
mnist_mlp,scratch,23170,64,13258,0.003,0.003,272,3.0052654294346137,69632,0.14833009500603697,0.95730110775428,0.17674122212727864,0.9481999999999999,157.1465177113811,0.2357197765670717,0.3840498715731086,0.4124609986943503,0.0023562690409381203,6.59268550562644e-05,0.006681085999708958,0.0017999999999999544,0.8051238901954947,0.0012076858352932684,0.002966844602534898,0.0077110037540882095,3
mnist_mlp,scratch,23170,64,13258,0.003,0.01,272,3.0052654294346137,69632,0.14854479358789988,0.9572579484966193,0.17701091410319011,0.9481999999999999,156.40783181538185,0.7820391590769092,0.9305839526648092,0.9590500731800994,0.0023323185680382513,0.00035937263693848584,0.0066577611989255304,0.0020297783130185047,0.8369965780535311,0.004184982890267687,0.005510544995278153,0.0104206040545065,3
mnist_mlp,scratch,23170,64,13258,0.003,0.03,272,3.0052654294346137,69632,0.1493172147397154,0.957027765789095,0.1768819040934245,0.948,154.38799277196327,2.3158198915794492,2.465137106319165,2.4927017956728736,0.002371400078014818,0.00017442606319928447,0.006534980529743318,0.0019078784028338193,0.8586372235850941,0.012879558353776355,0.014111880254189585,0.01907385635329538,3
mnist_mlp,scratch,23170,91,18847,0.003,0.0,272,3.0052654294346137,69632,0.13510866358612547,0.9599625953100274,0.171484907023112,0.9496666666666668,189.42574912930527,0.0,0.13510866358612547,0.171484907023112,0.0023208067063549705,0.0009711632186297045,0.007968734777324023,0.0021385353243127078,0.826696002533598,0.0,0.0023208067063549705,0.007968734777324023,3
mnist_mlp,scratch,23170,91,18847,0.003,1e-06,272,3.0052654294346137,69632,0.13510866358612547,0.9599625953100274,0.171484907023112,0.9496666666666668,189.42574912930527,9.471287456465264e-05,0.13520337646069014,0.17157961989767664,0.0023208067063549705,0.0009711632186297045,0.007968734777324023,0.0021385353243127078,0.826696002533598,4.1334800126680064e-07,0.002320560999712809,0.007968441197538914,3
mnist_mlp,scratch,23170,91,18847,0.003,3e-06,272,3.0052654294346137,69632,0.13510866358612547,0.9599625953100274,0.171484907023112,0.9496666666666668,189.42574912930527,0.00028413862369395794,0.13539280220981945,0.17176904564680595,0.0023208067063549727,0.000971163218629683,0.007968734777324023,0.0021385353243127078,0.8266960025336049,1.2400440038004038e-06,0.0023200697292924863,0.007967854069847067,3
mnist_mlp,scratch,23170,91,18847,0.003,1e-05,272,3.0052654294346137,69632,0.13509197945801274,0.9599769817292475,0.1715345225016276,0.9495333333333335,189.42033825690547,0.0009471016912845276,0.13603908114929728,0.17248162419291213,0.0023239748467320178,0.000955695795151395,0.00787810184390923,0.0021197484127446057,0.8252038307136811,4.126019153568399e-06,0.0023215050623028653,0.007875173181792471,3
mnist_mlp,scratch,23170,91,18847,0.003,3e-05,272,3.0052654294346137,69632,0.13510309427080525,0.9599625953100274,0.17153635457356772,0.9495999999999999,189.41935236752033,0.0028412902855128055,0.13794438455631805,0.1743776448590805,0.002334622972693394,0.0009310136491074394,0.007879205466924366,0.002029778313018439,0.825163525909169,1.2377452888637559e-05,0.002327300004743791,0.007870436260203909,3
mnist_mlp,scratch,23170,91,18847,0.003,0.0001,272,3.0052654294346137,69632,0.1350855169185133,0.9599194360523665,0.17148414103190102,0.9495999999999999,189.41072245811424,0.009470536122905713,0.14455605304141902,0.18095467715480673,0.0023326723610537403,0.0008570491157304823,0.007962057581712097,0.002029778313018439,0.8246254102941655,4.123127051470883e-05,0.0023084972580596236,0.007932797003750987,3
mnist_mlp,scratch,23170,91,18847,0.003,0.0003,272,3.0052654294346137,69632,0.13511895772587942,0.9599625953100274,0.17133243306477863,0.9495333333333332,189.40447119250894,0.02841067067887634,0.16352962840475577,0.19974310374365498,0.002358130077769381,0.0009219663340533447,0.007815968434617977,0.002052640575778762,0.7780155283537804,0.00011670232925306705,0.0022877866079914684,0.007733078935418838,3
mnist_mlp,scratch,23170,91,18847,0.003,0.001,272,3.0052654294346137,69632,0.13511046737651142,0.9598762767947058,0.1713762664794922,0.9497333333333334,189.27025992050767,0.09463512996025385,0.22974559733676525,0.266011396439746,0.002233062849356509,0.0008848524997659081,0.007838196512013845,0.001858314648635467,0.8595344059940496,0.000429767202997024,0.0020274930443742265,0.007557638107211544,3
mnist_mlp,scratch,23170,91,18847,0.003,0.003,272,3.0052654294346137,69632,0.13513333909615496,0.9597611854409438,0.17103744506835938,0.9496666666666668,189.0131621348361,0.2835197432022542,0.41865308229840914,0.4545571882706136,0.002307085433600191,0.000807820177894798,0.007953038262737867,0.001700980109623111,0.7071062876255568,0.0010606594314383553,0.0019828630090801976,0.007295952995966287,3
mnist_mlp,scratch,23170,91,18847,0.003,0.01,272,3.0052654294346137,69632,0.1353106590230385,0.9599050496331464,0.17116909790039062,0.9494666666666666,188.0124818223218,0.9400624091116091,1.0753730681346476,1.1112315070119998,0.0022541282882580995,0.000936665274674669,0.008116212299597763,0.0017473789896108054,0.7467999863623189,0.003733999931811567,0.003367439339260768,0.006645406260861375,3
mnist_mlp,scratch,23170,91,18847,0.003,0.03,272,3.0052654294346137,69632,0.13608704359646992,0.9597036397640627,0.17130072224934897,0.9494666666666666,185.44073705996075,2.781611055899411,2.9176980994958814,2.9529117781487604,0.0022404178971477113,0.0008483109185904919,0.008209076944666027,0.0018147543451755136,0.8120989708714176,0.012181484563071188,0.011209513271370696,0.00933825436553674,3
mnist_mlp,scratch,23170,128,26506,0.003,0.0,272,3.0052654294346137,69632,0.11612427949802495,0.9669400086318515,0.16191531829833986,0.9541333333333334,221.95555735876164,0.0,0.11612427949802495,0.16191531829833986,0.003013892243167117,0.0010633305994608895,0.006623855784793651,0.002003330560175526,0.630049544516547,0.0,0.003013892243167117,0.006623855784793651,3
mnist_mlp,scratch,23170,128,26506,0.003,1e-06,272,3.0052654294346137,69632,0.11612427949802495,0.9669400086318515,0.16191531829833986,0.9541333333333334,221.95555735876164,0.0001109777786793808,0.11623525727670435,0.1620262960770192,0.003013892243167117,0.0010633305994608895,0.006623855784793651,0.002003330560175526,0.630049544516547,3.150247722582708e-07,0.003013579326520373,0.006623552455940371,3
mnist_mlp,scratch,23170,128,26506,0.003,3e-06,272,3.0052654294346137,69632,0.11612427949802495,0.9669400086318515,0.16191531829833986,0.9541333333333334,221.95555735876164,0.00033293333603814245,0.11645721283406311,0.16224825163437798,0.003013892243167117,0.0010633305994608895,0.006623855784793651,0.002003330560175526,0.630049544516547,9.450743167748048e-07,0.0030129534945449836,0.006622945801509742,3
mnist_mlp,scratch,23170,128,26506,0.003,1e-05,272,3.0052654294346137,69632,0.11603479639195209,0.9668824629549705,0.16192471516927084,0.9540000000000001,221.99581344549856,0.001109979067227493,0.11714477545917958,0.16303469423649833,0.00300828672505923,0.0007404465102839304,0.006599737384573217,0.0015999999999999348,0.7089191232550471,3.5445956162751765e-06,0.0030047476832642875,0.006596198833252383,3
mnist_mlp,scratch,23170,128,26506,0.003,3e-05,272,3.0052654294346137,69632,0.11604500502892456,0.9669975543087327,0.16195692087809244,0.9540666666666667,221.97873504832387,0.0033296810257248586,0.11937468605464942,0.1652866019038173,0.003000864428730527,0.0009280076779094267,0.006570219200112384,0.0017009801096230014,0.696518806887398,1.044778210331076e-05,0.0029904199037281325,0.00655981074530492,3
mnist_mlp,scratch,23170,128,26506,0.003,0.0001,272,3.0052654294346137,69632,0.11604900851281937,0.96685369011653,0.16192230478922526,0.9536666666666666,221.99984985714158,0.01109999249285708,0.12714900100567644,0.17302229728208232,0.003027459926165331,0.0010204221335810323,0.006538018582231496,0.0020033305601755637,0.6738640829625655,3.369320414812876e-05,0.002993860187101995,0.0065043498980818055,3
mnist_mlp,scratch,23170,128,26506,0.003,0.0003,272,3.0052654294346137,69632,0.1160634290672964,0.9668249172780895,0.16184610036214195,0.9540000000000001,221.95770129313073,0.0332936551939696,0.149357084261266,0.19513975555611154,0.0030431250584556555,0.0009280076779093411,0.006573543234077167,0.0017999999999999128,0.7305130495282636,0.00010957695742923566,0.0029335923709908457,0.00646442190291625,3
mnist_mlp,scratch,23170,128,26506,0.003,0.001,272,3.0052654294346137,69632,0.1161406313836223,0.9668105308588691,0.16209079233805337,0.9540000000000001,221.8021643857161,0.11090108219285806,0.22704171357648031,0.27299187453091145,0.0031043522858466358,0.0008664160509230146,0.006575852033844748,0.001708800749063474,0.6548576516480035,0.00032742882582399924,0.0027770078751465145,0.006251305015880119,3
mnist_mlp,scratch,23170,128,26506,0.003,0.003,272,3.0052654294346137,69632,0.11619327058381888,0.9668968493741907,0.16179499969482422,0.9535333333333332,221.41894586881003,0.33212841880321503,0.44832168938703393,0.4939234184980393,0.0030444363588279207,0.0011246278999391334,0.006576878056570846,0.002100793500878488,0.6581212380546635,0.0009871818570820151,0.002060227394697043,0.005625906151622792,3
mnist_mlp,scratch,23170,128,26506,0.003,0.01,272,3.0052654294346137,69632,0.11637942232239797,0.966738598762768,0.16169529469807942,0.9536666666666666,220.28794501597682,1.1014397250798842,1.2178191474022821,1.2631350197779636,0.0030264811189378437,0.000988274751580804,0.006601952244385719,0.0020033305601755637,0.7245445827189353,0.0036227229135946237,0.0006517715469868609,0.003170273983091913,3
mnist_mlp,scratch,23170,128,26506,0.003,0.03,272,3.0052654294346137,69632,0.1172399280225951,0.9665371888936845,0.16193364969889323,0.9540666666666667,216.95343557248512,3.254301533587277,3.3715414616098722,3.41623518328617,0.0030300665482210906,0.001037020359139109,0.006199625746081776,0.0017009801096230274,0.7056174412338376,0.010584261618507566,0.0077171644116089885,0.004526860313514016,3
mnist_mlp,scratch,23170,181,37477,0.003,0.0,272,3.0052654294346137,69632,0.1048259536991221,0.9700187023449863,0.1611465555826823,0.9575999999999999,265.50985709701973,0.0,0.1048259536991221,0.1611465555826823,0.0009197803738270199,0.0007844227236493032,0.0005309669841026179,0.00019999999999997797,0.8120209806292069,0.0,0.0009197803738270199,0.0005309669841026179,3
mnist_mlp,scratch,23170,181,37477,0.003,1e-06,272,3.0052654294346137,69632,0.1048259536991221,0.9700187023449863,0.1611465555826823,0.9575999999999999,265.50985709701973,0.00013275492854850987,0.1049587086276706,0.1612793105112308,0.0009197803738270199,0.0007844227236493032,0.0005309669841026179,0.00019999999999997797,0.8120209806292069,4.060104903146062e-07,0.0009197360254488677,0.0005313623629361334,3
mnist_mlp,scratch,23170,181,37477,0.003,3e-06,272,3.0052654294346137,69632,0.1048259536991221,0.9700187023449863,0.1611465555826823,0.9575999999999999,265.50985709701973,0.00039826478564552965,0.10522421848476761,0.16154482036832782,0.0009197803738270199,0.0007844227236493032,0.0005309669841026179,0.00019999999999997797,0.8120209806292069,1.2180314709438165e-06,0.0009196478600191704,0.0005321531686349675,3
mnist_mlp,scratch,23170,181,37477,0.003,1e-05,272,3.0052654294346137,69632,0.10482171291482482,0.9700043159257662,0.16115104675292968,0.9574666666666666,265.49735214623314,0.0013274867607311657,0.10614919967555599,0.16247853351366084,0.000957809887047188,0.0008200258955545857,0.0005770666549640682,0.0005033222956847256,0.8197045266957517,4.09852263347881e-06,0.0009574779772333509,0.0005810178250689829,3
mnist_mlp,scratch,23170,181,37477,0.003,3e-05,272,3.0052654294346137,69632,0.10482581265794855,0.9699755430873256,0.16115485026041668,0.9573999999999999,265.4998211463292,0.0039824973171949385,0.1088083099751435,0.1651373475776116,0.0009644387005737322,0.000867848144546509,0.000576008406599402,0.0005291502622129122,0.8206506915470125,1.2309760373204608e-05,0.0009636301837848458,0.0005878860185051392,3
mnist_mlp,scratch,23170,181,37477,0.003,0.0001,272,3.0052654294346137,69632,0.10479002782310998,0.969946770248885,0.16125939432779948,0.9575999999999999,265.490042352428,0.013274502117621401,0.11806452994073137,0.17453389644542086,0.0009298069115479966,0.0007784634877553209,0.0004008671356258762,0.0003464101615137373,0.8345008284580104,4.172504142289983e-05,0.0009291572203712522,0.00043837950491811695,3
mnist_mlp,scratch,23170,181,37477,0.003,0.0003,272,3.0052654294346137,69632,0.10476670554002881,0.9699036109912242,0.16122499491373699,0.9573999999999999,265.5165415940185,0.03982748123910278,0.14459418677913158,0.20105247615283975,0.0008892429955781545,0.0008461122688840425,0.0005370399670346159,0.0003999999999999976,0.8478309796475662,0.00012717464694713627,0.0008731850567987789,0.0006549299531393993,3
mnist_mlp,scratch,23170,181,37477,0.003,0.001,272,3.0052654294346137,69632,0.10494820017588942,0.9698460653143433,0.16129849243164063,0.9572666666666668,265.3035760583977,0.13265178802919886,0.2375999882050883,0.29395028046083943,0.0009064286949964686,0.0008953162355057322,0.00031654861895598184,0.00011547005383791244,0.7546782974261989,0.00037733914871309634,0.0008531365444263211,0.0006628228540512729,3
mnist_mlp,scratch,23170,181,37477,0.003,0.003,272,3.0052654294346137,69632,0.10491732159821598,0.9698460653143433,0.16125991414388022,0.9575333333333332,264.82109149669606,0.3972316372450441,0.50214895884326,0.5584915513889244,0.0008954538036879348,0.0008526912106308099,0.0010329015915407891,0.0009237604307034117,0.6927785555082939,0.0010391678332624388,0.0011461955570377896,0.002015039968038064,3
mnist_mlp,scratch,23170,181,37477,0.003,0.01,272,3.0052654294346137,69632,0.10514663972883426,0.9697165875413609,0.16099036458333335,0.9575999999999999,263.22635646536946,1.3161317823268472,1.4212784220556813,1.4771221469101807,0.0009319052296985204,0.0008416977399688965,0.001119705112533684,0.0007211102550928031,0.8585023298871265,0.0042925116494355875,0.0041045596789576165,0.005405621123266522,3
mnist_mlp,scratch,23170,181,37477,0.003,0.03,272,3.0052654294346137,69632,0.10561058067483124,0.9697165875413609,0.16067529296875,0.9579333333333334,259.04712021506083,3.885706803225912,3.991317383900743,4.046382096194662,0.000975858964433602,0.0008689206658346531,0.0008956136937762444,0.0004163331998932407,0.8711377461196432,0.01306706619179469,0.012754113788785878,0.01375384897889104,3
mnist_mlp,scratch,23170,256,53002,0.003,0.0,272,3.0052654294346137,69632,0.09487325777820231,0.9730830096389008,0.15942557576497396,0.9596666666666667,326.16727246282,0.0,0.09487325777820231,0.15942557576497396,0.0006692886881970077,0.00030619762126010236,0.007152873487383226,0.0013316656236958917,1.2994400052019266,0.0,0.0006692886881970077,0.007152873487383226,3
mnist_mlp,scratch,23170,256,53002,0.003,1e-06,272,3.0052654294346137,69632,0.09487325777820231,0.9730830096389008,0.15942557576497396,0.9596666666666667,326.16727246282,0.00016308363623141,0.09503634141443369,0.15958865940120537,0.0006692886881970077,0.00030619762126010236,0.007152873487383226,0.0013316656236958917,1.2994400052019266,6.497200026009685e-07,0.000668789041677072,0.007152403139728702,3
mnist_mlp,scratch,23170,256,53002,0.003,3e-06,272,3.0052654294346137,69632,0.09487325777820231,0.9730830096389008,0.15942557576497396,0.9596666666666667,326.16727246282,0.0004892509086942301,0.09536250868689654,0.1599148266736682,0.0006692886881970077,0.00030619762126010236,0.007152873487383226,0.0013316656236958917,1.2994400052019266,1.949160007802877e-06,0.0006677905235337983,0.0071514625286999865,3
mnist_mlp,scratch,23170,256,53002,0.003,1e-05,272,3.0052654294346137,69632,0.09486680605003017,0.9730973960581212,0.15942641398111979,0.9596,326.1564547692736,0.0016307822738463682,0.09649758832387655,0.16105719625496617,0.0006533785071740138,0.00023770265633519586,0.007170945217500862,0.0013856406460551094,1.3173132835318515,6.586566417659408e-06,0.0006483018537509014,0.00716604099251065,3
mnist_mlp,scratch,23170,256,53002,0.003,3e-05,272,3.0052654294346137,69632,0.09488057155880786,0.9730398503812401,0.15936277872721352,0.9596,326.109772975867,0.004891646594638005,0.09977221815344588,0.16425442532185155,0.0006381980314414762,0.00016339831235224892,0.007242811272087694,0.0013856406460551094,1.3230766333137043,1.9846149499706047e-05,0.0006233510842392417,0.007228998695368906,3
mnist_mlp,scratch,23170,256,53002,0.003,0.0001,272,3.0052654294346137,69632,0.09489690291934727,0.9729535318659185,0.15929147440592448,0.9594,326.18482336960733,0.016309241168480367,0.11120614408782763,0.17560071557440485,0.0005892499705322554,8.984315923461368e-05,0.007169072713937368,0.0014422205101855717,1.2452306335934207,6.22615316796726e-05,0.0005382240830939848,0.007126907573343454,3
mnist_mlp,scratch,23170,256,53002,0.003,0.0003,272,3.0052654294346137,69632,0.09492155367857158,0.9731117824773414,0.15949663492838542,0.9595333333333333,326.0414509829134,0.048906217647437,0.14382777132600857,0.2084028525758224,0.0007096552957697331,0.00014950805417085532,0.007258164178373313,0.0014742229591663933,1.3151367280465145,0.00019727050920697578,0.0005402948881282199,0.007117320669435375,3
mnist_mlp,scratch,23170,256,53002,0.003,0.001,272,3.0052654294346137,69632,0.09486805176738355,0.9729823047043591,0.15935101267496746,0.9594666666666667,325.98144578995806,0.16299072289497904,0.25785877466236257,0.3223417355699465,0.0005934503715770656,0.00014950805417083128,0.006970117861422153,0.001501110699893022,1.2453325755760563,0.0006226662877880148,0.00015483512813270408,0.006491605470159745,3
mnist_mlp,scratch,23170,256,53002,0.003,0.003,272,3.0052654294346137,69632,0.09507139680917581,0.9727665084160552,0.15963115946451822,0.9596,325.21430980538327,0.48782146470807497,0.5828928615172507,0.6474526241725932,0.0006870996452978816,0.00011418866254054269,0.00755407957308266,0.0014000000000000045,1.4532648543444413,0.0021798972815166478,0.0016262666573794934,0.006083111048301321,3
mnist_mlp,scratch,23170,256,53002,0.003,0.01,272,3.0052654294346137,69632,0.09527032248769075,0.9728815997698174,0.15917750651041665,0.9598,323.3322814889252,1.6166614074446262,1.711931729932317,1.7758389139550428,0.0008114567882969052,0.00019934407222776168,0.007232646863076864,0.0018330302779822917,1.4761800348894718,0.007380900174447379,0.006573034906830067,0.005383005506934862,3
mnist_mlp,scratch,23170,256,53002,0.003,0.03,272,3.0052654294346137,69632,0.09582043064530676,0.9727233491583944,0.1584416524251302,0.9601333333333333,317.73002980463207,4.765950447069481,4.861770877714787,4.924392099494611,0.0006090169021475978,7.475402708543967e-05,0.006509227378714653,0.001527525231651936,1.412131365745829,0.021181970486187376,0.020616424026389933,0.017986502112049257,3
mnist_mlp,scratch,32768,32,6634,0.003,0.0,384,3.0,98304,0.17366505973041058,0.9481608072916666,0.19546814473470053,0.9419333333333334,134.191761319836,0.0,0.17366505973041058,0.19546814473470053,0.002204998940737251,0.0005358710608343894,0.0036851440371969526,0.0026558112382722345,3.0458621053492356,0.0,0.002204998940737251,0.0036851440371969526,3
mnist_mlp,scratch,32768,32,6634,0.003,1e-06,384,3.0,98304,0.17366505973041058,0.9481608072916666,0.19546814473470053,0.9419333333333334,134.191761319836,6.709588065991798e-05,0.1737321556110705,0.19553524061536046,0.002204998940737251,0.0005358710608343894,0.0036851440371969526,0.0026558112382722345,3.0458621053492356,1.5229310526746224e-06,0.0022040781555658618,0.003685176233955753,3
mnist_mlp,scratch,32768,32,6634,0.003,3e-06,384,3.0,98304,0.17366505973041058,0.9481608072916666,0.19546814473470053,0.9419333333333334,134.191761319836,0.00020128764197975397,0.17386634737239035,0.1956694323766803,0.002204998940737251,0.0005358710608343894,0.0036851440371969526,0.0026558112382722345,3.0458621053492356,4.568793158023846e-06,0.002202238589739299,0.0036852425146893645,3
mnist_mlp,scratch,32768,32,6634,0.003,1e-05,384,3.0,98304,0.1736661922186613,0.9481201171875,0.1954483123779297,0.9419333333333334,134.21222340812287,0.0006710611170406143,0.17433725333570194,0.1961193734949703,0.0022049564841777345,0.000600351427395813,0.0036604783459475336,0.0026558112382722345,3.016809207502221,1.5084046037511109e-05,0.0021959815612096474,0.003661073576116883,3
mnist_mlp,scratch,32768,32,6634,0.003,3e-05,384,3.0,98304,0.17365073009083667,0.9481709798177084,0.1954387888590495,0.9418666666666667,134.21252136180797,0.00201318782042712,0.1756639179112638,0.1974519766794766,0.0021833770123490053,0.0005199942187146823,0.0036526743730416187,0.0027153882472554557,3.009393236878525,4.514089855317759e-05,0.002156755056284826,0.003654651347675492,3
mnist_mlp,scratch,32768,32,6634,0.003,0.0001,384,3.0,98304,0.17365734310199818,0.9480794270833334,0.19542885437011717,0.9418000000000001,134.18556771675745,0.006709278385837874,0.18036662148783603,0.20213813275595505,0.002184407599884273,0.0005646439244131637,0.0036290875026631594,0.002771281292110147,3.001710180942633,0.00015008550904713135,0.002097956989974632,0.0036380044458204867,3
mnist_mlp,scratch,32768,32,6634,0.003,0.0003,384,3.0,98304,0.17368126039703688,0.948150634765625,0.19549714864095055,0.9418666666666667,134.15454411009947,0.02012318161651492,0.19380444201355176,0.21562033025746544,0.00213360296905188,0.0004698121435040482,0.0035617927845355,0.0025403411844343218,3.0357401735432035,0.00045536102603148013,0.0018944591741772978,0.0036297848094712145,3
mnist_mlp,scratch,32768,32,6634,0.003,0.001,384,3.0,98304,0.1737292567268014,0.9482320149739584,0.19562553405761718,0.9414666666666666,134.0759034330646,0.06703795171653232,0.24076720844333374,0.2626634857741495,0.002189549644152112,0.0005776884303589085,0.003561921463015739,0.0023692474191889445,3.1111101448763328,0.0015555550724381613,0.0018128946199769754,0.004049987079705715,3
mnist_mlp,scratch,32768,32,6634,0.003,0.003,384,3.0,98304,0.17380704699705044,0.9481302897135416,0.19548052978515626,0.9415999999999999,133.93234077095985,0.20089851115643978,0.3747055581534902,0.3963790409415961,0.0021568982129792588,0.0006805716424022569,0.003536903733301802,0.002599999999999972,3.077292303068427,0.004615938454602647,0.0038028998307285925,0.006005563986407512,3
mnist_mlp,scratch,32768,32,6634,0.003,0.01,384,3.0,98304,0.17407983168959618,0.94805908203125,0.19539163513183597,0.9418666666666667,133.1056378905972,0.665528189452986,0.839608021142582,0.8609198245848219,0.0020692890646852413,0.0004037096116736741,0.0034584802494927475,0.0028867513459481715,3.046641638226608,0.015233208191133068,0.014049620299464704,0.015733424582915927,3
mnist_mlp,scratch,32768,32,6634,0.003,0.03,384,3.0,98304,0.17493492985765138,0.9478047688802084,0.19584639078776042,0.9411333333333333,130.95567436516285,1.9643351154774427,2.139270045335094,2.160181506265203,0.001977835134015656,0.0005563358119252626,0.0033048526277758344,0.002309401076758497,2.8742366221060593,0.04311354933159086,0.042021704271153426,0.043557978350747345,3
mnist_mlp,scratch,32768,45,9325,0.003,0.0,384,3.0,98304,0.14890959672629833,0.9561665852864584,0.17386535847981768,0.9497333333333332,154.6805335779985,0.0,0.14890959672629833,0.17386535847981768,0.00042264240732832985,0.0006196897139696558,0.0065339520290391365,0.002100793500878488,4.116756171300044,0.0,0.00042264240732832985,0.0065339520290391365,3
mnist_mlp,scratch,32768,45,9325,0.003,1e-06,384,3.0,98304,0.14890959672629833,0.9561665852864584,0.17386535847981768,0.9497333333333332,154.6805335779985,7.734026678899923e-05,0.14898693699308732,0.1739426987466067,0.00042264240732832985,0.0006196897139696558,0.0065339520290391365,0.002100793500878488,4.116756171300044,2.058378085650015e-06,0.0004224806821905192,0.006534236740762483,3
mnist_mlp,scratch,32768,45,9325,0.003,3e-06,384,3.0,98304,0.14890959672629833,0.9561665852864584,0.17386535847981768,0.9497333333333332,154.6805335779985,0.0002320208003669977,0.14914161752666533,0.17409737928018468,0.00042264240732832985,0.0006196897139696558,0.0065339520290391365,0.002100793500878488,4.116756171300044,6.175134256950073e-06,0.000422187154056034,0.006534808072081662,3
mnist_mlp,scratch,32768,45,9325,0.003,1e-05,384,3.0,98304,0.14890551815430322,0.9561665852864584,0.17387973225911457,0.9497333333333332,154.66694912314415,0.0007733347456157207,0.14967885289991895,0.1746530670047303,0.0004214440732234075,0.0006174312705685912,0.006547666064823253,0.002300724523564955,4.109229809031811,2.0546149045159057e-05,0.00041956661600217257,0.006550500018045225,3
mnist_mlp,scratch,32768,45,9325,0.003,3e-05,384,3.0,98304,0.1488920565073689,0.9561665852864584,0.173871923828125,0.9497333333333332,154.65704115231833,0.002319855617284775,0.15121191212465365,0.17619177944540979,0.00040372179538837957,0.0006961308638885828,0.00653611223875314,0.002300724523564955,4.116350931724125,6.174526397586177e-05,0.00040254031211424195,0.006545098408579187,3
mnist_mlp,scratch,32768,45,9325,0.003,0.0001,384,3.0,98304,0.14893501220891872,0.9562174479166666,0.17394603169759115,0.9496666666666668,154.66697202126184,0.007733348601063093,0.1566683608099818,0.18167938029865424,0.0004513934497308687,0.0006060128177330011,0.006443485560604085,0.002300724523564955,4.11124427410473,0.00020556221370523635,0.0004776827421313123,0.006474389535521904,3
mnist_mlp,scratch,32768,45,9325,0.003,0.0003,384,3.0,98304,0.14889255755891403,0.9563496907552084,0.1737983927408854,0.9497333333333332,154.62281202028194,0.02319342180304229,0.17208597936195633,0.1969918145439277,0.00046940677249558086,0.0005646439244131727,0.006514826193242997,0.001700980109623111,4.165522712723909,0.0006248284069085866,0.0007802598045584049,0.006629461465349773,3
mnist_mlp,scratch,32768,45,9325,0.003,0.001,384,3.0,98304,0.14890853067239126,0.9562886555989584,0.17388729451497395,0.9498000000000001,154.5787377183636,0.0772893688591818,0.22619789953157307,0.2511766633741558,0.0004540778286335454,0.000542778384275482,0.00623449672682642,0.002029778313018431,4.045469752370462,0.0020227348761852303,0.002028083669368476,0.006745625521212621,3
mnist_mlp,scratch,32768,45,9325,0.003,0.003,384,3.0,98304,0.14886788123597702,0.9561055501302084,0.17363842163085938,0.9499333333333334,154.25252756724754,0.23137879135087133,0.38024667258684836,0.4050172129817307,0.0005573682583168276,0.0003537056203351653,0.006305319919793123,0.0020033305601755637,4.110687386034439,0.006166031079051651,0.006106581042477007,0.009474287760532463,3
mnist_mlp,scratch,32768,45,9325,0.003,0.01,384,3.0,98304,0.14926771819591522,0.9559733072916666,0.17344745279947915,0.9497333333333332,153.34783159941435,0.7667391579970717,0.9160068761929869,0.9401866107965509,0.000740133147590395,0.0004895511643683243,0.006114938775502456,0.002212088003071585,3.9805048063546002,0.019902524031773,0.019764925756396386,0.021174676555118264,3
mnist_mlp,scratch,32768,45,9325,0.003,0.03,384,3.0,98304,0.1499991330007712,0.9559733072916666,0.1740946319580078,0.9503333333333334,150.6967362637321,2.2604510439559817,2.410450176956753,2.434545675913989,0.0007067255920759161,0.0004210246192743859,0.006276112917145023,0.002100793500878488,4.01068364965356,0.060160254744803146,0.06007227557638554,0.0617644114634571,3
mnist_mlp,scratch,32768,64,13258,0.003,0.0,384,3.0,98304,0.1299451724626124,0.9607950846354166,0.15762503967285155,0.9543333333333334,178.46652513494095,0.0,0.1299451724626124,0.15762503967285155,0.0032709474195767195,0.0014223723397630448,0.0006853036582391571,0.001973153144926476,0.6140859580689664,0.0,0.0032709474195767195,0.0006853036582391571,3
mnist_mlp,scratch,32768,64,13258,0.003,1e-06,384,3.0,98304,0.1299451724626124,0.9607950846354166,0.15762503967285155,0.9543333333333334,178.46652513494095,8.923326256747046e-05,0.13003440572517985,0.15771427293541904,0.0032709474195767195,0.0014223723397630448,0.0006853036582391571,0.001973153144926476,0.6140859580689664,3.07042979034487e-07,0.003270780738717965,0.0006856103620299011,3
mnist_mlp,scratch,32768,64,13258,0.003,3e-06,384,3.0,98304,0.1299451724626124,0.9607950846354166,0.15762503967285155,0.9543333333333334,178.46652513494095,0.0002676997877024114,0.1302128722503148,0.15789273946055396,0.0032709474195767195,0.0014223723397630448,0.0006853036582391571,0.001973153144926476,0.6140859580689664,9.21128937103459e-07,0.003270447437994768,0.0006862237705215097,3
mnist_mlp,scratch,32768,64,13258,0.003,1e-05,384,3.0,98304,0.12992780174439153,0.9607950846354166,0.15747537129720052,0.9544,178.45821550736824,0.0008922910775368413,0.13082009282192839,0.15836766237473734,0.0033094337063620705,0.0014002658534806027,0.0007932882542460933,0.002078460969082616,0.6630854050476371,3.3154270252381642e-06,0.0033077347189450516,0.000796599159978459,3
mnist_mlp,scratch,32768,64,13258,0.003,3e-05,384,3.0,98304,0.12989718125512204,0.960723876953125,0.15750098164876303,0.9546666666666667,178.4869096254309,0.002677303644381464,0.1325744848995035,0.16017828529314448,0.003285349722150233,0.0014803384809124638,0.0006796924940104888,0.0022030282189144696,0.6114596623221443,9.171894934832154e-06,0.003280293711009219,0.0006888398314481125,3
mnist_mlp,scratch,32768,64,13258,0.003,0.0001,384,3.0,98304,0.12994515461226305,0.9607645670572916,0.1574965861002604,0.9542666666666667,178.51060435672602,0.0089255302178363,0.13887068483009934,0.1664221163180967,0.003341672229109325,0.0014499329266436133,0.0006889881671965196,0.0015143755588800174,0.5951024608736994,2.9755123043684967e-05,0.0033275324650955335,0.0007186163760461225,3
mnist_mlp,scratch,32768,64,13258,0.003,0.0003,384,3.0,98304,0.12992898002266884,0.9608968098958334,0.1573350056966146,0.9545333333333333,178.40124663710594,0.02676018699556589,0.15668916701823474,0.18409519269218047,0.0032778848683208653,0.0015684174700690216,0.0007934660012799324,0.001973153144926473,0.5849185255199674,8.773777882799444e-05,0.00323285708037862,0.0008734773172918064,3
mnist_mlp,scratch,32768,64,13258,0.003,0.001,384,3.0,98304,0.12995136358464757,0.9607645670572916,0.15735198160807293,0.9547333333333334,178.30601234237352,0.08915300617118677,0.21910436975583436,0.24650498777925967,0.0032660379793188997,0.0016562172028755054,0.000633501335190668,0.002138535324312762,0.5728123173446612,0.0002864061586723275,0.0031571451404865006,0.0008616266771902268,3
mnist_mlp,scratch,32768,64,13258,0.003,0.003,384,3.0,98304,0.13011375457669297,0.9607950846354166,0.15754584248860679,0.9547333333333334,177.88147512823343,0.2668222126923501,0.3969359672690431,0.42436805518095694,0.0032899019227077917,0.0015931617798219204,0.0002505688430357296,0.002309401076758521,0.5630602697302829,0.000844590404595406,0.0031031464600424583,0.001052103051778259,3
mnist_mlp,scratch,32768,64,13258,0.003,0.01,384,3.0,98304,0.13034322826812664,0.96075439453125,0.1575085469563802,0.9544,176.69434595356384,0.8834717297678193,1.013814958035946,1.0409802767241996,0.003379835583982166,0.0015617726540434554,0.00026228956394689886,0.0018330302779823431,0.41573726045917664,0.0020786863022958487,0.0032957783402014825,0.0022415228487248796,3
mnist_mlp,scratch,32768,64,13258,0.003,0.03,384,3.0,98304,0.1309364646052321,0.9606526692708334,0.1575482930501302,0.9544666666666667,173.56566328555346,2.6034849492833017,2.7344214138885334,2.7610332423334323,0.003163983690601284,0.0013784805015210806,0.0004433338645949286,0.0018583146486355004,0.6097058535376827,0.009145587803064898,0.009176468628143565,0.008714685682698899,3
mnist_mlp,scratch,32768,91,18847,0.003,0.0,384,3.0,98304,0.11272465018555522,0.9670003255208334,0.13993465576171873,0.9596,216.13729162265858,0.0,0.11272465018555522,0.13993465576171873,0.0016232285537719938,0.0006867020195205805,0.006762617627236128,0.0014000000000000043,1.3422798347136193,0.0,0.0016232285537719938,0.006762617627236128,3
mnist_mlp,scratch,32768,91,18847,0.003,1e-06,384,3.0,98304,0.11272465018555522,0.9670003255208334,0.13993465576171873,0.9596,216.13729162265858,0.00010806864581132928,0.11283271883136654,0.14004272440753007,0.0016232285537719938,0.0006867020195205805,0.006762617627236128,0.0014000000000000043,1.3422798347136193,6.71139917356808e-07,0.0016226474309549862,0.006762049117593064,3
mnist_mlp,scratch,32768,91,18847,0.003,3e-06,384,3.0,98304,0.11272465018555522,0.9670003255208334,0.13993465576171873,0.9596,216.13729162265858,0.00032420593743398785,0.1130488561229892,0.14025886169915272,0.0016232285537719938,0.0006867020195205805,0.006762617627236128,0.0014000000000000043,1.3422798347136193,2.0134197520704318e-06,0.001621485393879853,0.0067609121547603755,3
mnist_mlp,scratch,32768,91,18847,0.003,1e-05,384,3.0,98304,0.11272801753754418,0.9669901529947916,0.14000534566243492,0.9596,216.15098467965922,0.0010807549233982962,0.11380877246094247,0.14108610058583318,0.0016512550002309673,0.0006264161913387274,0.006589403116928329,0.0014422205101855714,1.3071499862707872,6.535749931353923e-06,0.0016455207006409395,0.006583841304805109,3
mnist_mlp,scratch,32768,91,18847,0.003,3e-05,384,3.0,98304,0.11275451195736726,0.96710205078125,0.13997086385091145,0.9596666666666667,216.11147301644087,0.0032416720952466132,0.11599618405261387,0.14321253594615804,0.0016293431884966646,0.0005285799583645256,0.006674562184410294,0.0025324559884296605,1.2752598453611863,1.9128897680417763e-05,0.0016127076114984817,0.006658117531491185,3
mnist_mlp,scratch,32768,91,18847,0.003,0.0001,384,3.0,98304,0.112748843152076,0.9671630859375,0.13999136708577473,0.9596666666666667,216.14709479610124,0.010807354739805063,0.12355619789188106,0.15079872182557982,0.0016657882517815247,0.0007400119417103357,0.006567797050853906,0.0015275252316519147,1.3313506436718465,6.656753218359198e-05,0.0016070205374640405,0.006509615716377788,3
mnist_mlp,scratch,32768,91,18847,0.003,0.0003,384,3.0,98304,0.11278218760465582,0.967132568359375,0.14000653889973957,0.9594666666666667,216.17622297257185,0.03242643344588578,0.14520862105054158,0.17243297234562535,0.0016505328085201622,0.000579833984375,0.006578965655686873,0.002003330560175499,1.3762028265679997,0.00020643042398519901,0.0014696991438598688,0.006392676794289385,3
mnist_mlp,scratch,32768,91,18847,0.003,0.001,384,3.0,98304,0.1128729556997617,0.9669291178385416,0.140057443745931,0.9592,215.92155426492295,0.10796077713246148,0.22083373283222318,0.24801822087839245,0.0016803971421694495,0.000606012817733008,0.006907237096466659,0.0021166010488516754,1.35835403450456,0.0006791770172522814,0.001119851889634558,0.006342856661247716,3
mnist_mlp,scratch,32768,91,18847,0.003,0.003,384,3.0,98304,0.11292041310419638,0.9669291178385416,0.1397368911743164,0.9599333333333333,215.57499348868927,0.3233624902330339,0.43628290333723024,0.4630993814073503,0.0017011912343317906,0.0005217821697278643,0.006734429241626158,0.002138535324312723,1.4823132656163889,0.0022234698984245796,0.0009426365692290965,0.004825363479492993,3
mnist_mlp,scratch,32768,91,18847,0.003,0.01,384,3.0,98304,0.1130431800459822,0.966949462890625,0.1399753168741862,0.9596,214.15420970817408,1.0707710485408704,1.1838142285868527,1.2107463654150565,0.0017548101335052723,0.0006693027404620761,0.007482528202280835,0.002029778313018439,1.3947386463933744,0.006973693231966833,0.005522719018296463,0.003611918607994861,3
mnist_mlp,scratch,32768,91,18847,0.003,0.03,384,3.0,98304,0.11351667701577146,0.9669189453125,0.13980052897135417,0.9594,209.99570172528425,3.1499355258792634,3.263452202895035,3.289736054850618,0.0016865446403423908,0.00027124616752061733,0.006669625094700668,0.002457641145488893,1.4057177139834673,0.021085765709752045,0.01958489343471737,0.015211344060515332,3
mnist_mlp,scratch,32768,128,26506,0.003,0.0,384,3.0,98304,0.10138858870292704,0.970428466796875,0.1404895258585612,0.9611333333333333,255.8885252016286,0.0,0.10138858870292704,0.1404895258585612,0.003874420637999634,0.0012864525700902094,0.0013478659039631309,0.0022030282189144444,3.940511936182218,0.0,0.003874420637999634,0.0013478659039631309,3
mnist_mlp,scratch,32768,128,26506,0.003,1e-06,384,3.0,98304,0.10138858870292704,0.970428466796875,0.1404895258585612,0.9611333333333333,255.8885252016286,0.00012794426260081428,0.10151653296552786,0.14061747012116202,0.003874420637999634,0.0012864525700902094,0.0013478659039631309,0.0022030282189144444,3.940511936182218,1.9702559680911123e-06,0.0038748355496698336,0.0013492463003965485,3
mnist_mlp,scratch,32768,128,26506,0.003,3e-06,384,3.0,98304,0.10138858870292704,0.970428466796875,0.1404895258585612,0.9611333333333333,255.8885252016286,0.0003838327878024429,0.10177242149072947,0.14087335864636363,0.003874420637999634,0.0012864525700902094,0.0013478659039631309,0.0022030282189144444,3.940511936182218,5.910767904273347e-06,0.003875668244585952,0.001352011478767854,3
mnist_mlp,scratch,32768,128,26506,0.003,1e-05,384,3.0,98304,0.10128417331725359,0.970428466796875,0.14040437978108725,0.9610666666666666,255.81146440903345,0.0012790573220451673,0.10256323063929877,0.14168343710313241,0.003662511283172299,0.0012689589163996453,0.0012248624476128823,0.0023180451534284855,3.8983696509989394,1.9491848254994766e-05,0.0036671071891925472,0.001239391965656726,3
mnist_mlp,scratch,32768,128,26506,0.003,3e-05,384,3.0,98304,0.10142431703085701,0.970428466796875,0.14050567830403646,0.9611999999999999,255.8824077087144,0.0038382361156307165,0.10526255314648773,0.14434391441966718,0.003896071752106162,0.0013150916397958522,0.001308419733686631,0.002253885533916928,3.9704457873444103,5.9556686810166137e-05,0.00390879170490805,0.0013501563684331535,3
mnist_mlp,scratch,32768,128,26506,0.003,0.0001,384,3.0,98304,0.10124654183164239,0.9704182942708334,0.14040549112955727,0.9611999999999999,255.86524049689373,0.012793262024844687,0.11403980385648708,0.15319875315440198,0.0037358421294980395,0.0012709145467896023,0.0011692693065353528,0.002253885533916928,3.849817301380206,0.000192490865069011,0.003780806173479384,0.0013085383554538818,3
mnist_mlp,scratch,32768,128,26506,0.003,0.0003,384,3.0,98304,0.10121295011291902,0.9702962239583334,0.1403159713745117,0.9615999999999999,255.81381264577308,0.03837207189686596,0.13958502200978498,0.1786880432713777,0.0038603450318684617,0.0013845476876643982,0.0010517601214120591,0.0025999999999999626,4.082248383914774,0.000612337257587214,0.004006086263169443,0.001571048384068673,3
mnist_mlp,scratch,32768,128,26506,0.003,0.001,384,3.0,98304,0.10137406084686518,0.9705098470052084,0.14086254069010418,0.9610666666666666,255.7013626669844,0.1278506813334922,0.22922474218035738,0.2687132220235964,0.0038851939395265407,0.0013757753859103712,0.0011921761486947862,0.0021571586249818256,3.858771286204956,0.0019293856431024797,0.004590636658939435,0.0028724562358427154,3
mnist_mlp,scratch,32768,128,26506,0.003,0.003,384,3.0,98304,0.10140955091143648,0.9703572591145834,0.14039700113932294,0.9614666666666666,255.08022808780274,0.3826203421317041,0.4840298930431406,0.523017343271027,0.003715904635907179,0.001197725847498506,0.0007220748392164775,0.0025006665778014464,3.9297893586528145,0.00589468403797923,0.0073282500193413026,0.006482830389938166,3
mnist_mlp,scratch,32768,128,26506,0.003,0.01,384,3.0,98304,0.10148044349625707,0.9705301920572916,0.14039989674886066,0.9615333333333332,253.19856707006693,1.2659928353503347,1.3674732788465918,1.4063927320991951,0.003692490717126238,0.0013034733664163858,0.0014954439305315764,0.0018475208614067594,3.826547670756454,0.019132738353782278,0.019637453429393707,0.020609411216537817,3
mnist_mlp,scratch,32768,128,26506,0.003,0.03,384,3.0,98304,0.10237951343879104,0.9702962239583334,0.13978730824788413,0.9611999999999999,248.27513591572642,3.724127038735896,3.826506552174687,3.8639143469837802,0.0036372687163011876,0.001155779828884712,0.0014637631220806712,0.0024331050121192688,3.732558449173357,0.05598837673760044,0.05688449903675382,0.05712403827880451,3
mnist_mlp,scratch,32768,181,37477,0.003,0.0,384,3.0,98304,0.0904261019701759,0.973846435546875,0.13923178761800128,0.9633333333333334,305.47496350544196,0.0,0.0904261019701759,0.13923178761800128,0.002088947602902786,0.000800468569861084,0.0063055219854644285,0.0018147543451755295,2.51339940315875,0.0,0.002088947602902786,0.0063055219854644285,3
mnist_mlp,scratch,32768,181,37477,0.003,1e-06,384,3.0,98304,0.0904261019701759,0.973846435546875,0.13923178761800128,0.9633333333333334,305.47496350544196,0.00015273748175272095,0.09057883945192863,0.139384525099754,0.002088947602902786,0.000800468569861084,0.0063055219854644285,0.0018147543451755295,2.51339940315875,1.2566997015793778e-06,0.0020877440509441824,0.006306245919151592,3
mnist_mlp,scratch,32768,181,37477,0.003,3e-06,384,3.0,98304,0.0904261019701759,0.973846435546875,0.13923178761800128,0.9633333333333334,305.47496350544196,0.0004582124452581629,0.09088431441543406,0.13969000006325946,0.002088947602902786,0.000800468569861084,0.0063055219854644285,0.0018147543451755295,2.51339940315875,3.770099104738117e-06,0.0020853371351358743,0.006307694288395966,3
mnist_mlp,scratch,32768,181,37477,0.003,1e-05,384,3.0,98304,0.09046119637787342,0.973846435546875,0.1393616724650065,0.9636666666666667,305.4610073858251,0.0015273050369291258,0.09198850141480254,0.14088897750193563,0.00206646330583226,0.0008610068346964041,0.006492507976806013,0.001553490693030843,2.5229575535880193,1.2614787767940103e-05,0.0020542820706988367,0.006499672185180773,3
mnist_mlp,scratch,32768,181,37477,0.003,3e-05,384,3.0,98304,0.0904935438496371,0.9738972981770834,0.1392987350463867,0.9636666666666667,305.4638671415548,0.004581958007123322,0.09507550185676043,0.14388069305351003,0.002029499393950757,0.0008676514744685749,0.006445892310512531,0.001553490693030843,2.5819661007251695,3.872949151087763e-05,0.0019931989760462723,0.006466262142219693,3
mnist_mlp,scratch,32768,181,37477,0.003,0.0001,384,3.0,98304,0.09039490576833487,0.9737955729166666,0.1386756306966146,0.9638666666666666,305.3614931007226,0.01526807465503613,0.10566298042337101,0.15394370535165072,0.002201721613621949,0.0008029854684190346,0.006760069337203923,0.0021385353243127078,2.3990614274476685,0.00011995307137238312,0.002084522222102546,0.006815951847408954,3
mnist_mlp,scratch,32768,181,37477,0.003,0.0003,384,3.0,98304,0.09039529645815492,0.9736226399739584,0.1387038141886393,0.9636,305.26416996493936,0.045789625494740895,0.1361849219528958,0.1844934396833802,0.002294626304497903,0.000646895877912774,0.006282749003327324,0.002029778313018453,2.4375068100353867,0.000365626021505312,0.0019375861744418805,0.006499729441245266,3
mnist_mlp,scratch,32768,181,37477,0.003,0.001,384,3.0,98304,0.09062260218585531,0.9737040201822916,0.13864093627929688,0.964,305.1060849794497,0.15255304248972487,0.24317564467558017,0.2911939787690217,0.0019979712820332907,0.0005967207591171383,0.006840096300076371,0.002107130750570537,2.3992725141972757,0.001199636257098645,0.0008266555590598011,0.0074145889952452575,3
mnist_mlp,scratch,32768,181,37477,0.003,0.003,384,3.0,98304,0.09049504653861125,0.9737650553385416,0.1392213857014974,0.9638,304.4716787834962,0.4567075181752444,0.5472025647138555,0.5959289038767417,0.0021458304627743566,0.0005235640149925978,0.0074007218456242285,0.0015874507866387789,2.287819832064717,0.0034317297480970796,0.0012872850452813637,0.009644009327770073,3
mnist_mlp,scratch,32768,181,37477,0.003,0.01,384,3.0,98304,0.09074501460418105,0.973968505859375,0.13823420867919922,0.9637333333333333,302.1058327940603,1.5105291639703016,1.6012741785744826,1.6487633726495006,0.002090208373859345,0.0006194391824397106,0.007375038218380893,0.001973153144926492,2.5308220176433722,0.012654110088216722,0.010571617210140962,0.01701451481932692,3
mnist_mlp,scratch,32768,181,37477,0.003,0.03,384,3.0,98304,0.09134905133396387,0.9736735026041666,0.1374898885091146,0.9636666666666667,295.6932153472056,4.435398230208084,4.526747281542048,4.572888118717199,0.0019826407570284125,0.0005841014493797076,0.005884982430114334,0.0018475208614067912,2.599293568924564,0.038989403533868566,0.037041774471148495,0.04236671434157808,3
mnist_mlp,scratch,32768,256,53002,0.003,0.0,384,3.0,98304,0.08278061744446556,0.97601318359375,0.14167977905273438,0.9634,380.12707534618676,0.0,0.08278061744446556,0.14167977905273438,0.0013891124612494601,0.0007038917599286375,0.008254393004863777,0.0021071307505705367,3.841611166957709,0.0,0.0013891124612494601,0.008254393004863777,3
mnist_mlp,scratch,32768,256,53002,0.003,1e-06,384,3.0,98304,0.08278061744446556,0.97601318359375,0.14167977905273438,0.9634,380.12707534618676,0.00019006353767309338,0.08297068098213865,0.14186984259040747,0.0013891124612494634,0.0007038917599286375,0.008254393004863785,0.002107130750570537,3.841611166957709,1.920805583478849e-06,0.0013872104280765877,0.008252799934501025,3
mnist_mlp,scratch,32768,256,53002,0.003,3e-06,384,3.0,98304,0.08278061744446556,0.97601318359375,0.14167977905273438,0.9634,380.12707534618676,0.0005701906130192801,0.08335080805748483,0.14224996966575365,0.0013891124612494634,0.0007038917599286375,0.008254393004863785,0.002107130750570537,3.841611166957709,5.76241675043659e-06,0.001383406517355147,0.008249614212566375,3
mnist_mlp,scratch,32768,256,53002,0.003,1e-05,384,3.0,98304,0.08288160851225257,0.9759623209635416,0.1416686762491862,0.9637333333333333,380.213618307064,0.00190106809153532,0.0847826766037879,0.1435697443407215,0.0014807139103987347,0.0006934499905254678,0.008654363624632415,0.0020132891827388654,3.717205934366513,1.8586029671832538e-05,0.0014621358701491201,0.008638917691750484,3
mnist_mlp,scratch,32768,256,53002,0.003,3e-05,384,3.0,98304,0.08286495491241415,0.9760335286458334,0.1417010971069336,0.9634666666666667,380.2589132996897,0.005703883699495346,0.0885688386119095,0.14740498080642894,0.0015146226009702677,0.0007661877464864471,0.0086027758146982,0.0021197484127446057,3.7764280195902176,5.6646420293853004e-05,0.0014579957653168478,0.00855616023766257,3
mnist_mlp,scratch,32768,256,53002,0.003,0.0001,384,3.0,98304,0.08272348251193762,0.9761555989583334,0.14158351084391277,0.9636,380.1811391916126,0.01900905695958063,0.10173253947151824,0.1605925678034934,0.0015583784738551066,0.0005461992903099979,0.008225224825364334,0.00150996688705414,3.8627147957997363,0.00019313573978998764,0.0013661343523834837,0.00806267960755537,3
mnist_mlp,scratch,32768,256,53002,0.003,0.0003,384,3.0,98304,0.08230075410877664,0.9761759440104166,0.14021647440592447,0.9634,379.9138980632027,0.056987084709480405,0.13928783881825704,0.19720355911540488,0.001887130663155252,0.0007477325629043394,0.008909461254296572,0.0019697715603591913,3.5802783259673805,0.0005370417488951048,0.0013753387068913415,0.00846121447702964,3
mnist_mlp,scratch,32768,256,53002,0.003,0.001,384,3.0,98304,0.08270472924535473,0.97607421875,0.14105122629801434,0.9636,379.4584906194359,0.189729245309718,0.27243397455507273,0.3307804716077323,0.001879846055653651,0.0007038917599286375,0.009856145694413378,0.002227105745131983,3.1363499191020234,0.0015681749595510112,0.0004110823567213562,0.008506776093381596,3
mnist_mlp,scratch,32768,256,53002,0.003,0.003,384,3.0,98304,0.08255681783581774,0.976104736328125,0.1405563705444336,0.9632666666666667,378.45551877096295,0.5676832781564444,0.6502400959922622,0.7082396487008781,0.0021089920713926614,0.0005552186706134111,0.009391997994695303,0.0012858201014656965,3.2319374572524078,0.004847906185878647,0.0030143406344533695,0.005279325543100021,3
mnist_mlp,scratch,32768,256,53002,0.003,0.01,384,3.0,98304,0.08261998168503244,0.9760945638020834,0.14028093261718752,0.9636666666666667,375.18020261637866,1.8759010130818934,1.9585209947669258,2.016181945699081,0.0018481541682386286,0.00031763702384433515,0.009335337413901154,0.0015011106998929738,3.104570798631952,0.015522853993159655,0.013692349713817066,0.008793266378839365,3
mnist_mlp,scratch,32768,256,53002,0.003,0.03,384,3.0,98304,0.08319317533945043,0.9760335286458334,0.1399873326619466,0.9636,366.61057789064944,5.499158668359741,5.582351843699192,5.639146001021689,0.002021362606213178,0.000598279457703962,0.011327942449678587,0.0019078784028338878,2.5636016526628396,0.038454024789942295,0.03643387168132637,0.028314788935080354,3
mnist_mlp,scratch,46341,32,6634,0.003,0.0,543,2.9996763125525994,139008,0.14790845016936413,0.9556116613797716,0.1657482940673828,0.952,156.93307242790857,0.0,0.14790845016936413,0.1657482940673828,0.0014075842168213856,0.0006353955186264459,0.0035651788399984666,0.0008717797887081725,3.4278548927575625,0.0,0.0014075842168213856,0.0035651788399984666,3
mnist_mlp,scratch,46341,32,6634,0.003,1e-06,543,2.9996763125525994,139008,0.14790845016936413,0.9556116613797716,0.1657482940673828,0.952,156.93307242790857,7.846653621395428e-05,0.14798691670557806,0.16582676060359677,0.0014075842168213856,0.0006353955186264459,0.0035651788399984666,0.0008717797887081725,3.4278548927575625,1.7139274463787828e-06,0.0014077286945425576,0.0035664244194804702,3
mnist_mlp,scratch,46341,32,6634,0.003,3e-06,543,2.9996763125525994,139008,0.14790845016936413,0.9556116613797716,0.1657482940673828,0.952,156.93307242790857,0.0002353996086418629,0.148143849778006,0.1659836936760247,0.0014075842168213856,0.0006353955186264459,0.0035651788399984666,0.0008717797887081725,3.4278548927575625,5.141782339136352e-06,0.001408023864396463,0.0035689167435704913,3
mnist_mlp,scratch,46341,32,6634,0.003,1e-05,543,2.9996763125525994,139008,0.1479280375668083,0.9555756961078382,0.1658080088297526,0.9516666666666667,157.00637662907442,0.0007850318831453722,0.14871306944995366,0.16659304071289796,0.0014277018416983668,0.0006299982388423803,0.003645773792471361,0.0005033222956847439,3.3588868629882227,1.679443431494109e-05,0.0014290694239116988,0.003657931569390206,3
mnist_mlp,scratch,46341,32,6634,0.003,3e-05,543,2.9996763125525994,139008,0.1479155416982487,0.955446221128878,0.16574594217936198,0.9522,156.8995250413815,0.0023534928756207226,0.1502690345738694,0.1680994350549827,0.001358933933548461,0.0005464828096997903,0.0035619251133890465,0.0006000000000000172,3.436823178963327,5.1552347684450075e-05,0.0013684415460964259,0.0036021160508214697,3
mnist_mlp,scratch,46341,32,6634,0.003,0.0001,543,2.9996763125525994,139008,0.1479509008903737,0.9554318350201045,0.16580960896809896,0.952,156.89045695463815,0.007844522847731909,0.15579542373810562,0.1736541318158309,0.001379040210009051,0.00043605574807695826,0.003506315463425663,0.0007211102550927993,3.4172794343980506,0.00017086397171990245,0.0014155344382126627,0.003638509689090199,3
mnist_mlp,scratch,46341,32,6634,0.003,0.0003,543,2.9996763125525994,139008,0.14789966168287041,0.9555181516727448,0.16566759643554688,0.9518,156.86784100035825,0.023530176150053737,0.17142983783292418,0.18919777258560058,0.0013716762635208486,0.000606652160152641,0.003617602918293739,0.0007211102550927955,3.422143883085303,0.0005133215824627953,0.001541478581899582,0.004033010912359662,3
mnist_mlp,scratch,46341,32,6634,0.003,0.001,543,2.9996763125525994,139008,0.14791082817101728,0.9554821864008113,0.1650242991129557,0.9521333333333333,156.83591539909443,0.07841795769954722,0.2263287858705645,0.24344225681250295,0.0013973625469235274,0.000534274979095783,0.0030975431975921435,0.0006110100926607659,3.4398953141110598,0.0017199476570555247,0.002307252884745835,0.004303512526068483,3
mnist_mlp,scratch,46341,32,6634,0.003,0.003,543,2.9996763125525994,139008,0.14805690317324124,0.9554821864008115,0.16502472025553386,0.9520666666666666,156.38070744772753,0.2345710611715913,0.38262796434483254,0.39959578142712515,0.001381839282228312,0.0005802347666105109,0.0031440295112366416,0.0006429100507328706,3.3905645117600547,0.0050858467676400615,0.005399171438515078,0.0071275686165224615,3
mnist_mlp,scratch,46341,32,6634,0.003,0.01,543,2.9996763125525994,139008,0.14818450261946595,0.9553455183674644,0.16493839721679687,0.9517333333333333,155.2608599315087,0.7763042996575434,0.9244888022770095,0.9412426968743404,0.0014254952214557146,0.000669070064909128,0.0032355880021824068,0.0009451631252505233,3.34078241330617,0.016703912066530765,0.016969982342798187,0.0187248441458827,3
mnist_mlp,scratch,46341,32,6634,0.003,0.03,543,2.9996763125525994,139008,0.14908326991380952,0.9552735878235975,0.16525125630696613,0.9517333333333333,151.90582303951183,2.2785873455926775,2.427670615506487,2.443838601899644,0.0014353859137282332,0.0006482135412647741,0.003258652970199493,0.0006110100926607931,3.173282409958225,0.04759923614937336,0.04782958638720144,0.04955333669560194,3
mnist_mlp,scratch,46341,45,9325,0.003,0.0,543,2.9996763125525994,139008,0.1275397885225854,0.9622508505786812,0.1483676747639974,0.9587333333333333,177.4865419367949,0.0,0.1275397885225854,0.1483676747639974,0.002553256602311228,0.001528062785847721,0.00577661752170964,0.0014742229591664458,0.6357094996713288,0.0,0.002553256602311228,0.00577661752170964,3
mnist_mlp,scratch,46341,45,9325,0.003,1e-06,543,2.9996763125525994,139008,0.1275397885225854,0.9622508505786812,0.1483676747639974,0.9587333333333333,177.4865419367949,8.874327096839746e-05,0.1276285317935538,0.14845641803496581,0.002553256602311228,0.001528062785847721,0.00577661752170964,0.0014742229591664458,0.6357094996713288,3.1785474983566076e-07,0.00255357275157346,0.005776909180372262,3
mnist_mlp,scratch,46341,45,9325,0.003,3e-06,543,2.9996763125525994,139008,0.1275397885225854,0.9622508505786812,0.1483676747639974,0.9587333333333333,177.4865419367949,0.00026622981290519237,0.12780601833549057,0.1486339045769026,0.002553256602311228,0.001528062785847721,0.00577661752170964,0.0014742229591664458,0.6357094996713288,9.535642495070048e-07,0.002554205051367878,0.005777492505988411,3
mnist_mlp,scratch,46341,45,9325,0.003,1e-05,543,2.9996763125525994,139008,0.12757512301931803,0.9621933061435878,0.14829649810791015,0.9588666666666666,177.53341006239256,0.0008876670503119629,0.12846279006963,0.1491841651582221,0.0024804805445665427,0.0014852046185942643,0.005767391602413408,0.0018583146486355322,0.598985383271931,2.994926916359733e-06,0.0024834161184351814,0.005769962921076592,3
mnist_mlp,scratch,46341,45,9325,0.003,3e-05,543,2.9996763125525994,139008,0.12755672539100152,0.9622292714155213,0.14823658650716146,0.9586666666666667,177.5076311479012,0.002662614467218518,0.13021933985822,0.15089920097437995,0.002500694695513956,0.0015113632609931244,0.005801039011627964,0.0015143755588801285,0.6305198246900353,9.45779737035074e-06,0.00250990157118646,0.005809036420303431,3
mnist_mlp,scratch,46341,45,9325,0.003,0.0001,543,2.9996763125525994,139008,0.12768130826760402,0.9621645339260411,0.1485116180419922,0.9581333333333334,177.37733880927166,0.008868866940463583,0.1365501752080676,0.15738048498245577,0.002469336042594167,0.0016638826883754211,0.005889841898058341,0.001270170592217173,0.5507578986596305,2.753789493298169e-05,0.0024944099727999733,0.005910383726040599,3
mnist_mlp,scratch,46341,45,9325,0.003,0.0003,543,2.9996763125525994,139008,0.127689727969571,0.9622508505786812,0.14862611541748047,0.9588,177.35276717692614,0.02660291507653892,0.15429264304610993,0.1752290304940194,0.0025614152278710745,0.0017279956460277564,0.005789646666042174,0.0013856406460551255,0.5156272390735707,7.734408586103705e-05,0.002637029751659762,0.005855383648178099,3
mnist_mlp,scratch,46341,45,9325,0.003,0.001,543,2.9996763125525994,139008,0.12764187883578054,0.9622508505786812,0.14847427825927736,0.9588000000000001,177.2244958753387,0.08861224793766936,0.2162541267734499,0.2370865261969467,0.0025696589467734676,0.0017703245246523827,0.005642426352760367,0.0012489995996796976,0.6767181537703838,0.00033835907688519633,0.0029034485229044536,0.005932836731897209,3
mnist_mlp,scratch,46341,45,9325,0.003,0.003,543,2.9996763125525994,139008,0.12755316771789224,0.9623587463944815,0.14841462961832683,0.959,176.75705601026615,0.2651355840153992,0.3926887517332915,0.41355021363372607,0.002604109664179428,0.0016197793839777769,0.005897598742088142,0.0014000000000000026,0.8719271754649751,0.0013078907631974641,0.003874965899442765,0.006981660710393297,3
mnist_mlp,scratch,46341,45,9325,0.003,0.01,543,2.9996763125525994,139008,0.12792656622191392,0.9622508505786812,0.14871682891845703,0.9584666666666667,175.25321471691132,0.8762660735845565,1.0041926398064704,1.0249829025030135,0.002399490842953922,0.0016638826883753981,0.00586783279644654,0.0009451631252505233,0.7618066472242354,0.0038090332361211594,0.00600347273382178,0.009010927992574157,3
mnist_mlp,scratch,46341,45,9325,0.003,0.03,543,2.9996763125525994,139008,0.12865052218712378,0.9618408464786402,0.14895365142822267,0.9582666666666667,171.22912455598512,2.5684368683397767,2.697087390526901,2.7173905197679993,0.0025352571190974025,0.0018305864126881414,0.005588934705877108,0.0008082903768655232,0.5236985770413335,0.007855478655620002,0.010381676329765888,0.013349567784129924,3
mnist_mlp,scratch,46341,64,13258,0.003,0.0,543,2.9996763125525994,139008,0.10930916702291253,0.9678686260546816,0.13822735799153646,0.9625333333333334,208.8352057362596,0.0,0.10930916702291253,0.13822735799153646,0.004442992683599536,0.0016899392041510807,0.006811783597585987,0.002052640575778763,3.5653817126678344,0.0,0.004442992683599536,0.006811783597585987,3
mnist_mlp,scratch,46341,64,13258,0.003,1e-06,543,2.9996763125525994,139008,0.10930916702291253,0.9678686260546816,0.13822735799153646,0.9625333333333334,208.8352057362596,0.00010441760286812981,0.10941358462578066,0.1383317755944046,0.004442992683599536,0.0016899392041510807,0.006811783597585987,0.002052640575778763,3.5653817126678344,1.7826908563339177e-06,0.004441831960631617,0.006812844358460491,3
mnist_mlp,scratch,46341,64,13258,0.003,3e-06,543,2.9996763125525994,139008,0.10930916702291253,0.9678686260546816,0.13822735799153646,0.9625333333333334,208.8352057362596,0.0003132528086043894,0.10962241983151692,0.13854061080014085,0.004442992683599536,0.0016899392041510807,0.006811783597585987,0.002052640575778763,3.5653817126678344,5.348072569001752e-06,0.0044395117517974465,0.006814966783855815,3
mnist_mlp,scratch,46341,64,13258,0.003,1e-05,543,2.9996763125525994,139008,0.10927121739388095,0.9678254677283614,0.13832174021402996,0.9625333333333334,208.7883987079064,0.0010439419935395322,0.11031515938742048,0.13936568220756948,0.004586006630010508,0.0015779371126675948,0.0066002028294583045,0.0020033305601755732,3.5348797528632683,1.7674398764316405e-05,0.004574321411715657,0.006610848901092883,3
mnist_mlp,scratch,46341,64,13258,0.003,3e-05,543,2.9996763125525994,139008,0.10917027766645754,0.9678038885652014,0.13820807393391926,0.9626,208.79560048133135,0.0031319340072199706,0.1123022116736775,0.14134000794113924,0.00445620048761861,0.0016319041505840702,0.006673166717644778,0.0019697715603592377,3.547682735498855,5.321524103248308e-05,0.004421036230005854,0.006705507012103795,3
mnist_mlp,scratch,46341,64,13258,0.003,0.0001,543,2.9996763125525994,139008,0.10922025823212762,0.9678973982722283,0.13814586893717448,0.9626666666666667,208.9092266112566,0.01044546133056283,0.11966571956269045,0.1485913302677373,0.004608256491627351,0.0015989465819883548,0.006422004225723219,0.0018903262505010133,3.4137415994158378,0.00017068707997079272,0.004496567704063268,0.006521498367429588,3
mnist_mlp,scratch,46341,64,13258,0.003,0.0003,543,2.9996763125525994,139008,0.10919564751747392,0.9678326607827481,0.1384497299194336,0.9628666666666668,208.82642104228339,0.031323963156342505,0.14051961067381644,0.16977369307577608,0.004451533427140631,0.0016735101314844193,0.005646628429209359,0.001331665623695887,3.4155082077105594,0.0005123262311565841,0.0041324864897865805,0.005974649237360528,3
mnist_mlp,scratch,46341,64,13258,0.003,0.001,543,2.9996763125525994,139008,0.10913363167975199,0.9679405565985485,0.13842132008870445,0.9621333333333334,208.58927035331726,0.10429463517665864,0.21342826685641061,0.24271595526536305,0.004486547368518964,0.0015444310240418707,0.005923635915531339,0.0019731531449265517,3.4683738116323624,0.0017341869058161803,0.003508590444772622,0.007010703779477757,3
mnist_mlp,scratch,46341,64,13258,0.003,0.003,543,2.9996763125525994,139008,0.10930093610350079,0.9678758191090683,0.13820488077799478,0.9624,208.06386852264404,0.31209580278396604,0.42139673888746687,0.4503006835619609,0.004696047862773596,0.0016623427256633996,0.006478402603461071,0.0022715633383201305,3.386061095285391,0.005079091642928062,0.004295208155733496,0.010280970246514863,3
mnist_mlp,scratch,46341,64,13258,0.003,0.01,543,2.9996763125525994,139008,0.10946483547166543,0.9678902052178416,0.13825353749593097,0.9628,206.0427404716611,1.0302137023583056,1.139678537829971,1.1684672398542364,0.004353854843218524,0.001568168343283426,0.006133531143402102,0.0019078784028339053,3.10786881798511,0.01553934408992548,0.013296969813335396,0.01945330745569959,3
mnist_mlp,scratch,46341,64,13258,0.003,0.03,543,2.9996763125525994,139008,0.11035682256370476,0.9676168691511476,0.13832438507080078,0.9625333333333334,200.95571396748224,3.0143357095122334,3.1246925320759384,3.1526600945830343,0.004529762604293141,0.0016128650157996693,0.005196324134456535,0.002138535324312714,3.1771833708496837,0.047657750562745405,0.04484541622573203,0.050783250601550804,3
mnist_mlp,scratch,46341,91,18847,0.003,0.0,543,2.9996763125525994,139008,0.0959078960657835,0.9717312962603311,0.12521724904378254,0.9651333333333333,255.59095690896115,0.0,0.0959078960657835,0.12521724904378254,0.001666929377934328,0.0010003519118275002,0.004064075806814944,0.00046188021535172985,2.7023443400816634,0.0,0.001666929377934328,0.004064075806814944,3
mnist_mlp,scratch,46341,91,18847,0.003,1e-06,543,2.9996763125525994,139008,0.0959078960657835,0.9717312962603311,0.12521724904378254,0.9651333333333333,255.59095690896115,0.00012779547845448056,0.09603569154423797,0.12534504452223702,0.001666929377934328,0.0010003519118275002,0.004064075806814944,0.00046188021535172985,2.7023443400816634,1.3511721700408386e-06,0.00166565075215462,0.00406393215394365,3
mnist_mlp,scratch,46341,91,18847,0.003,3e-06,543,2.9996763125525994,139008,0.0959078960657835,0.9717312962603311,0.12521724904378254,0.9651333333333333,255.59095690896115,0.00038338643536344174,0.09629128250114694,0.125600635479146,0.001666929377934328,0.0010003519118275002,0.004064075806814944,0.00046188021535172985,2.7023443400816634,4.0535165101224905e-06,0.0016630938447412126,0.004063646180770633,3
mnist_mlp,scratch,46341,91,18847,0.003,1e-05,543,2.9996763125525994,139008,0.0959893892143781,0.9718751573480647,0.1253404123942057,0.9655333333333332,255.8539728447795,0.0012792698642238975,0.09726865907860201,0.12661968225842965,0.0017763629604693237,0.0009299926693507114,0.004534896824219853,0.0008326663997864391,2.911705185522575,1.455852592761284e-05,0.0017639948189164302,0.004532525472962611,3
mnist_mlp,scratch,46341,91,18847,0.003,3e-05,543,2.9996763125525994,139008,0.0961395961947815,0.9718248059673579,0.12528287811279296,0.9653999999999999,255.7351407458385,0.0038360271111875775,0.09997562330596908,0.12911890522398053,0.0015776718578372384,0.0008570306213278163,0.004104452794093519,0.0006928203230275547,2.8157898861597235,4.223684829239597e-05,0.001540754638965871,0.004096974415106193,3
mnist_mlp,scratch,46341,91,18847,0.003,0.0001,543,2.9996763125525994,139008,0.09620974186544223,0.9716665587708508,0.12545625813802083,0.9652,255.69326018790403,0.012784663009395202,0.10899440487483743,0.13824092114741604,0.0015863518566861026,0.0009094023653225631,0.004544767887579266,0.0006000000000000449,2.844087156921964,0.00014220435784609853,0.0014693399463417483,0.00455202710547028,3
mnist_mlp,scratch,46341,91,18847,0.003,0.0003,543,2.9996763125525994,139008,0.0960715512239565,0.9717672615322644,0.12563687693277995,0.9652,255.67907393475375,0.03835186109021305,0.13442341231416957,0.16398873802299302,0.0018631332914670119,0.0010681867405469268,0.0041334335611544195,0.0007211102550927954,2.6772823557909096,0.00040159235336863534,0.0015445713613786677,0.004009271383050462,3
mnist_mlp,scratch,46341,91,18847,0.003,0.001,543,2.9996763125525994,139008,0.09587357007399827,0.9718319990217447,0.12500676472981773,0.9653999999999999,255.4172919963797,0.12770864599818985,0.22358221607218812,0.2527154107280076,0.0020177440557964305,0.0009379698790964728,0.004180577320073954,0.0007211102550927954,2.8291400881244617,0.0014145700440622373,0.0011620915362763407,0.004166649883388268,3
mnist_mlp,scratch,46341,91,18847,0.003,0.003,543,2.9996763125525994,139008,0.09643941252709197,0.9717169101515576,0.1256526814778646,0.9652666666666666,254.72956379751363,0.3820943456962705,0.4785337582233624,0.507747027174135,0.002130152112241029,0.0009279876522802607,0.0036418085803623847,0.0007571877794400326,2.764810216854877,0.004147215325282335,0.0025115906399845287,0.004493602313057368,3
mnist_mlp,scratch,46341,91,18847,0.003,0.01,543,2.9996763125525994,139008,0.09606093061373921,0.9715802421182106,0.1254899429321289,0.9653333333333333,252.34652258704105,1.2617326129352053,1.3577935435489445,1.3872225558673341,0.002088925162382929,0.000930910192275639,0.004075588071634501,0.0009451631252505536,2.8259076258773543,0.014129538129386728,0.01231977850987241,0.014452238420060418,3
mnist_mlp,scratch,46341,91,18847,0.003,0.03,543,2.9996763125525994,139008,0.09720792627907048,0.9714723463024103,0.1260484868367513,0.9648666666666667,245.44740243504444,3.6817110365256664,3.778918962804737,3.8077595233624177,0.0020649824109289683,0.0009070952097271783,0.005388387204696645,0.0008082903768655221,2.729623033388155,0.040944345500822266,0.03896040163884443,0.040359728475778456,3
mnist_mlp,scratch,46341,128,26506,0.003,0.0,543,2.9996763125525994,139008,0.08649660286099033,0.9745941319062313,0.12221794026692707,0.9670666666666667,303.1653372223179,0.0,0.08649660286099033,0.12221794026692707,0.0026667965341239937,0.00013873460881997932,0.001262803251981457,0.0023692474191889016,1.874228251354964,0.0,0.0026667965341239937,0.001262803251981457,3
mnist_mlp,scratch,46341,128,26506,0.003,1e-06,543,2.9996763125525994,139008,0.08649660286099033,0.9745941319062313,0.12221794026692707,0.9670666666666667,303.1653372223179,0.0001515826686111589,0.08664818552960148,0.12236952293553822,0.0026667965341239937,0.00013873460881997932,0.001262803251981457,0.0023692474191889016,1.874228251354964,9.371141256774843e-07,0.0026676072769372724,0.0012624679239758177,3
mnist_mlp,scratch,46341,128,26506,0.003,3e-06,543,2.9996763125525994,139008,0.08649660286099033,0.9745941319062313,0.12221794026692707,0.9670666666666667,303.1653372223179,0.0004547480058334768,0.0869513508668238,0.12267268827276057,0.0026667965341239937,0.00013873460881997932,0.001262803251981457,0.0023692474191889016,1.874228251354964,2.81134237703246e-06,0.0026692290108141863,0.0012617990885521004,3
mnist_mlp,scratch,46341,128,26506,0.003,1e-05,543,2.9996763125525994,139008,0.08661783062157992,0.9746372902325514,0.12183253733317057,0.9668666666666667,303.1285845413804,0.0015156429227069022,0.08813347354428681,0.12334818025587747,0.0026259892531359207,0.0002556318831260619,0.0017121379826054387,0.002548201980482179,1.8472491399736457,9.236245699868302e-06,0.0026342260483726686,0.0017168568938928004,3
mnist_mlp,scratch,46341,128,26506,0.003,3e-05,543,2.9996763125525994,139008,0.08650678960060228,0.974579745797458,0.12154470977783204,0.9668666666666667,303.07876280198496,0.004546181442029775,0.09105297104263206,0.1260908912198618,0.0025300410838304758,0.00013476183074163665,0.0019111365677095366,0.002548201980482179,1.9190072580184987,2.878510887027729e-05,0.0025552886385661285,0.0019292211285395408,3
mnist_mlp,scratch,46341,128,26506,0.003,0.0001,543,2.9996763125525994,139008,0.08660659767538816,0.9745653596886846,0.12198275197347004,0.9664666666666667,303.37572739024955,0.01516878636951248,0.10177538404490065,0.13715153834298255,0.002690087432269205,0.0002556318831260373,0.0017862121997820133,0.002468467810876445,2.0756442166405114,0.00010378221083202637,0.0027795850635808,0.001838668674796098,3
mnist_mlp,scratch,46341,128,26506,0.003,0.0003,543,2.9996763125525994,139008,0.08661048110816266,0.9746516763413249,0.12219792938232421,0.9672666666666666,303.18758198122185,0.04547813729718327,0.13208861840534594,0.1676760666795075,0.0027064582747681376,0.00023769752691072104,0.0014595762533418043,0.0023692474191889016,1.9415358498928625,0.00029123037748392965,0.0029531202241644527,0.0017508025442724447,3
mnist_mlp,scratch,46341,128,26506,0.003,0.001,543,2.9996763125525994,139008,0.08627192204057371,0.9746732555044848,0.12149305877685547,0.967,302.6990769679348,0.15134953848396737,0.2376214605245411,0.27284259726082283,0.0024208319988033916,0.0003801445879235608,0.0023877691147203748,0.0017435595774162556,1.8515492096165422,0.0009257746048082833,0.0032067602118788984,0.0024484302370976875,3
mnist_mlp,scratch,46341,128,26506,0.003,0.003,543,2.9996763125525994,139008,0.08616069240167672,0.9748027304834451,0.12155575459798178,0.9671333333333333,301.7864685555299,0.4526797028332949,0.5388403952349715,0.5742354574312767,0.002216287682071027,0.00041750708475377145,0.00206665660868616,0.002484619353811205,2.058501999594608,0.003087752999391909,0.004880769757350662,0.004358064992353709,3
mnist_mlp,scratch,46341,128,26506,0.003,0.01,543,2.9996763125525994,139008,0.08662821190600543,0.9747811513202852,0.12045219268798828,0.9673333333333334,298.92062327762443,1.4946031163881222,1.5812313282941277,1.6150553090761106,0.0021619290022119424,0.00039220289823167233,0.0019301749308898066,0.002343786110832889,2.0534076703104844,0.01026703835155228,0.012167046523713542,0.01071250189070866,3
mnist_mlp,scratch,46341,128,26506,0.003,0.03,543,2.9996763125525994,139008,0.08690274163821125,0.974759572157125,0.11971978047688803,0.9676666666666667,290.2981633419792,4.354472450129688,4.441375191767899,4.474192230606576,0.0021271267668492447,0.00012458735659340978,0.002421906287670566,0.0020231987873991224,2.3299024483574438,0.03494853672536225,0.036569795996542635,0.036280636427829,3
mnist_mlp,scratch,46341,181,37477,0.003,0.0,543,2.9996763125525994,139008,0.07756185499717996,0.9771692453766643,0.12583372243245441,0.9696666666666666,365.2959614259501,0.0,0.07756185499717996,0.12583372243245441,0.000697401879677704,0.0007160251191401086,0.00958702873596684,0.0009237604307033797,0.7181898101718178,0.0,0.000697401879677704,0.00958702873596684,3
mnist_mlp,scratch,46341,181,37477,0.003,1e-06,543,2.9996763125525994,139008,0.07756185499717996,0.9771692453766643,0.12583372243245441,0.9696666666666666,365.2959614259501,0.00018264798071297508,0.07774450297789294,0.1260163704131674,0.000697401879677704,0.0007160251191401086,0.00958702873596684,0.0009237604307033797,0.7181898101718178,3.590949050859122e-07,0.0006977600774690464,0.009586904716463772,3
mnist_mlp,scratch,46341,181,37477,0.003,3e-06,543,2.9996763125525994,139008,0.07756185499717996,0.9771692453766643,0.12583372243245441,0.9696666666666666,365.2959614259501,0.0005479439421389252,0.0781097989393189,0.12638166637459336,0.000697401879677704,0.0007160251191401086,0.00958702873596684,0.0009237604307033797,0.7181898101718178,1.0772847152577074e-06,0.000698476475815578,0.009586656712997113,3
mnist_mlp,scratch,46341,181,37477,0.003,1e-05,543,2.9996763125525994,139008,0.077386612760888,0.9772267898117577,0.12549117126464843,0.9697333333333334,365.27364892388385,0.0018263682446194194,0.07921298100550743,0.12731753950926786,0.0004415373905812576,0.0006550025499568995,0.00947471283789387,0.0011015141094572083,0.8008718888616522,4.0043594443082234e-06,0.0004439739332428277,0.00947364500003503,3
mnist_mlp,scratch,46341,181,37477,0.003,3e-05,543,2.9996763125525994,139008,0.07816588344164992,0.9770829287240241,0.12578071848551434,0.9694666666666666,365.3877961151302,0.005480816941726953,0.08364670038337686,0.13126153542724128,0.0008790651679207033,0.0008574832863470958,0.010314177022970671,0.0009451631252504959,0.8609994458046732,1.2914991687070402e-05,0.0008886550380050718,0.010305611146331255,3
mnist_mlp,scratch,46341,181,37477,0.003,0.0001,543,2.9996763125525994,139008,0.07765297139141039,0.9771260870503441,0.1260781280517578,0.9692666666666666,365.37129599104327,0.01826856479955216,0.09592153619096255,0.14434669285131,0.000536137758044992,0.0005660161433117579,0.008720604434064333,0.0005033222956847752,0.7089878078980496,3.544939039490486e-05,0.0005715531328763827,0.008713738538347083,3
mnist_mlp,scratch,46341,181,37477,0.003,0.0003,543,2.9996763125525994,139008,0.07727813517652121,0.9772915273012379,0.127114523824056,0.9692,365.0712632977714,0.054760689494665706,0.1320388246711869,0.1818752133187217,0.0008147883164112419,0.0006708077617104753,0.008891008539906667,0.0006000000000000449,0.6927237626843898,0.00010390856440265648,0.0009158725436948096,0.008842595204522687,3
mnist_mlp,scratch,46341,181,37477,0.003,0.001,543,2.9996763125525994,139008,0.07823440042374186,0.9769966120713839,0.12587046508789063,0.9691333333333333,364.9244751886775,0.18246223759433877,0.26069663801808063,0.3083327026822294,0.0012004315444661727,0.0006605480186018518,0.008932892186144587,0.0014047538337136993,0.7129255682210489,0.0003564627841105282,0.0015563591201824061,0.008887366917692078,3
mnist_mlp,scratch,46341,181,37477,0.003,0.003,543,2.9996763125525994,139008,0.07797919730563636,0.9771908245398243,0.12640523935953776,0.9697333333333334,363.7510836571455,0.5456266254857183,0.6236058227913546,0.672031864845256,0.0007037904391561172,0.0007478355430898152,0.008122465369193818,0.0008326663997864458,0.5229421262796429,0.000784413189419505,0.0014728295220722881,0.008217872657999253,3
mnist_mlp,scratch,46341,181,37477,0.003,0.01,543,2.9996763125525994,139008,0.07726072036994398,0.9773346856275581,0.1256349578857422,0.9694666666666668,359.8760839930425,1.7993804199652128,1.8766411403351564,1.925015377850955,0.0008657172120921621,0.0006606655015762512,0.007927365415390138,0.0009018499505645925,0.4258051569206198,0.0021290257846030627,0.0029926870680697026,0.008835953959168552,3
mnist_mlp,scratch,46341,181,37477,0.003,0.03,543,2.9996763125525994,139008,0.07814637556336929,0.9769318745819038,0.12500056457519532,0.9695333333333332,349.2791217714548,5.239186826571822,5.317333202135191,5.364187391147017,0.0005829516283558824,0.0005390473229665977,0.00705586748400944,0.0009865765724632206,0.18854668692751675,0.0028282003039124706,0.00302093834241868,0.009683861895210021,3
mnist_mlp,scratch,46341,256,53002,0.003,0.0,543,2.9996763125525994,139008,0.0730613807332542,0.9786150493083877,0.12742452443440755,0.9678666666666667,450.8634613659233,0.0,0.0730613807332542,0.12742452443440755,0.002758740782389827,0.0009226196381792456,0.01586160267387673,0.002138535324312699,1.446059655275684,0.0,0.002758740782389827,0.01586160267387673,3
mnist_mlp,scratch,46341,256,53002,0.003,1e-06,543,2.9996763125525994,139008,0.0730613807332542,0.9786150493083877,0.12742452443440755,0.9678666666666667,450.8634613659233,0.00022543173068296165,0.07328681246393716,0.12764995616509053,0.002758740782389827,0.0009226196381792456,0.01586160267387673,0.002138535324312699,1.446059655275684,7.230298276378432e-07,0.0027594618693072086,0.015862314550742888,3
mnist_mlp,scratch,46341,256,53002,0.003,3e-06,543,2.9996763125525994,139008,0.0730613807332542,0.9786150493083877,0.12742452443440755,0.9678666666666667,450.8634613659233,0.000676295192048885,0.0737376759253031,0.12810081962645645,0.002758740782389827,0.0009226196381792456,0.01586160267387673,0.002138535324312699,1.446059655275684,2.1690894829135393e-06,0.0027609040461907593,0.015863738307501634,3
mnist_mlp,scratch,46341,256,53002,0.003,1e-05,543,2.9996763125525994,139008,0.07333350370739436,0.9785143465469742,0.1263566390991211,0.9678666666666667,450.65496518400806,0.0022532748259200407,0.0755867785333144,0.12860991392504112,0.003205929905923339,0.0012649758698927386,0.01604458888911146,0.002157158624981776,1.2425648677030998,6.212824338515515e-06,0.0032121350403471706,0.01605057323782193,3
mnist_mlp,scratch,46341,256,53002,0.003,3e-05,543,2.9996763125525994,139008,0.07255247021464356,0.9788811923206951,0.12663775075276693,0.9681333333333333,450.62505718134344,0.0067593758577201525,0.0793118460723637,0.13339712661048708,0.002256276702140603,0.0007769497708720559,0.015369466283188723,0.0016772994167212414,1.3263295404739643,1.989494310710935e-05,0.0022760274519346177,0.015389103091428585,3
mnist_mlp,scratch,46341,256,53002,0.003,0.0001,543,2.9996763125525994,139008,0.07354930829035623,0.9785143465469742,0.12642166697184246,0.9682666666666666,450.59005916366976,0.022529502958183487,0.09607881124853972,0.14895116993002594,0.004748483814417201,0.0012240034107395543,0.014930915397263586,0.0023180451534284855,1.2194367906685801,6.097183953342762e-05,0.0048094542643628115,0.014991119920407069,3
mnist_mlp,scratch,46341,256,53002,0.003,0.0003,543,2.9996763125525994,139008,0.07290556910610396,0.9787301381785748,0.12563362274169923,0.9678666666666667,450.1237749656041,0.06751856624484061,0.14042413535094456,0.19315218898653982,0.0038928879482467422,0.001529281255934999,0.01786375681487635,0.0025324559884297134,1.8191253616308876,0.00027286880424463254,0.004162950445844724,0.0181296863584099,3
mnist_mlp,scratch,46341,256,53002,0.003,0.001,543,2.9996763125525994,139008,0.07376466698428848,0.9786725937434811,0.12617542521158853,0.9683999999999999,449.8338310619195,0.22491691553095974,0.29868158251524823,0.3510923407425483,0.005513395615731374,0.001640205680146174,0.01759941368014842,0.0024331050121192666,1.9349199779951225,0.0009674599889975565,0.006441825598390683,0.01851007315510262,3
mnist_mlp,scratch,46341,256,53002,0.003,0.003,543,2.9996763125525994,139008,0.07239055789263091,0.9787229451241881,0.1251947011311849,0.9688666666666667,448.0115861718853,0.672017379257828,0.7444079371504589,0.7972120803890129,0.0037156711009424057,0.0010373721190066066,0.015203939559773326,0.002052640575778762,1.832894861292303,0.0027493422919384557,0.006293919157157806,0.017872258073658432,3
mnist_mlp,scratch,46341,256,53002,0.003,0.01,543,2.9996763125525994,139008,0.07337704492205412,0.9787661034505083,0.12705358174641926,0.9679333333333333,443.6431199486057,2.218215599743029,2.2915926446650827,2.345269181489448,0.004292150799349005,0.0012186019208472363,0.015167970116022235,0.0027300793639257297,2.494997104648179,0.012474985523241,0.016641263249972792,0.027566565699098784,3
mnist_mlp,scratch,46341,256,53002,0.003,0.03,543,2.9996763125525994,139008,0.07454052092031381,0.9782194313171203,0.1246706064860026,0.968,429.24316915062565,6.438647537259385,6.513188058179698,6.563318143745387,0.0056337780660154465,0.0015462390214372303,0.01775385787129762,0.002306512518934141,3.195817894784365,0.047937268421764975,0.05350170086790034,0.06568778874785015,3
mnist_mlp,scratch,50000,32,6634,0.003,0.0,586,3.00032,150016,0.14897501241048175,0.9557733333333333,0.16338475748697914,0.9531999999999999,160.8231412867705,0.0,0.14897501241048175,0.16338475748697914,0.0021454771869975904,0.00023180451534281945,0.0022435418433006753,0.002400000000000027,5.675186654371164,0.0,0.0021454771869975904,0.0022435418433006753,3
mnist_mlp,scratch,50000,32,6634,0.003,1e-06,586,3.00032,150016,0.14897501241048175,0.9557733333333333,0.16338475748697914,0.9531999999999999,160.8231412867705,8.041157064338525e-05,0.14905542398112515,0.16346516905762254,0.0021454771869975904,0.00023180451534281945,0.0022435418433006753,0.002400000000000027,5.675186654371164,2.8375933271855847e-06,0.002143499137615374,0.002241254432202925,3
mnist_mlp,scratch,50000,32,6634,0.003,3e-06,586,3.00032,150016,0.14897501241048175,0.9557733333333333,0.16338475748697914,0.9531999999999999,160.8231412867705,0.00024123471193015575,0.1492162471224119,0.1636259921989093,0.002145477186997601,0.00023180451534283823,0.002243541843300687,0.002400000000000041,5.675186654371171,8.512779981556738e-06,0.002139548842778505,0.00223668339197595,3
mnist_mlp,scratch,50000,32,6634,0.003,1e-05,586,3.00032,150016,0.14896205520629882,0.9557866666666667,0.16330287577311198,0.9531333333333333,160.84061345954737,0.0008042030672977368,0.14976625827359658,0.16410707884040973,0.002118758580825601,0.00020816659994659034,0.0023084828968214987,0.002500666577801503,5.665104162271573,2.8325520811357908e-05,0.0020990634018543466,0.0022866612685365356,3
mnist_mlp,scratch,50000,32,6634,0.003,3e-05,586,3.00032,150016,0.1489861954243978,0.9557733333333333,0.16327066955566408,0.9534666666666668,160.8603311975797,0.0024129049679636957,0.15139910039236149,0.16568357452362778,0.0020710614651819116,0.00020033305601757835,0.0022548892854219295,0.002212088003071585,5.677828289264647,8.51674243389695e-05,0.0020136821804136473,0.0021897120875198454,3
mnist_mlp,scratch,50000,32,6634,0.003,0.0001,586,3.00032,150016,0.14902302912394205,0.9557466666666666,0.16328397928873697,0.9534666666666668,160.83447716633478,0.00804172385831674,0.15706475298225878,0.17132570314705373,0.0020054363099570884,0.0003189566323707753,0.0022504477791905,0.002300724523564955,5.591259458897625,0.0002795629729448806,0.0018195906558680444,0.002032307869865635,3
mnist_mlp,scratch,50000,32,6634,0.003,0.0003,586,3.00032,150016,0.1489562198384603,0.95582,0.16330723368326824,0.9531333333333333,160.89734956125417,0.024134602434188124,0.1730908222726484,0.18744183611745635,0.0019423069139782965,0.00031048349392517844,0.002172035267891943,0.002100793500878571,5.7712483077978405,0.0008656872461696767,0.0014898937799126227,0.0015265990503239059,3
mnist_mlp,scratch,50000,32,6634,0.003,0.001,586,3.00032,150016,0.14907793334960937,0.9558399999999999,0.163115234375,0.9533333333333333,160.75446482996145,0.08037723241498072,0.2294551657645901,0.2434924667899807,0.0019675395336941058,0.00029597297173897827,0.002238119022486629,0.001921804707386662,5.584160321927434,0.0027920801609637165,0.001982737043094229,0.001782046353166512,3
mnist_mlp,scratch,50000,32,6634,0.003,0.003,586,3.00032,150016,0.14906236735026043,0.9558266666666667,0.1633760091145833,0.9530666666666666,160.27295577029386,0.2404094336554408,0.3894718010057012,0.4037854427700241,0.001886007977371899,0.00021385353243134363,0.002064627802121884,0.0023860706890897415,5.636420404231647,0.008454630606347454,0.007269324640549173,0.0067105926992569774,3
mnist_mlp,scratch,50000,32,6634,0.003,0.01,586,3.00032,150016,0.14923517939249675,0.9558200000000001,0.1633857899983724,0.9534666666666668,158.88466472923756,0.7944233236461877,0.9436585030386846,0.9578091136445601,0.0020380733797897106,0.00045299006611619435,0.002051482687288694,0.0019008769905844462,5.587746921587558,0.02793873460793775,0.02660982332824909,0.026121786632937852,3
mnist_mlp,scratch,50000,32,6634,0.003,0.03,586,3.00032,150016,0.15018328603108724,0.9555400000000001,0.16345995381673176,0.9531333333333333,155.34695872664452,2.3302043808996675,2.480387666930755,2.4936643347163994,0.0019164326143495066,0.00048538644398045297,0.0021224574232536035,0.001900876990584378,5.313978848906733,0.07970968273360113,0.0783274713593647,0.0779537352271158,3
mnist_mlp,scratch,50000,45,9325,0.003,0.0,586,3.00032,150016,0.12363552001953125,0.9638333333333334,0.1426396016438802,0.9596666666666667,183.89150456835827,0.0,0.12363552001953125,0.1426396016438802,0.0020550141950035584,0.0009321659365871608,0.007507069738322159,0.00046188021535172985,1.8439334858381544,0.0,0.0020550141950035584,0.007507069738322159,3
mnist_mlp,scratch,50000,45,9325,0.003,1e-06,586,3.00032,150016,0.12363552001953125,0.9638333333333334,0.1426396016438802,0.9596666666666667,183.89150456835827,9.194575228417914e-05,0.12372746577181543,0.14273154739616437,0.0020550141950035584,0.0009321659365871608,0.007507069738322159,0.00046188021535172985,1.8439334858381544,9.219667429190817e-07,0.002055306976889227,0.007507895081901342,3
mnist_mlp,scratch,50000,45,9325,0.003,3e-06,586,3.00032,150016,0.12363552001953125,0.9638333333333334,0.1426396016438802,0.9596666666666667,183.89150456835827,0.0002758372568525374,0.12391135727638379,0.14291543890073274,0.0020550141950035584,0.0009321659365871608,0.007507069738322159,0.00046188021535172985,1.8439334858381544,2.765900228757255e-06,0.0020558936559444065,0.007509545836506096,3
mnist_mlp,scratch,50000,45,9325,0.003,1e-05,586,3.00032,150016,0.12362050618489583,0.9638466666666666,0.14243209381103517,0.9596666666666667,183.89660395185152,0.0009194830197592577,0.12453998920465509,0.14335157683079444,0.002163451891232369,0.0010815421089043749,0.00732794533717342,0.0003055050463303557,1.815070646111634,9.075353230558217e-06,0.002166070564047059,0.00733624015823949,3
mnist_mlp,scratch,50000,45,9325,0.003,3e-05,586,3.00032,150016,0.12369686762491862,0.9638733333333334,0.14298529510498045,0.9595333333333333,183.83470351000628,0.002757520552650094,0.1264543881775687,0.14574281565763056,0.002105167958235086,0.000897180769596235,0.007797073795437912,0.0003055050463303557,1.7972550286831463,2.6958825430247104e-05,0.0021141818416203465,0.007821843014419677,3
mnist_mlp,scratch,50000,45,9325,0.003,0.0001,586,3.00032,150016,0.1236826382446289,0.9638599999999999,0.14251055552164713,0.9598666666666666,183.84107141941786,0.009192053570970892,0.1328746918155998,0.151702609092618,0.0022546150749792205,0.0010231324449943373,0.007066094484827792,0.0004163331998932607,1.627689034972545,8.138445174862785e-05,0.002281292272831043,0.007140589251751529,3
mnist_mlp,scratch,50000,45,9325,0.003,0.0003,586,3.00032,150016,0.12356562271118164,0.9638533333333333,0.14259273783365886,0.9592666666666667,183.81671004245678,0.027572506506368517,0.15113812921755018,0.17016524434002736,0.002316760364229506,0.0008723149278405316,0.0073961844492314,0.0005773502691895862,1.663512046816768,0.000249526807022514,0.002416572646115779,0.007619677802018685,3
mnist_mlp,scratch,50000,45,9325,0.003,0.001,586,3.00032,150016,0.12363581787109375,0.9638266666666667,0.14262545725504558,0.9592,183.8113770633936,0.0919056885316968,0.21554150640279054,0.23453114578674236,0.0022001463607064634,0.000794061290665472,0.007140210478165397,0.0005291502622128808,1.6613943960993307,0.0008306971980496715,0.002567842376066677,0.007907272800390705,3
mnist_mlp,scratch,50000,45,9325,0.003,0.003,586,3.00032,150016,0.12377470326741537,0.9638333333333332,0.1420611821492513,0.9594666666666667,183.25912056614956,0.27488868084922435,0.39866338411663965,0.41694986299847564,0.0022011079291779524,0.0008405553719614706,0.00711900934894334,0.0006110100926607386,1.683148023273692,0.0025247220349105246,0.0038276711536051654,0.009509246553896686,3
mnist_mlp,scratch,50000,45,9325,0.003,0.01,586,3.00032,150016,0.1240044812520345,0.96374,0.1424552469889323,0.9594,181.62937662750483,0.908146883137524,1.0321513643895586,1.0506021301264565,0.002038027983058728,0.0008806815542521488,0.007041940364530793,0.0005999999999999478,1.7487414987942562,0.008743707493971286,0.009519299924299264,0.015568750091701514,3
mnist_mlp,scratch,50000,45,9325,0.003,0.03,586,3.00032,150016,0.12483919174194336,0.9635533333333334,0.14248116811116537,0.9592666666666667,177.13353630403677,2.6570030445605517,2.781842236302495,2.7994842126717168,0.0021209954189160512,0.0008203251387915105,0.0065892633953057835,0.0012055427546683647,1.5171997602227143,0.02275799640334082,0.023473718106254423,0.029033444729733487,3
mnist_mlp,scratch,50000,64,13258,0.003,0.0,586,3.00032,150016,0.10584206807454427,0.96882,0.12701348876953125,0.9644666666666666,216.77004466454187,0.0,0.10584206807454427,0.12701348876953125,0.002504102825140012,0.0005827520913733042,0.0018886560018699936,0.0018903262505010289,4.521033729711404,0.0,0.002504102825140012,0.0018886560018699936,3
mnist_mlp,scratch,50000,64,13258,0.003,1e-06,586,3.00032,150016,0.10584206807454427,0.96882,0.12701348876953125,0.9644666666666666,216.77004466454187,0.00010838502233227093,0.10595045309687655,0.12712187379186354,0.002504102825140005,0.0005827520913733042,0.0018886560018699862,0.0018903262505010712,4.5210337297114,2.2605168648557036e-06,0.0025021226821643574,0.0018895456414665572,3
mnist_mlp,scratch,50000,64,13258,0.003,3e-06,586,3.00032,150016,0.10584206807454427,0.96882,0.12701348876953125,0.9644666666666666,216.77004466454187,0.0003251550669968128,0.10616722314154109,0.12733864383652807,0.002504102825140005,0.0005827520913733042,0.0018886560018699862,0.0018903262505010712,4.5210337297114,6.7815505945671035e-06,0.0024981638240264966,0.001891331770572184,3
mnist_mlp,scratch,50000,64,13258,0.003,1e-05,586,3.00032,150016,0.10592806065877279,0.9688133333333333,0.12718094736735028,0.9650666666666666,216.9111790905396,0.0010845558954526982,0.10701261655422549,0.12826550326280295,0.0023690120300913354,0.00043143172499636944,0.002522818178645699,0.0023692474191889016,4.551935775788967,2.2759678878944827e-05,0.002348634831530371,0.002530131371935431,3
mnist_mlp,scratch,50000,64,13258,0.003,3e-05,586,3.00032,150016,0.10587550094604492,0.9689333333333333,0.1270557367960612,0.9645999999999999,216.88749335706234,0.0032533124003559354,0.10912881334640086,0.13030904919641714,0.002436024338387561,0.0005500303021955226,0.0019855614474427567,0.0021633307652784285,4.516812274237801,6.775218411356693e-05,0.002374341020532416,0.001999634651306826,3
mnist_mlp,scratch,50000,64,13258,0.003,0.0001,586,3.00032,150016,0.10577294158935546,0.96888,0.12723114624023438,0.9648,216.75482735286155,0.010837741367643079,0.11661068295699854,0.13806888760787747,0.0023782792585707335,0.0006657326790837308,0.002225427642581004,0.0017435595774163,4.263756489350901,0.00021318782446754555,0.002202949820316299,0.002301041212565548,3
mnist_mlp,scratch,50000,64,13258,0.003,0.0003,586,3.00032,150016,0.10585346811930339,0.9688266666666667,0.12709897308349608,0.9645333333333334,216.8780234133204,0.03253170351199806,0.13838517163130146,0.15963067659549415,0.002604672057610397,0.0006171979693205034,0.0018950507345465017,0.002193931022920572,4.245181128029243,0.0006367771692043857,0.0020865341493768266,0.0020587687793954174,3
mnist_mlp,scratch,50000,64,13258,0.003,0.001,586,3.00032,150016,0.10579287628173828,0.9688266666666667,0.1269673151652018,0.9646666666666667,216.60112728426853,0.10830056364213426,0.21409343992387253,0.2352678788073361,0.0023968156384526823,0.0005445487428442593,0.0029238821154854307,0.002203028218914468,4.315444551017067,0.0021577222755085296,0.0011132885331815365,0.004122105611563303,3
mnist_mlp,scratch,50000,64,13258,0.003,0.003,586,3.00032,150016,0.10598419504801433,0.9686666666666667,0.12688291473388671,0.9645333333333334,215.9070937881867,0.3238606406822801,0.4298448357302944,0.4507435554161668,0.002473957902186072,0.000508068236886874,0.002201382222545522,0.0021571586249818256,4.403570775945272,0.006605356163917905,0.004555186856274663,0.00725387943926259,3
mnist_mlp,scratch,50000,64,13258,0.003,0.01,586,3.00032,150016,0.1063185664876302,0.96874,0.1279998524983724,0.9643999999999999,213.83557466914257,1.069177873345713,1.175496439833343,1.1971777258440852,0.002292845405916642,0.0005737595315111977,0.0009833238034368458,0.0015874507866387108,4.34747971486975,0.02173739857434884,0.019616146568681367,0.021548247570125537,3
mnist_mlp,scratch,50000,64,13258,0.003,0.03,586,3.00032,150016,0.10723708134969075,0.9683999999999999,0.12678858032226561,0.9642666666666667,208.22617689768472,3.1233926534652707,3.2306297348149613,3.2501812337875364,0.002621578012812157,0.000491528229097749,0.002625516110040487,0.0020428737928059526,4.301900918369216,0.06452851377553813,0.06234141363707236,0.0645383523067993,3
mnist_mlp,scratch,50000,91,18847,0.003,0.0,586,3.00032,150016,0.0942800666809082,0.97228,0.12838156178792318,0.9648,264.888338436683,0.0,0.0942800666809082,0.12838156178792318,0.0021787800436833915,0.00031432467290999714,0.009032460425158404,0.001311487704860391,0.9050335724775523,0.0,0.0021787800436833915,0.009032460425158404,3
mnist_mlp,scratch,50000,91,18847,0.003,1e-06,586,3.00032,150016,0.0942800666809082,0.97228,0.12838156178792318,0.9648,264.888338436683,0.0001324441692183415,0.09441251085012654,0.12851400595714152,0.0021787800436833915,0.00031432467290999714,0.009032460425158404,0.001311487704860391,0.9050335724775523,4.5251678623880476e-07,0.002179224463717845,0.009032862382226964,3
mnist_mlp,scratch,50000,91,18847,0.003,3e-06,586,3.00032,150016,0.0942800666809082,0.97228,0.12838156178792318,0.9648,264.888338436683,0.00039733250765502454,0.09467739918856323,0.1287788942955782,0.0021787800436833915,0.00031432467290999714,0.009032460425158404,0.001311487704860391,0.9050335724775523,1.3575503587163341e-06,0.002180113313780198,0.009033666310711064,3
mnist_mlp,scratch,50000,91,18847,0.003,1e-05,586,3.00032,150016,0.09416673645019531,0.9725,0.1288332015991211,0.9650666666666666,264.8389626964927,0.0013241948134824636,0.09549093126367776,0.13015739641260357,0.00244400497010768,0.00031749015732780614,0.010120764645679152,0.0014189197769195706,0.8833052793037356,4.416526396518703e-06,0.002448414380693473,0.010124414819877109,3
mnist_mlp,scratch,50000,91,18847,0.003,3e-05,586,3.00032,150016,0.09431665097554526,0.97226,0.12796190897623697,0.9648,264.8543139696121,0.003972814709544182,0.09828946568508944,0.13193472368578116,0.0020698697544697868,0.00021071307505701788,0.009587867414271976,0.0012165525060596218,0.9275151717418342,1.3912727576127915e-05,0.002083191860474104,0.00960147333523931,3
mnist_mlp,scratch,50000,91,18847,0.003,0.0001,586,3.00032,150016,0.09413251530965168,0.9723666666666667,0.12740630696614583,0.965,264.8348582237959,0.013241742911189796,0.1073742582208415,0.14064804987733562,0.0027917816272100614,0.0005281413952090028,0.009018086806058605,0.0019078784028338733,0.8905037618824726,4.452518809412384e-05,0.002835189379644684,0.009060145905456417,3
mnist_mlp,scratch,50000,91,18847,0.003,0.0003,586,3.00032,150016,0.09423119862874348,0.9723266666666667,0.12756804860432944,0.9646,264.7194296643138,0.03970791444964706,0.13393911307839054,0.1672759630539765,0.002108437330325702,0.0004424176006143742,0.00825056182555299,0.0011135528725660212,0.9414719311341617,0.00014122078967012468,0.0022493899082998603,0.008366584345036395,3
mnist_mlp,scratch,50000,91,18847,0.003,0.001,586,3.00032,150016,0.09474103335062663,0.9723466666666667,0.12775414225260417,0.9648,264.2977390413483,0.13214886952067414,0.2268899028713008,0.25990301177327835,0.0017606961567500664,0.0003401960219245987,0.0079454134773474,0.0010583005244258455,1.0492032210996554,0.000524601610549828,0.00228376652825368,0.008408392815141977,3
mnist_mlp,scratch,50000,91,18847,0.003,0.003,586,3.00032,150016,0.09467468416849772,0.9722733333333333,0.12829061686197915,0.9647333333333333,263.7811134035389,0.3956716701053083,0.490346354273806,0.5239622869672874,0.0018107753820231986,0.00046317743180483245,0.009185046533710883,0.0011372481406154702,1.1541787204210505,0.0017312680806315435,0.003539764845888585,0.010795271624204959,3
mnist_mlp,scratch,50000,91,18847,0.003,0.01,586,3.00032,150016,0.09434274729410808,0.9722866666666666,0.1275172795613607,0.9646666666666667,261.1295686836044,1.305647843418022,1.39999059071213,1.4331651229793827,0.0022679737184523956,0.00037166292972714985,0.00894713020106971,0.0012055427546683486,0.9520631203316827,0.004760315601658261,0.006955606501075454,0.01325944441628155,3
mnist_mlp,scratch,50000,91,18847,0.003,0.03,586,3.00032,150016,0.09521648007710774,0.9722133333333334,0.12750773468017576,0.9647333333333333,253.61366312702498,3.8042049469053745,3.899421426982482,3.9317126815855503,0.0019629953936178353,0.00017473789896107575,0.009090085531312866,0.0007571877794400753,1.1102646725660648,0.016653970088491142,0.01834358843357317,0.023536860759672432,3
mnist_mlp,scratch,50000,128,26506,0.003,0.0,586,3.00032,150016,0.08275403027852375,0.9755600000000001,0.119987478129069,0.9683333333333334,314.46291635433835,0.0,0.08275403027852375,0.119987478129069,0.0008256923766896206,0.0004521061822182929,0.006618317992301413,0.0016772994167212254,0.8920440317749491,0.0,0.0008256923766896206,0.006618317992301413,3
mnist_mlp,scratch,50000,128,26506,0.003,1e-06,586,3.00032,150016,0.08275403027852375,0.9755600000000001,0.119987478129069,0.9683333333333334,314.46291635433835,0.00015723145817716916,0.08291126173670094,0.12014470958724617,0.0008256923766896206,0.0004521061822182929,0.006618317992301413,0.0016772994167212254,0.8920440317749491,4.460220158874862e-07,0.0008261042309210629,0.006618762775030446,3
mnist_mlp,scratch,50000,128,26506,0.003,3e-06,586,3.00032,150016,0.08275403027852375,0.9755600000000001,0.119987478129069,0.9683333333333334,314.46291635433835,0.0004716943745315075,0.08322572465305526,0.12045917250360051,0.0008256923766896206,0.0004521061822182929,0.006618317992301413,0.0016772994167212254,0.8920440317749491,1.3380660476623966e-06,0.0008269280457235476,0.006619652340988832,3
mnist_mlp,scratch,50000,128,26506,0.003,1e-05,586,3.00032,150016,0.08260190366109212,0.97566,0.11943450317382813,0.9686666666666667,314.46446081995964,0.0015723223040997984,0.08417422596519192,0.12100682547792792,0.0005784794079060396,0.0003704051835491089,0.0071517236655503635,0.0021197484127446057,0.9138879498854271,4.569439749427118e-06,0.0005827259084878049,0.007155923907553327,3
mnist_mlp,scratch,50000,128,26506,0.003,3e-05,586,3.00032,150016,0.08272296613057455,0.97562,0.11961739247639974,0.9686666666666667,314.4856170068185,0.004717284255102277,0.08744025038567682,0.124334676731502,0.0006710016573704087,0.00031432467290994765,0.007065475090414215,0.0021939310229206078,0.9240945981824499,1.386141897273632e-05,0.0006832276541900888,0.007078510320387252,3
mnist_mlp,scratch,50000,128,26506,0.003,0.0001,586,3.00032,150016,0.08274013221740723,0.9756,0.11957027587890624,0.9686,314.3866250465314,0.01571933125232657,0.09845946346973379,0.1352896071312328,0.0010189380144026946,0.0004340506882842415,0.0070654520181620585,0.0024248711305964337,0.5677624216971429,2.838812108485923e-05,0.0010472026326655767,0.007089580165724524,3
mnist_mlp,scratch,50000,128,26506,0.003,0.0003,586,3.00032,150016,0.08292303334554037,0.97562,0.11923844553629558,0.9688666666666667,314.3226474399368,0.04714839711599051,0.13007143046153088,0.1663868426522861,0.0013721689718273066,0.0003815756805667525,0.006633717987477131,0.0019218047073866176,0.6810061517754428,0.00010215092276631893,0.001468971934241455,0.006729726202011281,3
mnist_mlp,scratch,50000,128,26506,0.003,0.001,586,3.00032,150016,0.08276482460021972,0.9756266666666665,0.11737643788655598,0.9694666666666666,313.86631144583225,0.15693315572291613,0.23969798032313583,0.2743095936094721,0.0011933870151218855,0.0003407834111768612,0.008832454494989992,0.002003330560175547,0.9120009449933995,0.00045600047249669425,0.0016180248732653075,0.00923731316799694,3
mnist_mlp,scratch,50000,128,26506,0.003,0.003,586,3.00032,150016,0.08257361549377441,0.9758133333333333,0.11832432047526042,0.9685333333333332,312.75730260709923,0.46913595391064883,0.5517095694044233,0.5874602743859092,0.0009118440975788992,0.0002500666577801237,0.006453026363503945,0.0013613718571108529,1.1592376083003941,0.0017388564124506095,0.0024752226235074948,0.008174653166473143,3
mnist_mlp,scratch,50000,128,26506,0.003,0.01,586,3.00032,150016,0.08301593556722005,0.97558,0.11817313130696615,0.9684666666666666,309.45452706764144,1.5472726353382071,1.6302885709054271,1.6654457666451734,0.0009887301429976616,0.00048662100242384684,0.006242307160561707,0.0014189197769195183,0.897574042496973,0.004487870212484917,0.005466181917388588,0.010392180733136514,3
mnist_mlp,scratch,50000,128,26506,0.003,0.03,586,3.00032,150016,0.08394678057352702,0.9752333333333333,0.11926085764567058,0.9689333333333333,300.3503788560629,4.505255682840943,4.58920246341447,4.6245165404866135,0.0008971453567360846,0.0003360555509634373,0.005436784576384119,0.0017009801096230783,0.6730581471117376,0.01009587220667601,0.010831403585618675,0.015427277435140887,3
mnist_mlp,scratch,50000,181,37477,0.003,0.0,586,3.00032,150016,0.0763881797281901,0.9777533333333333,0.11421458587646484,0.9702666666666667,380.2241165153682,0.0,0.0763881797281901,0.11421458587646484,0.003458441753839445,0.0011038719732529229,0.0014516708059486455,0.0010066445913694253,4.255863535815765,0.0,0.003458441753839445,0.0014516708059486455,3
mnist_mlp,scratch,50000,181,37477,0.003,1e-06,586,3.00032,150016,0.0763881797281901,0.9777533333333333,0.11421458587646484,0.9702666666666667,380.2241165153682,0.00019011205825768412,0.07657829178644779,0.11440469793472252,0.003458441753839445,0.0011038719732529229,0.0014516708059486455,0.0010066445913694253,4.255863535815765,2.1279317679078886e-06,0.003459103808254384,0.0014525574127319187,3
mnist_mlp,scratch,50000,181,37477,0.003,3e-06,586,3.00032,150016,0.0763881797281901,0.9777533333333333,0.11421458587646484,0.9702666666666667,380.2241165153682,0.0005703361747730523,0.07695851590296315,0.1147849220512379,0.003458441753839445,0.0011038719732529229,0.0014516708059486455,0.0010066445913694253,4.255863535815765,6.383795303723707e-06,0.0034604314626938523,0.0014543383453384617,3
mnist_mlp,scratch,50000,181,37477,0.003,1e-05,586,3.00032,150016,0.076151785252889,0.9777399999999999,0.11385109558105468,0.9701333333333334,380.12382635101676,0.0019006191317550841,0.07805240438464407,0.11575171471280976,0.003155662802219356,0.0008207313811473409,0.0014617778626931739,0.0009018499505645636,4.220400521415757,2.110200260707878e-05,0.003164863825009467,0.001480902902285716,3
mnist_mlp,scratch,50000,181,37477,0.003,3e-05,586,3.00032,150016,0.07608357297261556,0.9777800000000001,0.11354034067789713,0.9697999999999999,380.50569476435584,0.005707585421465337,0.0817911583940809,0.11924792609936248,0.0033858951489349758,0.0010491901638883642,0.0015995100259388595,0.0009999999999999731,3.9937105852352697,5.990565877852925e-05,0.0034032569476472245,0.0016284100246589325,3
mnist_mlp,scratch,50000,181,37477,0.003,0.0001,586,3.00032,150016,0.07547062784830728,0.9779666666666667,0.11329525400797526,0.9699333333333332,380.09887232258916,0.01900494361612946,0.09447557146443675,0.13230019762410472,0.0036750240131585127,0.0012477713465749325,0.0025630617784832663,0.0010263202878893485,4.100876499834006,0.0002050438249916989,0.0037002934158673535,0.0025632252167514004,3
mnist_mlp,scratch,50000,181,37477,0.003,0.0003,586,3.00032,150016,0.07546539021809896,0.9780000000000001,0.11193212483723958,0.9706,379.86349279185134,0.0569795239187777,0.13244491413687665,0.16891164875601727,0.0034635242487856496,0.001292594290564513,0.0030829650626215785,0.0006000000000000033,4.60497177233102,0.0006907457658496548,0.003660052967653584,0.002922848805404267,3
mnist_mlp,scratch,50000,181,37477,0.003,0.001,586,3.00032,150016,0.07591859743754069,0.97784,0.11184675954182943,0.9698666666666668,379.229261993741,0.18961463099687048,0.2655332284344112,0.30146139053869997,0.003374108469861633,0.0011262326580241168,0.004569975253303691,0.0011015141094571814,4.992810046481431,0.0024964050232407055,0.004950267703501407,0.006353207249867769,3
mnist_mlp,scratch,50000,181,37477,0.003,0.003,586,3.00032,150016,0.07621668825785319,0.9777866666666667,0.11231900634765625,0.9695999999999999,378.2270120618244,0.5673405180927366,0.6435572063505898,0.6796595244403928,0.0031996425764864735,0.0010416013312843598,0.004422490872924017,0.0005291502622129385,4.758032078229293,0.007137048117343931,0.008796768237918088,0.00941199098369895,3
mnist_mlp,scratch,50000,181,37477,0.003,0.01,586,3.00032,150016,0.0757929222869873,0.97772,0.11289197591145833,0.9702000000000001,373.78457070328295,1.8689228535164146,1.9447157758034022,1.981814829427873,0.0037073567683891676,0.0010999999999999899,0.002518665415095027,0.0003464101615138174,4.268134228663476,0.021340671143317533,0.022652333333858514,0.021677992259167222,3
mnist_mlp,scratch,50000,181,37477,0.003,0.03,586,3.00032,150016,0.07622056098937989,0.9776533333333334,0.11252439931233725,0.9699333333333334,361.9176450241357,5.428764675362035,5.504985236351415,5.541289074674373,0.0041704795996302816,0.0013996189957747012,0.0026986125186034856,0.0005033222956846888,4.068707215290818,0.06103060822936217,0.060972079768480576,0.060660989272483826,3
mnist_mlp,scratch,50000,256,53002,0.003,0.0,586,3.00032,150016,0.07341138061523438,0.9786733333333334,0.12369376729329427,0.9706666666666667,474.0523406503101,0.0,0.07341138061523438,0.12369376729329427,0.003389140970001018,0.0011402338941345629,0.02465763060819494,0.0018147543451755136,3.3345018330117115,0.0,0.003389140970001018,0.02465763060819494,3
mnist_mlp,scratch,50000,256,53002,0.003,1e-06,586,3.00032,150016,0.07341138061523438,0.9786733333333334,0.12369376729329427,0.9706666666666667,474.0523406503101,0.00023702617032515504,0.07364840678555952,0.12393079346361942,0.0033891409700010193,0.0011402338941345885,0.024657630608194932,0.0018147543451755136,3.334501833011699,1.6672509165058658e-06,0.003388896967209626,0.024656896036785787,3
mnist_mlp,scratch,50000,256,53002,0.003,3e-06,586,3.00032,150016,0.07341138061523438,0.9786733333333334,0.12369376729329427,0.9706666666666667,474.0523406503101,0.0007110785109754651,0.07412245912620984,0.12440484580426973,0.0033891409700010193,0.0011402338941345885,0.024657630608194932,0.0018147543451755136,3.334501833011699,5.001752749517515e-06,0.003388411370002551,0.024655427166540005,3
mnist_mlp,scratch,50000,256,53002,0.003,1e-05,586,3.00032,150016,0.07370398709615071,0.9788733333333334,0.1236526158650716,0.9708,474.0119192674756,0.0023700595963373782,0.07607404669248809,0.126022675461409,0.0029339890043988542,0.0010819118879711626,0.022976663302237178,0.002749545416973492,4.2923755230761005,2.146187761538052e-05,0.0029397356659497877,0.022972030861192667,3
mnist_mlp,scratch,50000,256,53002,0.003,3e-05,586,3.00032,150016,0.0734244716389974,0.9791599999999999,0.12398071390787761,0.9714666666666667,473.80773338923854,0.0071071160008385785,0.08053158763983598,0.13108782990871617,0.0034127185352271364,0.001074057726567779,0.024823939320931514,0.0022300971578236724,3.8874174011208886,5.8311261016813365e-05,0.0034194653558767803,0.024804852464324862,3
mnist_mlp,scratch,50000,256,53002,0.003,0.0001,586,3.00032,150016,0.07396473754882814,0.97892,0.12172662607828777,0.971,473.76197277816635,0.023688098638908316,0.09765283618773646,0.14541472471719608,0.00311297459233176,0.0012315843454672832,0.017793846609950977,0.0017320508075688787,4.799871987231373,0.00023999359936156822,0.003147116195331392,0.01770687377551149,3
mnist_mlp,scratch,50000,256,53002,0.003,0.0003,586,3.00032,150016,0.07279200945536296,0.9791666666666666,0.12215359191894531,0.9714,473.155768825983,0.07097336532389743,0.1437653747792604,0.19312695724284276,0.0027982667715022746,0.0007777746031681183,0.022939690510870296,0.001708800749063474,3.5427101020907927,0.0005314065153136214,0.002799279031002311,0.022754970076857457,3
mnist_mlp,scratch,50000,256,53002,0.003,0.001,586,3.00032,150016,0.0739097546641032,0.9788800000000001,0.12383209177652994,0.9703333333333334,473.12669946439564,0.23656334973219784,0.310473104396301,0.3603954415087278,0.0027755664087365413,0.00095686989711245,0.021895870218968643,0.0010263202878893981,3.814577370884084,0.0019072886854420515,0.00362856928409316,0.02116199933126108,3
mnist_mlp,scratch,50000,256,53002,0.003,0.003,586,3.00032,150016,0.0737356652323405,0.97876,0.12040845794677735,0.9706,471.08540235770243,0.7066281035365537,0.7803637687688942,0.827036561483331,0.002838382574122934,0.0007068238818828745,0.021179475594656584,0.0008000000000000507,2.9091515291816084,0.004363727293772391,0.004944455916763324,0.01910385140279478,3
mnist_mlp,scratch,50000,256,53002,0.003,0.01,586,3.00032,150016,0.07405687105814616,0.97876,0.12068684997558594,0.9713333333333334,466.326475178202,2.33163237589101,2.405689246949156,2.4523192258665962,0.002356200219036426,0.0011447270417002837,0.02306745539084304,0.001973153144926517,3.4450692308618716,0.017225346154309363,0.018201400336129787,0.02454496749614647,3
mnist_mlp,scratch,50000,256,53002,0.003,0.03,586,3.00032,150016,0.07287536666870116,0.9786999999999999,0.12245835978190105,0.9698666666666668,449.26856845182675,6.739028526777401,6.811903893446103,6.861486886559302,0.004197676433556585,0.0006636264009214751,0.02523651917168075,0.0019008769905844462,0.3262199102137726,0.00489329865320603,0.005591396940730411,0.025867526265435266,3
